
  .   ____          _            __ _ _
 /\\ / ___'_ __ _ _(_)_ __  __ _ \ \ \ \
( ( )\___ | '_ | '_| | '_ \/ _` | \ \ \ \
 \\/  ___)| |_)| | | | | || (_| |  ) ) ) )
  '  |____| .__|_| |_|_| |_\__, | / / / /
 =========|_|==============|___/=/_/_/_/
 :: Spring Boot ::                (v3.2.3)

2026-04-27 16:01:16,320 {yyyy-MM-dd HH:mm:ss} - INFO - com.example.callcenter.CallCenterApplication - Starting CallCenterApplication v0.0.1-SNAPSHOT using Java 17.0.18 with PID 15592 (C:\Users\Abir\callcenter-service\target\callcenter-0.0.1-SNAPSHOT.jar started by Abir in C:\Users\Abir\callcenter-service) 
 2026-04-27 16:01:16,328 {yyyy-MM-dd HH:mm:ss} - INFO - com.example.callcenter.CallCenterApplication - No active profile set, falling back to 1 default profile: "default" 
 2026-04-27 16:01:21,088 {yyyy-MM-dd HH:mm:ss} - INFO - o.s.d.r.c.RepositoryConfigurationDelegate - Bootstrapping Spring Data JPA repositories in DEFAULT mode. 
 2026-04-27 16:01:21,535 {yyyy-MM-dd HH:mm:ss} - INFO - o.s.d.r.c.RepositoryConfigurationDelegate - Finished Spring Data repository scanning in 418 ms. Found 13 JPA repository interfaces. 
 2026-04-27 16:01:22,431 {yyyy-MM-dd HH:mm:ss} - INFO - o.s.cloud.context.scope.GenericScope - BeanFactory id=7fcb73bd-38c4-3b0a-9e1f-80793f0cc057 
 2026-04-27 16:01:23,678 {yyyy-MM-dd HH:mm:ss} - WARN - o.s.c.s.PostProcessorRegistrationDelegate$BeanPostProcessorChecker - Bean 'org.springframework.cloud.client.loadbalancer.LoadBalancerAutoConfiguration$RetryInterceptorAutoConfiguration' of type [org.springframework.cloud.client.loadbalancer.LoadBalancerAutoConfiguration$RetryInterceptorAutoConfiguration] is not eligible for getting processed by all BeanPostProcessors (for example: not eligible for auto-proxying). The currently created BeanPostProcessor [lbRestClientPostProcessor] is declared through a non-static factory method on that class; consider declaring it as static instead. 
 2026-04-27 16:01:23,693 {yyyy-MM-dd HH:mm:ss} - WARN - o.s.c.s.PostProcessorRegistrationDelegate$BeanPostProcessorChecker - Bean 'org.springframework.cloud.loadbalancer.config.BlockingLoadBalancerClientAutoConfiguration' of type [org.springframework.cloud.loadbalancer.config.BlockingLoadBalancerClientAutoConfiguration] is not eligible for getting processed by all BeanPostProcessors (for example: not eligible for auto-proxying). Is this bean getting eagerly injected into a currently created BeanPostProcessor [lbRestClientPostProcessor]? Check the corresponding BeanPostProcessor declaration and its dependencies. 
 2026-04-27 16:01:23,699 {yyyy-MM-dd HH:mm:ss} - WARN - o.s.c.s.PostProcessorRegistrationDelegate$BeanPostProcessorChecker - Bean 'org.springframework.cloud.loadbalancer.config.LoadBalancerAutoConfiguration' of type [org.springframework.cloud.loadbalancer.config.LoadBalancerAutoConfiguration] is not eligible for getting processed by all BeanPostProcessors (for example: not eligible for auto-proxying). Is this bean getting eagerly injected into a currently created BeanPostProcessor [lbRestClientPostProcessor]? Check the corresponding BeanPostProcessor declaration and its dependencies. 
 2026-04-27 16:01:23,724 {yyyy-MM-dd HH:mm:ss} - WARN - o.s.c.s.PostProcessorRegistrationDelegate$BeanPostProcessorChecker - Bean 'org.springframework.cloud.commons.config.CommonsConfigAutoConfiguration' of type [org.springframework.cloud.commons.config.CommonsConfigAutoConfiguration] is not eligible for getting processed by all BeanPostProcessors (for example: not eligible for auto-proxying). Is this bean getting eagerly injected into a currently created BeanPostProcessor [lbRestClientPostProcessor]? Check the corresponding BeanPostProcessor declaration and its dependencies. 
 2026-04-27 16:01:23,732 {yyyy-MM-dd HH:mm:ss} - WARN - o.s.c.s.PostProcessorRegistrationDelegate$BeanPostProcessorChecker - Bean 'org.springframework.cloud.client.loadbalancer.LoadBalancerDefaultMappingsProviderAutoConfiguration' of type [org.springframework.cloud.client.loadbalancer.LoadBalancerDefaultMappingsProviderAutoConfiguration] is not eligible for getting processed by all BeanPostProcessors (for example: not eligible for auto-proxying). Is this bean getting eagerly injected into a currently created BeanPostProcessor [lbRestClientPostProcessor]? Check the corresponding BeanPostProcessor declaration and its dependencies. 
 2026-04-27 16:01:23,738 {yyyy-MM-dd HH:mm:ss} - WARN - o.s.c.s.PostProcessorRegistrationDelegate$BeanPostProcessorChecker - Bean 'loadBalancerClientsDefaultsMappingsProvider' of type [org.springframework.cloud.client.loadbalancer.LoadBalancerDefaultMappingsProviderAutoConfiguration$$Lambda$654/0x000002470147dec0] is not eligible for getting processed by all BeanPostProcessors (for example: not eligible for auto-proxying). Is this bean getting eagerly injected into a currently created BeanPostProcessor [lbRestClientPostProcessor]? Check the corresponding BeanPostProcessor declaration and its dependencies. 
 2026-04-27 16:01:23,752 {yyyy-MM-dd HH:mm:ss} - WARN - o.s.c.s.PostProcessorRegistrationDelegate$BeanPostProcessorChecker - Bean 'defaultsBindHandlerAdvisor' of type [org.springframework.cloud.commons.config.DefaultsBindHandlerAdvisor] is not eligible for getting processed by all BeanPostProcessors (for example: not eligible for auto-proxying). Is this bean getting eagerly injected into a currently created BeanPostProcessor [lbRestClientPostProcessor]? Check the corresponding BeanPostProcessor declaration and its dependencies. 
 2026-04-27 16:01:23,768 {yyyy-MM-dd HH:mm:ss} - WARN - o.s.c.s.PostProcessorRegistrationDelegate$BeanPostProcessorChecker - Bean 'spring.cloud.loadbalancer-org.springframework.cloud.client.loadbalancer.LoadBalancerClientsProperties' of type [org.springframework.cloud.client.loadbalancer.LoadBalancerClientsProperties] is not eligible for getting processed by all BeanPostProcessors (for example: not eligible for auto-proxying). Is this bean getting eagerly injected into a currently created BeanPostProcessor [lbRestClientPostProcessor]? Check the corresponding BeanPostProcessor declaration and its dependencies. 
 2026-04-27 16:01:23,783 {yyyy-MM-dd HH:mm:ss} - WARN - o.s.c.s.PostProcessorRegistrationDelegate$BeanPostProcessorChecker - Bean 'default.org.springframework.cloud.loadbalancer.config.LoadBalancerAutoConfiguration.LoadBalancerClientSpecification' of type [org.springframework.cloud.loadbalancer.annotation.LoadBalancerClientSpecification] is not eligible for getting processed by all BeanPostProcessors (for example: not eligible for auto-proxying). Is this bean getting eagerly injected into a currently created BeanPostProcessor [lbRestClientPostProcessor]? Check the corresponding BeanPostProcessor declaration and its dependencies. 
 2026-04-27 16:01:23,783 {yyyy-MM-dd HH:mm:ss} - WARN - o.s.c.s.PostProcessorRegistrationDelegate$BeanPostProcessorChecker - Bean 'default.org.springframework.cloud.loadbalancer.config.BlockingLoadBalancerClientAutoConfiguration.LoadBalancerClientSpecification' of type [org.springframework.cloud.loadbalancer.annotation.LoadBalancerClientSpecification] is not eligible for getting processed by all BeanPostProcessors (for example: not eligible for auto-proxying). Is this bean getting eagerly injected into a currently created BeanPostProcessor [lbRestClientPostProcessor]? Check the corresponding BeanPostProcessor declaration and its dependencies. 
 2026-04-27 16:01:23,792 {yyyy-MM-dd HH:mm:ss} - WARN - o.s.c.s.PostProcessorRegistrationDelegate$BeanPostProcessorChecker - Bean 'loadBalancerClientFactory' of type [org.springframework.cloud.loadbalancer.support.LoadBalancerClientFactory] is not eligible for getting processed by all BeanPostProcessors (for example: not eligible for auto-proxying). Is this bean getting eagerly injected into a currently created BeanPostProcessor [lbRestClientPostProcessor]? Check the corresponding BeanPostProcessor declaration and its dependencies. 
 2026-04-27 16:01:23,812 {yyyy-MM-dd HH:mm:ss} - WARN - o.s.c.s.PostProcessorRegistrationDelegate$BeanPostProcessorChecker - Bean 'blockingLoadBalancerClient' of type [org.springframework.cloud.loadbalancer.blocking.client.BlockingLoadBalancerClient] is not eligible for getting processed by all BeanPostProcessors (for example: not eligible for auto-proxying). Is this bean getting eagerly injected into a currently created BeanPostProcessor [lbRestClientPostProcessor]? Check the corresponding BeanPostProcessor declaration and its dependencies. 
 2026-04-27 16:01:23,842 {yyyy-MM-dd HH:mm:ss} - WARN - o.s.c.s.PostProcessorRegistrationDelegate$BeanPostProcessorChecker - Bean 'loadBalancerServiceInstanceCookieTransformer' of type [org.springframework.cloud.loadbalancer.core.LoadBalancerServiceInstanceCookieTransformer] is not eligible for getting processed by all BeanPostProcessors (for example: not eligible for auto-proxying). Is this bean getting eagerly injected into a currently created BeanPostProcessor [lbRestClientPostProcessor]? Check the corresponding BeanPostProcessor declaration and its dependencies. 
 2026-04-27 16:01:23,845 {yyyy-MM-dd HH:mm:ss} - WARN - o.s.c.s.PostProcessorRegistrationDelegate$BeanPostProcessorChecker - Bean 'xForwarderHeadersTransformer' of type [org.springframework.cloud.loadbalancer.blocking.XForwardedHeadersTransformer] is not eligible for getting processed by all BeanPostProcessors (for example: not eligible for auto-proxying). Is this bean getting eagerly injected into a currently created BeanPostProcessor [lbRestClientPostProcessor]? Check the corresponding BeanPostProcessor declaration and its dependencies. 
 2026-04-27 16:01:23,849 {yyyy-MM-dd HH:mm:ss} - WARN - o.s.c.s.PostProcessorRegistrationDelegate$BeanPostProcessorChecker - Bean 'org.springframework.cloud.client.loadbalancer.LoadBalancerAutoConfiguration' of type [org.springframework.cloud.client.loadbalancer.LoadBalancerAutoConfiguration] is not eligible for getting processed by all BeanPostProcessors (for example: not eligible for auto-proxying). Is this bean getting eagerly injected into a currently created BeanPostProcessor [lbRestClientPostProcessor]? Check the corresponding BeanPostProcessor declaration and its dependencies. 
 2026-04-27 16:01:23,856 {yyyy-MM-dd HH:mm:ss} - WARN - o.s.c.s.PostProcessorRegistrationDelegate$BeanPostProcessorChecker - Bean 'loadBalancerRequestFactory' of type [org.springframework.cloud.client.loadbalancer.LoadBalancerRequestFactory] is not eligible for getting processed by all BeanPostProcessors (for example: not eligible for auto-proxying). Is this bean getting eagerly injected into a currently created BeanPostProcessor [lbRestClientPostProcessor]? Check the corresponding BeanPostProcessor declaration and its dependencies. 
 2026-04-27 16:01:23,856 {yyyy-MM-dd HH:mm:ss} - WARN - o.s.c.s.PostProcessorRegistrationDelegate$BeanPostProcessorChecker - Bean 'org.springframework.cloud.loadbalancer.config.BlockingLoadBalancerClientAutoConfiguration$BlockingLoadBalancerRetryConfig' of type [org.springframework.cloud.loadbalancer.config.BlockingLoadBalancerClientAutoConfiguration$BlockingLoadBalancerRetryConfig$$SpringCGLIB$$0] is not eligible for getting processed by all BeanPostProcessors (for example: not eligible for auto-proxying). Is this bean getting eagerly injected into a currently created BeanPostProcessor [lbRestClientPostProcessor]? Check the corresponding BeanPostProcessor declaration and its dependencies. 
 2026-04-27 16:01:23,876 {yyyy-MM-dd HH:mm:ss} - WARN - o.s.c.s.PostProcessorRegistrationDelegate$BeanPostProcessorChecker - Bean 'loadBalancedRetryFactory' of type [org.springframework.cloud.loadbalancer.blocking.retry.BlockingLoadBalancedRetryFactory] is not eligible for getting processed by all BeanPostProcessors (for example: not eligible for auto-proxying). Is this bean getting eagerly injected into a currently created BeanPostProcessor [lbRestClientPostProcessor]? Check the corresponding BeanPostProcessor declaration and its dependencies. 
 2026-04-27 16:01:23,892 {yyyy-MM-dd HH:mm:ss} - WARN - o.s.c.s.PostProcessorRegistrationDelegate$BeanPostProcessorChecker - Bean 'loadBalancerInterceptor' of type [org.springframework.cloud.client.loadbalancer.RetryLoadBalancerInterceptor] is not eligible for getting processed by all BeanPostProcessors (for example: not eligible for auto-proxying). Is this bean getting eagerly injected into a currently created BeanPostProcessor [lbRestClientPostProcessor]? Check the corresponding BeanPostProcessor declaration and its dependencies. 
 2026-04-27 16:01:23,900 {yyyy-MM-dd HH:mm:ss} - WARN - o.s.c.s.PostProcessorRegistrationDelegate$BeanPostProcessorChecker - Bean 'org.springframework.cloud.client.loadbalancer.reactive.LoadBalancerBeanPostProcessorAutoConfiguration' of type [org.springframework.cloud.client.loadbalancer.reactive.LoadBalancerBeanPostProcessorAutoConfiguration] is not eligible for getting processed by all BeanPostProcessors (for example: not eligible for auto-proxying). The currently created BeanPostProcessor [loadBalancerWebClientBuilderBeanPostProcessor] is declared through a non-static factory method on that class; consider declaring it as static instead. 
 2026-04-27 16:01:23,906 {yyyy-MM-dd HH:mm:ss} - WARN - o.s.c.s.PostProcessorRegistrationDelegate$BeanPostProcessorChecker - Bean 'org.springframework.cloud.client.loadbalancer.reactive.LoadBalancerBeanPostProcessorAutoConfiguration$ReactorDeferringLoadBalancerFilterConfig' of type [org.springframework.cloud.client.loadbalancer.reactive.LoadBalancerBeanPostProcessorAutoConfiguration$ReactorDeferringLoadBalancerFilterConfig] is not eligible for getting processed by all BeanPostProcessors (for example: not eligible for auto-proxying). Is this bean getting eagerly injected into a currently created BeanPostProcessor [loadBalancerWebClientBuilderBeanPostProcessor]? Check the corresponding BeanPostProcessor declaration and its dependencies. 
 2026-04-27 16:01:23,912 {yyyy-MM-dd HH:mm:ss} - WARN - o.s.c.s.PostProcessorRegistrationDelegate$BeanPostProcessorChecker - Bean 'reactorDeferringLoadBalancerExchangeFilterFunction' of type [org.springframework.cloud.client.loadbalancer.reactive.DeferringLoadBalancerExchangeFilterFunction] is not eligible for getting processed by all BeanPostProcessors (for example: not eligible for auto-proxying). Is this bean getting eagerly injected into a currently created BeanPostProcessor [loadBalancerWebClientBuilderBeanPostProcessor]? Check the corresponding BeanPostProcessor declaration and its dependencies. 
 2026-04-27 16:01:24,714 {yyyy-MM-dd HH:mm:ss} - INFO - o.s.boot.web.embedded.tomcat.TomcatWebServer - Tomcat initialized with port 8082 (http) 
 2026-04-27 16:01:24,731 {yyyy-MM-dd HH:mm:ss} - INFO - org.apache.catalina.core.StandardService - Starting service [Tomcat] 
 2026-04-27 16:01:24,731 {yyyy-MM-dd HH:mm:ss} - INFO - org.apache.catalina.core.StandardEngine - Starting Servlet engine: [Apache Tomcat/10.1.19] 
 2026-04-27 16:01:24,867 {yyyy-MM-dd HH:mm:ss} - INFO - o.a.c.c.C.[Tomcat].[localhost].[/api] - Initializing Spring embedded WebApplicationContext 
 2026-04-27 16:01:24,872 {yyyy-MM-dd HH:mm:ss} - INFO - o.s.b.w.s.c.ServletWebServerApplicationContext - Root WebApplicationContext: initialization completed in 8236 ms 
 2026-04-27 16:01:26,209 {yyyy-MM-dd HH:mm:ss} - INFO - org.hibernate.jpa.internal.util.LogHelper - HHH000204: Processing PersistenceUnitInfo [name: default] 
 2026-04-27 16:01:26,754 {yyyy-MM-dd HH:mm:ss} - INFO - org.hibernate.Version - HHH000412: Hibernate ORM core version 6.4.4.Final 
 2026-04-27 16:01:26,902 {yyyy-MM-dd HH:mm:ss} - INFO - o.h.cache.internal.RegionFactoryInitiator - HHH000026: Second-level cache disabled 
 2026-04-27 16:01:27,516 {yyyy-MM-dd HH:mm:ss} - INFO - o.s.o.j.p.SpringPersistenceUnitInfo - No LoadTimeWeaver setup: ignoring JPA class transformer 
 2026-04-27 16:01:27,635 {yyyy-MM-dd HH:mm:ss} - INFO - com.zaxxer.hikari.HikariDataSource - HikariPool-1 - Starting... 
 2026-04-27 16:01:35,707 {yyyy-MM-dd HH:mm:ss} - INFO - com.zaxxer.hikari.pool.HikariPool - HikariPool-1 - Added connection com.mysql.cj.jdbc.ConnectionImpl@79454d8e 
 2026-04-27 16:01:35,711 {yyyy-MM-dd HH:mm:ss} - INFO - com.zaxxer.hikari.HikariDataSource - HikariPool-1 - Start completed. 
 2026-04-27 16:01:38,601 {yyyy-MM-dd HH:mm:ss} - INFO - o.h.e.t.j.p.internal.JtaPlatformInitiator - HHH000489: No JTA platform available (set 'hibernate.transaction.jta.platform' to enable JTA platform integration) 
 2026-04-27 16:01:45,784 {yyyy-MM-dd HH:mm:ss} - DEBUG - org.hibernate.SQL - alter table request modify column category_request enum ('RECLAMATION','PRODUIT','DEVIS','COMMANDE','INTERVENTION') 
 Hibernate: alter table request modify column category_request enum ('RECLAMATION','PRODUIT','DEVIS','COMMANDE','INTERVENTION')
2026-04-27 16:01:45,962 {yyyy-MM-dd HH:mm:ss} - DEBUG - org.hibernate.SQL - alter table request modify column request_type enum ('STATISTICS','INFORMATION') 
 Hibernate: alter table request modify column request_type enum ('STATISTICS','INFORMATION')
2026-04-27 16:01:46,131 {yyyy-MM-dd HH:mm:ss} - DEBUG - org.hibernate.SQL - alter table request modify column status enum ('PENDING','APPROVED','REJECTED','IN_PROGRESS','ASSIGNED','RESOLVED','CLOSED','AUTO_GENERATED') 
 Hibernate: alter table request modify column status enum ('PENDING','APPROVED','REJECTED','IN_PROGRESS','ASSIGNED','RESOLVED','CLOSED','AUTO_GENERATED')
2026-04-27 16:01:46,295 {yyyy-MM-dd HH:mm:ss} - DEBUG - org.hibernate.SQL - alter table user modify column role enum ('SURVEY_REQUESTER','AGENT','MANAGER','ADMIN') 
 Hibernate: alter table user modify column role enum ('SURVEY_REQUESTER','AGENT','MANAGER','ADMIN')
2026-04-27 16:01:50,916 {yyyy-MM-dd HH:mm:ss} - INFO - o.s.o.j.LocalContainerEntityManagerFactoryBean - Initialized JPA EntityManagerFactory for persistence unit 'default' 
 2026-04-27 16:01:54,022 {yyyy-MM-dd HH:mm:ss} - INFO - o.s.d.j.repository.query.QueryEnhancerFactory - Hibernate is in classpath; If applicable, HQL parser will be used. 
 2026-04-27 16:02:01,220 {yyyy-MM-dd HH:mm:ss} - INFO - c.e.callcenter.Service.MinioStorageService - MinIO bucket 'call-center' already exists 
 2026-04-27 16:02:06,121 {yyyy-MM-dd HH:mm:ss} - INFO - o.s.cloud.commons.util.InetUtils - Cannot determine local hostname 
 2026-04-27 16:02:06,289 {yyyy-MM-dd HH:mm:ss} - INFO - o.s.b.a.endpoint.web.EndpointLinksResolver - Exposing 1 endpoint(s) beneath base path '/actuator' 
 2026-04-27 16:02:06,611 {yyyy-MM-dd HH:mm:ss} - INFO - o.s.security.web.DefaultSecurityFilterChain - Will secure any request with [org.springframework.security.web.session.DisableEncodeUrlFilter@853050d, org.springframework.security.web.context.request.async.WebAsyncManagerIntegrationFilter@163d83db, org.springframework.security.web.context.SecurityContextHolderFilter@1b5a471d, org.springframework.security.web.header.HeaderWriterFilter@3b3cc6b1, org.springframework.web.filter.CorsFilter@2c80d2e0, org.springframework.security.web.authentication.logout.LogoutFilter@57dcf976, org.springframework.security.oauth2.server.resource.web.authentication.BearerTokenAuthenticationFilter@2f6867d1, org.springframework.security.web.savedrequest.RequestCacheAwareFilter@2d83ea1b, org.springframework.security.web.servletapi.SecurityContextHolderAwareRequestFilter@48d8ab86, org.springframework.security.web.authentication.AnonymousAuthenticationFilter@545fb9e, org.springframework.security.web.session.SessionManagementFilter@7343135a, org.springframework.security.web.access.ExceptionTranslationFilter@27f8fdfb, org.springframework.security.web.access.intercept.AuthorizationFilter@61075589] 
 2026-04-27 16:02:09,737 {yyyy-MM-dd HH:mm:ss} - INFO - o.s.cloud.commons.util.InetUtils - Cannot determine local hostname 
 2026-04-27 16:02:09,790 {yyyy-MM-dd HH:mm:ss} - INFO - o.s.c.n.e.c.DiscoveryClientOptionalArgsConfiguration - Eureka HTTP Client uses RestTemplate. 
 2026-04-27 16:02:09,982 {yyyy-MM-dd HH:mm:ss} - WARN - o.s.c.l.c.LoadBalancerCacheAutoConfiguration$LoadBalancerCaffeineWarnLogger - Spring Cloud LoadBalancer is currently working with the default cache. While this cache implementation is useful for development and tests, it's recommended to use Caffeine cache in production.You can switch to using Caffeine cache, by adding it and org.springframework.cache.caffeine.CaffeineCacheManager to the classpath. 
 2026-04-27 16:02:10,476 {yyyy-MM-dd HH:mm:ss} - INFO - o.s.boot.web.embedded.tomcat.TomcatWebServer - Tomcat started on port 8082 (http) with context path '/api' 
 2026-04-27 16:02:10,750 {yyyy-MM-dd HH:mm:ss} - INFO - o.a.c.c.C.[Tomcat].[localhost].[/api] - Initializing Spring DispatcherServlet 'dispatcherServlet' 
 2026-04-27 16:02:10,751 {yyyy-MM-dd HH:mm:ss} - INFO - o.s.web.servlet.DispatcherServlet - Initializing Servlet 'dispatcherServlet' 
 2026-04-27 16:02:10,755 {yyyy-MM-dd HH:mm:ss} - INFO - o.s.web.servlet.DispatcherServlet - Completed initialization in 3 ms 
 2026-04-27 16:02:12,208 {yyyy-MM-dd HH:mm:ss} - INFO - o.s.cloud.commons.util.InetUtils - Cannot determine local hostname 
 2026-04-27 16:02:13,584 {yyyy-MM-dd HH:mm:ss} - INFO - o.s.cloud.commons.util.InetUtils - Cannot determine local hostname 
 2026-04-27 16:02:13,585 {yyyy-MM-dd HH:mm:ss} - INFO - o.s.m.simp.broker.SimpleBrokerMessageHandler - Starting... 
 2026-04-27 16:02:13,586 {yyyy-MM-dd HH:mm:ss} - INFO - o.s.m.simp.broker.SimpleBrokerMessageHandler - BrokerAvailabilityEvent[available=true, SimpleBrokerMessageHandler [org.springframework.messaging.simp.broker.DefaultSubscriptionRegistry@2204dff6]] 
 2026-04-27 16:02:13,587 {yyyy-MM-dd HH:mm:ss} - INFO - o.s.m.simp.broker.SimpleBrokerMessageHandler - Started. 
 2026-04-27 16:02:13,654 {yyyy-MM-dd HH:mm:ss} - INFO - com.example.callcenter.CallCenterApplication - Started CallCenterApplication in 60.09 seconds (process running for 61.762) 
 2026-04-27 16:02:15,438 {yyyy-MM-dd HH:mm:ss} - INFO - c.e.callcenter.Service.NotificationService - Checking for due callbacks... 
 2026-04-27 16:02:15,438 {yyyy-MM-dd HH:mm:ss} - INFO - c.e.callcenter.Service.NotificationService - === SCHEDULED METHOD RUNNING: checkUpcomingCallbacks === 
 2026-04-27 16:02:15,438 {yyyy-MM-dd HH:mm:ss} - INFO - c.e.callcenter.Service.NotificationService - Calling contact-service for upcoming callbacks... 
 2026-04-27 16:02:15,869 {yyyy-MM-dd HH:mm:ss} - ERROR - c.e.callcenter.Service.NotificationService - Error checking upcoming callbacks 
 feign.RetryableException: Connection refused: getsockopt executing GET http://localhost:8081/api/callbacks/upcoming
	at feign.FeignException.errorExecuting(FeignException.java:278)
	at feign.SynchronousMethodHandler.executeAndDecode(SynchronousMethodHandler.java:110)
	at feign.SynchronousMethodHandler.invoke(SynchronousMethodHandler.java:70)
	at feign.ReflectiveFeign$FeignInvocationHandler.invoke(ReflectiveFeign.java:99)
	at jdk.proxy2/jdk.proxy2.$Proxy233.getUpcomingCallbacks(Unknown Source)
	at com.example.callcenter.Service.NotificationService.checkUpcomingCallbacks(NotificationService.java:107)
	at java.base/jdk.internal.reflect.NativeMethodAccessorImpl.invoke0(Native Method)
	at java.base/jdk.internal.reflect.NativeMethodAccessorImpl.invoke(NativeMethodAccessorImpl.java:77)
	at java.base/jdk.internal.reflect.DelegatingMethodAccessorImpl.invoke(DelegatingMethodAccessorImpl.java:43)
	at java.base/java.lang.reflect.Method.invoke(Method.java:569)
	at org.springframework.aop.support.AopUtils.invokeJoinpointUsingReflection(AopUtils.java:351)
	at org.springframework.aop.framework.ReflectiveMethodInvocation.invokeJoinpoint(ReflectiveMethodInvocation.java:196)
	at org.springframework.aop.framework.ReflectiveMethodInvocation.proceed(ReflectiveMethodInvocation.java:163)
	at org.springframework.aop.framework.CglibAopProxy$CglibMethodInvocation.proceed(CglibAopProxy.java:765)
	at org.springframework.transaction.interceptor.TransactionInterceptor$1.proceedWithInvocation(TransactionInterceptor.java:123)
	at org.springframework.transaction.interceptor.TransactionAspectSupport.invokeWithinTransaction(TransactionAspectSupport.java:385)
	at org.springframework.transaction.interceptor.TransactionInterceptor.invoke(TransactionInterceptor.java:119)
	at org.springframework.aop.framework.ReflectiveMethodInvocation.proceed(ReflectiveMethodInvocation.java:184)
	at org.springframework.aop.framework.CglibAopProxy$CglibMethodInvocation.proceed(CglibAopProxy.java:765)
	at org.springframework.aop.framework.CglibAopProxy$DynamicAdvisedInterceptor.intercept(CglibAopProxy.java:717)
	at com.example.callcenter.Service.NotificationService$$SpringCGLIB$$0.checkUpcomingCallbacks(<generated>)
	at java.base/jdk.internal.reflect.NativeMethodAccessorImpl.invoke0(Native Method)
	at java.base/jdk.internal.reflect.NativeMethodAccessorImpl.invoke(NativeMethodAccessorImpl.java:77)
	at java.base/jdk.internal.reflect.DelegatingMethodAccessorImpl.invoke(DelegatingMethodAccessorImpl.java:43)
	at java.base/java.lang.reflect.Method.invoke(Method.java:569)
	at org.springframework.scheduling.support.ScheduledMethodRunnable.runInternal(ScheduledMethodRunnable.java:130)
	at org.springframework.scheduling.support.ScheduledMethodRunnable.lambda$run$2(ScheduledMethodRunnable.java:124)
	at io.micrometer.observation.Observation.observe(Observation.java:499)
	at org.springframework.scheduling.support.ScheduledMethodRunnable.run(ScheduledMethodRunnable.java:124)
	at org.springframework.scheduling.support.DelegatingErrorHandlingRunnable.run(DelegatingErrorHandlingRunnable.java:54)
	at java.base/java.util.concurrent.Executors$RunnableAdapter.call(Executors.java:539)
	at java.base/java.util.concurrent.FutureTask.runAndReset(FutureTask.java:305)
	at java.base/java.util.concurrent.ScheduledThreadPoolExecutor$ScheduledFutureTask.run(ScheduledThreadPoolExecutor.java:305)
	at java.base/java.util.concurrent.ThreadPoolExecutor.runWorker(ThreadPoolExecutor.java:1136)
	at java.base/java.util.concurrent.ThreadPoolExecutor$Worker.run(ThreadPoolExecutor.java:635)
	at java.base/java.lang.Thread.run(Thread.java:840)
Caused by: java.net.ConnectException: Connection refused: getsockopt
	at java.base/sun.nio.ch.Net.pollConnect(Native Method)
	at java.base/sun.nio.ch.Net.pollConnectNow(Net.java:684)
	at java.base/sun.nio.ch.NioSocketImpl.timedFinishConnect(NioSocketImpl.java:547)
	at java.base/sun.nio.ch.NioSocketImpl.connect(NioSocketImpl.java:602)
	at java.base/java.net.Socket.connect(Socket.java:633)
	at java.base/sun.net.NetworkClient.doConnect(NetworkClient.java:178)
	at java.base/sun.net.www.http.HttpClient.openServer(HttpClient.java:533)
	at java.base/sun.net.www.http.HttpClient.openServer(HttpClient.java:638)
	at java.base/sun.net.www.http.HttpClient.<init>(HttpClient.java:283)
	at java.base/sun.net.www.http.HttpClient.New(HttpClient.java:386)
	at java.base/sun.net.www.http.HttpClient.New(HttpClient.java:408)
	at java.base/sun.net.www.protocol.http.HttpURLConnection.getNewHttpClient(HttpURLConnection.java:1329)
	at java.base/sun.net.www.protocol.http.HttpURLConnection.plainConnect0(HttpURLConnection.java:1262)
	at java.base/sun.net.www.protocol.http.HttpURLConnection.plainConnect(HttpURLConnection.java:1148)
	at java.base/sun.net.www.protocol.http.HttpURLConnection.connect(HttpURLConnection.java:1077)
	at java.base/sun.net.www.protocol.http.HttpURLConnection.getInputStream0(HttpURLConnection.java:1717)
	at java.base/sun.net.www.protocol.http.HttpURLConnection.getInputStream(HttpURLConnection.java:1641)
	at java.base/java.net.HttpURLConnection.getResponseCode(HttpURLConnection.java:529)
	at feign.Client$Default.convertResponse(Client.java:111)
	at feign.Client$Default.execute(Client.java:107)
	at feign.SynchronousMethodHandler.executeAndDecode(SynchronousMethodHandler.java:100)
	... 34 common frames omitted
2026-04-27 16:02:15,869 {yyyy-MM-dd HH:mm:ss} - ERROR - c.e.callcenter.Service.NotificationService - Error checking due callbacks 
 feign.RetryableException: Connection refused: getsockopt executing GET http://localhost:8081/api/callbacks/upcoming
	at feign.FeignException.errorExecuting(FeignException.java:278)
	at feign.SynchronousMethodHandler.executeAndDecode(SynchronousMethodHandler.java:110)
	at feign.SynchronousMethodHandler.invoke(SynchronousMethodHandler.java:70)
	at feign.ReflectiveFeign$FeignInvocationHandler.invoke(ReflectiveFeign.java:99)
	at jdk.proxy2/jdk.proxy2.$Proxy233.getUpcomingCallbacks(Unknown Source)
	at com.example.callcenter.Service.NotificationService.checkDueCallbacks(NotificationService.java:137)
	at java.base/jdk.internal.reflect.NativeMethodAccessorImpl.invoke0(Native Method)
	at java.base/jdk.internal.reflect.NativeMethodAccessorImpl.invoke(NativeMethodAccessorImpl.java:77)
	at java.base/jdk.internal.reflect.DelegatingMethodAccessorImpl.invoke(DelegatingMethodAccessorImpl.java:43)
	at java.base/java.lang.reflect.Method.invoke(Method.java:569)
	at org.springframework.aop.support.AopUtils.invokeJoinpointUsingReflection(AopUtils.java:351)
	at org.springframework.aop.framework.ReflectiveMethodInvocation.invokeJoinpoint(ReflectiveMethodInvocation.java:196)
	at org.springframework.aop.framework.ReflectiveMethodInvocation.proceed(ReflectiveMethodInvocation.java:163)
	at org.springframework.aop.framework.CglibAopProxy$CglibMethodInvocation.proceed(CglibAopProxy.java:765)
	at org.springframework.transaction.interceptor.TransactionInterceptor$1.proceedWithInvocation(TransactionInterceptor.java:123)
	at org.springframework.transaction.interceptor.TransactionAspectSupport.invokeWithinTransaction(TransactionAspectSupport.java:385)
	at org.springframework.transaction.interceptor.TransactionInterceptor.invoke(TransactionInterceptor.java:119)
	at org.springframework.aop.framework.ReflectiveMethodInvocation.proceed(ReflectiveMethodInvocation.java:184)
	at org.springframework.aop.framework.CglibAopProxy$CglibMethodInvocation.proceed(CglibAopProxy.java:765)
	at org.springframework.aop.framework.CglibAopProxy$DynamicAdvisedInterceptor.intercept(CglibAopProxy.java:717)
	at com.example.callcenter.Service.NotificationService$$SpringCGLIB$$0.checkDueCallbacks(<generated>)
	at java.base/jdk.internal.reflect.NativeMethodAccessorImpl.invoke0(Native Method)
	at java.base/jdk.internal.reflect.NativeMethodAccessorImpl.invoke(NativeMethodAccessorImpl.java:77)
	at java.base/jdk.internal.reflect.DelegatingMethodAccessorImpl.invoke(DelegatingMethodAccessorImpl.java:43)
	at java.base/java.lang.reflect.Method.invoke(Method.java:569)
	at org.springframework.scheduling.support.ScheduledMethodRunnable.runInternal(ScheduledMethodRunnable.java:130)
	at org.springframework.scheduling.support.ScheduledMethodRunnable.lambda$run$2(ScheduledMethodRunnable.java:124)
	at io.micrometer.observation.Observation.observe(Observation.java:499)
	at org.springframework.scheduling.support.ScheduledMethodRunnable.run(ScheduledMethodRunnable.java:124)
	at org.springframework.scheduling.support.DelegatingErrorHandlingRunnable.run(DelegatingErrorHandlingRunnable.java:54)
	at java.base/java.util.concurrent.Executors$RunnableAdapter.call(Executors.java:539)
	at java.base/java.util.concurrent.FutureTask.runAndReset(FutureTask.java:305)
	at java.base/java.util.concurrent.ScheduledThreadPoolExecutor$ScheduledFutureTask.run(ScheduledThreadPoolExecutor.java:305)
	at java.base/java.util.concurrent.ThreadPoolExecutor.runWorker(ThreadPoolExecutor.java:1136)
	at java.base/java.util.concurrent.ThreadPoolExecutor$Worker.run(ThreadPoolExecutor.java:635)
	at java.base/java.lang.Thread.run(Thread.java:840)
Caused by: java.net.ConnectException: Connection refused: getsockopt
	at java.base/sun.nio.ch.Net.pollConnect(Native Method)
	at java.base/sun.nio.ch.Net.pollConnectNow(Net.java:684)
	at java.base/sun.nio.ch.NioSocketImpl.timedFinishConnect(NioSocketImpl.java:547)
	at java.base/sun.nio.ch.NioSocketImpl.connect(NioSocketImpl.java:602)
	at java.base/java.net.Socket.connect(Socket.java:633)
	at java.base/sun.net.NetworkClient.doConnect(NetworkClient.java:178)
	at java.base/sun.net.www.http.HttpClient.openServer(HttpClient.java:533)
	at java.base/sun.net.www.http.HttpClient.openServer(HttpClient.java:638)
	at java.base/sun.net.www.http.HttpClient.<init>(HttpClient.java:283)
	at java.base/sun.net.www.http.HttpClient.New(HttpClient.java:386)
	at java.base/sun.net.www.http.HttpClient.New(HttpClient.java:408)
	at java.base/sun.net.www.protocol.http.HttpURLConnection.getNewHttpClient(HttpURLConnection.java:1329)
	at java.base/sun.net.www.protocol.http.HttpURLConnection.plainConnect0(HttpURLConnection.java:1262)
	at java.base/sun.net.www.protocol.http.HttpURLConnection.plainConnect(HttpURLConnection.java:1148)
	at java.base/sun.net.www.protocol.http.HttpURLConnection.connect(HttpURLConnection.java:1077)
	at java.base/sun.net.www.protocol.http.HttpURLConnection.getInputStream0(HttpURLConnection.java:1717)
	at java.base/sun.net.www.protocol.http.HttpURLConnection.getInputStream(HttpURLConnection.java:1641)
	at java.base/java.net.HttpURLConnection.getResponseCode(HttpURLConnection.java:529)
	at feign.Client$Default.convertResponse(Client.java:111)
	at feign.Client$Default.execute(Client.java:107)
	at feign.SynchronousMethodHandler.executeAndDecode(SynchronousMethodHandler.java:100)
	... 34 common frames omitted
2026-04-27 16:03:10,113 {yyyy-MM-dd HH:mm:ss} - INFO - o.s.w.s.config.WebSocketMessageBrokerStats - WebSocketSession[0 current WS(0)-HttpStream(0)-HttpPoll(0), 1 total, 0 closed abnormally (0 connect failure, 0 send limit, 0 transport error)], stompSubProtocol[processed CONNECT(1)-CONNECTED(0)-DISCONNECT(0)], stompBrokerRelay[null], inboundChannel[pool size = 3, active threads = 0, queued tasks = 0, completed tasks = 3], outboundChannel[pool size = 1, active threads = 0, queued tasks = 0, completed tasks = 1], sockJsScheduler[pool size = 8, active threads = 1, queued tasks = 5, completed tasks = 16] 
 2026-04-27 16:03:10,467 {yyyy-MM-dd HH:mm:ss} - DEBUG - org.hibernate.SQL - select u1_0.id_user,u1_0.email,u1_0.enabled,u1_0.full_name,u1_0.role,u1_0.username from user u1_0 where u1_0.username=? 
 Hibernate: select u1_0.id_user,u1_0.email,u1_0.enabled,u1_0.full_name,u1_0.role,u1_0.username from user u1_0 where u1_0.username=?
2026-04-27 16:03:11,731 {yyyy-MM-dd HH:mm:ss} - DEBUG - org.hibernate.SQL - select r1_0.idr,a1_0.id_user,a1_0.email,a1_0.enabled,a1_0.full_name,a1_0.role,a1_0.username,r1_0.attachment_path,r1_0.category_request,r1_0.created_at,r1_0.deadline,r1_0.description,r1_0.note,r1_0.priority,r2_0.id,r2_0.ai_generated_date,r2_0.ai_insights_data,r2_0.approved_date,r2_0.contact_rate,r2_0.contacted_contacts,r2_0.generated_date,r2_0.pdf_path,r2_0.request_title,r2_0.request_type,r2_0.sent_date,r2_0.statistics_data,r2_0.status,r2_0.total_contacts,r1_0.request_type,r1_0.status,r1_0.title,r1_0.updated_at,u1_0.id_user,u1_0.email,u1_0.enabled,u1_0.full_name,u1_0.role,u1_0.username from request r1_0 left join user a1_0 on a1_0.id_user=r1_0.agent_id left join report r2_0 on r2_0.id=r1_0.report_id left join user u1_0 on u1_0.id_user=r1_0.user_id 
 Hibernate: select r1_0.idr,a1_0.id_user,a1_0.email,a1_0.enabled,a1_0.full_name,a1_0.role,a1_0.username,r1_0.attachment_path,r1_0.category_request,r1_0.created_at,r1_0.deadline,r1_0.description,r1_0.note,r1_0.priority,r2_0.id,r2_0.ai_generated_date,r2_0.ai_insights_data,r2_0.approved_date,r2_0.contact_rate,r2_0.contacted_contacts,r2_0.generated_date,r2_0.pdf_path,r2_0.request_title,r2_0.request_type,r2_0.sent_date,r2_0.statistics_data,r2_0.status,r2_0.total_contacts,r1_0.request_type,r1_0.status,r1_0.title,r1_0.updated_at,u1_0.id_user,u1_0.email,u1_0.enabled,u1_0.full_name,u1_0.role,u1_0.username from request r1_0 left join user a1_0 on a1_0.id_user=r1_0.agent_id left join report r2_0 on r2_0.id=r1_0.report_id left join user u1_0 on u1_0.id_user=r1_0.user_id
2026-04-27 16:03:11,752 {yyyy-MM-dd HH:mm:ss} - DEBUG - org.hibernate.SQL - select n1_0.id,n1_0.agent_id_user,n1_0.is_read,n1_0.message,n1_0.timestamp,n1_0.type from notification n1_0 left join user a1_0 on a1_0.id_user=n1_0.agent_id_user where a1_0.id_user=? order by n1_0.timestamp desc 
 Hibernate: select n1_0.id,n1_0.agent_id_user,n1_0.is_read,n1_0.message,n1_0.timestamp,n1_0.type from notification n1_0 left join user a1_0 on a1_0.id_user=n1_0.agent_id_user where a1_0.id_user=? order by n1_0.timestamp desc
2026-04-27 16:03:12,305 {yyyy-MM-dd HH:mm:ss} - DEBUG - org.hibernate.SQL - select r1_0.idr,a1_0.id_user,a1_0.email,a1_0.enabled,a1_0.full_name,a1_0.role,a1_0.username,r1_0.attachment_path,r1_0.category_request,r1_0.created_at,r1_0.deadline,r1_0.description,r1_0.note,r1_0.priority,r2_0.id,r2_0.ai_generated_date,r2_0.ai_insights_data,r2_0.approved_date,r2_0.contact_rate,r2_0.contacted_contacts,r2_0.generated_date,r2_0.pdf_path,r2_0.request_title,r2_0.request_type,r2_0.sent_date,r2_0.statistics_data,r2_0.status,r2_0.total_contacts,r1_0.request_type,r1_0.status,r1_0.title,r1_0.updated_at,u1_0.id_user,u1_0.email,u1_0.enabled,u1_0.full_name,u1_0.role,u1_0.username from request r1_0 left join user a1_0 on a1_0.id_user=r1_0.agent_id left join report r2_0 on r2_0.id=r1_0.report_id left join user u1_0 on u1_0.id_user=r1_0.user_id where r1_0.report_id=? 
 Hibernate: select r1_0.idr,a1_0.id_user,a1_0.email,a1_0.enabled,a1_0.full_name,a1_0.role,a1_0.username,r1_0.attachment_path,r1_0.category_request,r1_0.created_at,r1_0.deadline,r1_0.description,r1_0.note,r1_0.priority,r2_0.id,r2_0.ai_generated_date,r2_0.ai_insights_data,r2_0.approved_date,r2_0.contact_rate,r2_0.contacted_contacts,r2_0.generated_date,r2_0.pdf_path,r2_0.request_title,r2_0.request_type,r2_0.sent_date,r2_0.statistics_data,r2_0.status,r2_0.total_contacts,r1_0.request_type,r1_0.status,r1_0.title,r1_0.updated_at,u1_0.id_user,u1_0.email,u1_0.enabled,u1_0.full_name,u1_0.role,u1_0.username from request r1_0 left join user a1_0 on a1_0.id_user=r1_0.agent_id left join report r2_0 on r2_0.id=r1_0.report_id left join user u1_0 on u1_0.id_user=r1_0.user_id where r1_0.report_id=?
2026-04-27 16:03:12,502 {yyyy-MM-dd HH:mm:ss} - DEBUG - org.hibernate.SQL - select r1_0.idr,a1_0.id_user,a1_0.email,a1_0.enabled,a1_0.full_name,a1_0.role,a1_0.username,r1_0.attachment_path,r1_0.category_request,r1_0.created_at,r1_0.deadline,r1_0.description,r1_0.note,r1_0.priority,r2_0.id,r2_0.ai_generated_date,r2_0.ai_insights_data,r2_0.approved_date,r2_0.contact_rate,r2_0.contacted_contacts,r2_0.generated_date,r2_0.pdf_path,r2_0.request_title,r2_0.request_type,r2_0.sent_date,r2_0.statistics_data,r2_0.status,r2_0.total_contacts,r1_0.request_type,r1_0.status,r1_0.title,r1_0.updated_at,u1_0.id_user,u1_0.email,u1_0.enabled,u1_0.full_name,u1_0.role,u1_0.username from request r1_0 left join user a1_0 on a1_0.id_user=r1_0.agent_id left join report r2_0 on r2_0.id=r1_0.report_id left join user u1_0 on u1_0.id_user=r1_0.user_id where r1_0.report_id=? 
 Hibernate: select r1_0.idr,a1_0.id_user,a1_0.email,a1_0.enabled,a1_0.full_name,a1_0.role,a1_0.username,r1_0.attachment_path,r1_0.category_request,r1_0.created_at,r1_0.deadline,r1_0.description,r1_0.note,r1_0.priority,r2_0.id,r2_0.ai_generated_date,r2_0.ai_insights_data,r2_0.approved_date,r2_0.contact_rate,r2_0.contacted_contacts,r2_0.generated_date,r2_0.pdf_path,r2_0.request_title,r2_0.request_type,r2_0.sent_date,r2_0.statistics_data,r2_0.status,r2_0.total_contacts,r1_0.request_type,r1_0.status,r1_0.title,r1_0.updated_at,u1_0.id_user,u1_0.email,u1_0.enabled,u1_0.full_name,u1_0.role,u1_0.username from request r1_0 left join user a1_0 on a1_0.id_user=r1_0.agent_id left join report r2_0 on r2_0.id=r1_0.report_id left join user u1_0 on u1_0.id_user=r1_0.user_id where r1_0.report_id=?
2026-04-27 16:03:12,624 {yyyy-MM-dd HH:mm:ss} - DEBUG - org.hibernate.SQL - select r1_0.idr,a1_0.id_user,a1_0.email,a1_0.enabled,a1_0.full_name,a1_0.role,a1_0.username,r1_0.attachment_path,r1_0.category_request,r1_0.created_at,r1_0.deadline,r1_0.description,r1_0.note,r1_0.priority,r2_0.id,r2_0.ai_generated_date,r2_0.ai_insights_data,r2_0.approved_date,r2_0.contact_rate,r2_0.contacted_contacts,r2_0.generated_date,r2_0.pdf_path,r2_0.request_title,r2_0.request_type,r2_0.sent_date,r2_0.statistics_data,r2_0.status,r2_0.total_contacts,r1_0.request_type,r1_0.status,r1_0.title,r1_0.updated_at,u1_0.id_user,u1_0.email,u1_0.enabled,u1_0.full_name,u1_0.role,u1_0.username from request r1_0 left join user a1_0 on a1_0.id_user=r1_0.agent_id left join report r2_0 on r2_0.id=r1_0.report_id left join user u1_0 on u1_0.id_user=r1_0.user_id where r1_0.report_id=? 
 Hibernate: select r1_0.idr,a1_0.id_user,a1_0.email,a1_0.enabled,a1_0.full_name,a1_0.role,a1_0.username,r1_0.attachment_path,r1_0.category_request,r1_0.created_at,r1_0.deadline,r1_0.description,r1_0.note,r1_0.priority,r2_0.id,r2_0.ai_generated_date,r2_0.ai_insights_data,r2_0.approved_date,r2_0.contact_rate,r2_0.contacted_contacts,r2_0.generated_date,r2_0.pdf_path,r2_0.request_title,r2_0.request_type,r2_0.sent_date,r2_0.statistics_data,r2_0.status,r2_0.total_contacts,r1_0.request_type,r1_0.status,r1_0.title,r1_0.updated_at,u1_0.id_user,u1_0.email,u1_0.enabled,u1_0.full_name,u1_0.role,u1_0.username from request r1_0 left join user a1_0 on a1_0.id_user=r1_0.agent_id left join report r2_0 on r2_0.id=r1_0.report_id left join user u1_0 on u1_0.id_user=r1_0.user_id where r1_0.report_id=?
2026-04-27 16:03:12,800 {yyyy-MM-dd HH:mm:ss} - DEBUG - org.hibernate.SQL - select r1_0.idr,a1_0.id_user,a1_0.email,a1_0.enabled,a1_0.full_name,a1_0.role,a1_0.username,r1_0.attachment_path,r1_0.category_request,r1_0.created_at,r1_0.deadline,r1_0.description,r1_0.note,r1_0.priority,r2_0.id,r2_0.ai_generated_date,r2_0.ai_insights_data,r2_0.approved_date,r2_0.contact_rate,r2_0.contacted_contacts,r2_0.generated_date,r2_0.pdf_path,r2_0.request_title,r2_0.request_type,r2_0.sent_date,r2_0.statistics_data,r2_0.status,r2_0.total_contacts,r1_0.request_type,r1_0.status,r1_0.title,r1_0.updated_at,u1_0.id_user,u1_0.email,u1_0.enabled,u1_0.full_name,u1_0.role,u1_0.username from request r1_0 left join user a1_0 on a1_0.id_user=r1_0.agent_id left join report r2_0 on r2_0.id=r1_0.report_id left join user u1_0 on u1_0.id_user=r1_0.user_id where r1_0.report_id=? 
 Hibernate: select r1_0.idr,a1_0.id_user,a1_0.email,a1_0.enabled,a1_0.full_name,a1_0.role,a1_0.username,r1_0.attachment_path,r1_0.category_request,r1_0.created_at,r1_0.deadline,r1_0.description,r1_0.note,r1_0.priority,r2_0.id,r2_0.ai_generated_date,r2_0.ai_insights_data,r2_0.approved_date,r2_0.contact_rate,r2_0.contacted_contacts,r2_0.generated_date,r2_0.pdf_path,r2_0.request_title,r2_0.request_type,r2_0.sent_date,r2_0.statistics_data,r2_0.status,r2_0.total_contacts,r1_0.request_type,r1_0.status,r1_0.title,r1_0.updated_at,u1_0.id_user,u1_0.email,u1_0.enabled,u1_0.full_name,u1_0.role,u1_0.username from request r1_0 left join user a1_0 on a1_0.id_user=r1_0.agent_id left join report r2_0 on r2_0.id=r1_0.report_id left join user u1_0 on u1_0.id_user=r1_0.user_id where r1_0.report_id=?
2026-04-27 16:03:13,047 {yyyy-MM-dd HH:mm:ss} - DEBUG - org.hibernate.SQL - select r1_0.idr,a1_0.id_user,a1_0.email,a1_0.enabled,a1_0.full_name,a1_0.role,a1_0.username,r1_0.attachment_path,r1_0.category_request,r1_0.created_at,r1_0.deadline,r1_0.description,r1_0.note,r1_0.priority,r2_0.id,r2_0.ai_generated_date,r2_0.ai_insights_data,r2_0.approved_date,r2_0.contact_rate,r2_0.contacted_contacts,r2_0.generated_date,r2_0.pdf_path,r2_0.request_title,r2_0.request_type,r2_0.sent_date,r2_0.statistics_data,r2_0.status,r2_0.total_contacts,r1_0.request_type,r1_0.status,r1_0.title,r1_0.updated_at,u1_0.id_user,u1_0.email,u1_0.enabled,u1_0.full_name,u1_0.role,u1_0.username from request r1_0 left join user a1_0 on a1_0.id_user=r1_0.agent_id left join report r2_0 on r2_0.id=r1_0.report_id left join user u1_0 on u1_0.id_user=r1_0.user_id where r1_0.report_id=? 
 Hibernate: select r1_0.idr,a1_0.id_user,a1_0.email,a1_0.enabled,a1_0.full_name,a1_0.role,a1_0.username,r1_0.attachment_path,r1_0.category_request,r1_0.created_at,r1_0.deadline,r1_0.description,r1_0.note,r1_0.priority,r2_0.id,r2_0.ai_generated_date,r2_0.ai_insights_data,r2_0.approved_date,r2_0.contact_rate,r2_0.contacted_contacts,r2_0.generated_date,r2_0.pdf_path,r2_0.request_title,r2_0.request_type,r2_0.sent_date,r2_0.statistics_data,r2_0.status,r2_0.total_contacts,r1_0.request_type,r1_0.status,r1_0.title,r1_0.updated_at,u1_0.id_user,u1_0.email,u1_0.enabled,u1_0.full_name,u1_0.role,u1_0.username from request r1_0 left join user a1_0 on a1_0.id_user=r1_0.agent_id left join report r2_0 on r2_0.id=r1_0.report_id left join user u1_0 on u1_0.id_user=r1_0.user_id where r1_0.report_id=?
2026-04-27 16:03:13,218 {yyyy-MM-dd HH:mm:ss} - DEBUG - org.hibernate.SQL - select r1_0.idr,a1_0.id_user,a1_0.email,a1_0.enabled,a1_0.full_name,a1_0.role,a1_0.username,r1_0.attachment_path,r1_0.category_request,r1_0.created_at,r1_0.deadline,r1_0.description,r1_0.note,r1_0.priority,r2_0.id,r2_0.ai_generated_date,r2_0.ai_insights_data,r2_0.approved_date,r2_0.contact_rate,r2_0.contacted_contacts,r2_0.generated_date,r2_0.pdf_path,r2_0.request_title,r2_0.request_type,r2_0.sent_date,r2_0.statistics_data,r2_0.status,r2_0.total_contacts,r1_0.request_type,r1_0.status,r1_0.title,r1_0.updated_at,u1_0.id_user,u1_0.email,u1_0.enabled,u1_0.full_name,u1_0.role,u1_0.username from request r1_0 left join user a1_0 on a1_0.id_user=r1_0.agent_id left join report r2_0 on r2_0.id=r1_0.report_id left join user u1_0 on u1_0.id_user=r1_0.user_id where r1_0.report_id=? 
 Hibernate: select r1_0.idr,a1_0.id_user,a1_0.email,a1_0.enabled,a1_0.full_name,a1_0.role,a1_0.username,r1_0.attachment_path,r1_0.category_request,r1_0.created_at,r1_0.deadline,r1_0.description,r1_0.note,r1_0.priority,r2_0.id,r2_0.ai_generated_date,r2_0.ai_insights_data,r2_0.approved_date,r2_0.contact_rate,r2_0.contacted_contacts,r2_0.generated_date,r2_0.pdf_path,r2_0.request_title,r2_0.request_type,r2_0.sent_date,r2_0.statistics_data,r2_0.status,r2_0.total_contacts,r1_0.request_type,r1_0.status,r1_0.title,r1_0.updated_at,u1_0.id_user,u1_0.email,u1_0.enabled,u1_0.full_name,u1_0.role,u1_0.username from request r1_0 left join user a1_0 on a1_0.id_user=r1_0.agent_id left join report r2_0 on r2_0.id=r1_0.report_id left join user u1_0 on u1_0.id_user=r1_0.user_id where r1_0.report_id=?
2026-04-27 16:03:13,436 {yyyy-MM-dd HH:mm:ss} - DEBUG - org.hibernate.SQL - select r1_0.idr,a1_0.id_user,a1_0.email,a1_0.enabled,a1_0.full_name,a1_0.role,a1_0.username,r1_0.attachment_path,r1_0.category_request,r1_0.created_at,r1_0.deadline,r1_0.description,r1_0.note,r1_0.priority,r2_0.id,r2_0.ai_generated_date,r2_0.ai_insights_data,r2_0.approved_date,r2_0.contact_rate,r2_0.contacted_contacts,r2_0.generated_date,r2_0.pdf_path,r2_0.request_title,r2_0.request_type,r2_0.sent_date,r2_0.statistics_data,r2_0.status,r2_0.total_contacts,r1_0.request_type,r1_0.status,r1_0.title,r1_0.updated_at,u1_0.id_user,u1_0.email,u1_0.enabled,u1_0.full_name,u1_0.role,u1_0.username from request r1_0 left join user a1_0 on a1_0.id_user=r1_0.agent_id left join report r2_0 on r2_0.id=r1_0.report_id left join user u1_0 on u1_0.id_user=r1_0.user_id where r1_0.report_id=? 
 Hibernate: select r1_0.idr,a1_0.id_user,a1_0.email,a1_0.enabled,a1_0.full_name,a1_0.role,a1_0.username,r1_0.attachment_path,r1_0.category_request,r1_0.created_at,r1_0.deadline,r1_0.description,r1_0.note,r1_0.priority,r2_0.id,r2_0.ai_generated_date,r2_0.ai_insights_data,r2_0.approved_date,r2_0.contact_rate,r2_0.contacted_contacts,r2_0.generated_date,r2_0.pdf_path,r2_0.request_title,r2_0.request_type,r2_0.sent_date,r2_0.statistics_data,r2_0.status,r2_0.total_contacts,r1_0.request_type,r1_0.status,r1_0.title,r1_0.updated_at,u1_0.id_user,u1_0.email,u1_0.enabled,u1_0.full_name,u1_0.role,u1_0.username from request r1_0 left join user a1_0 on a1_0.id_user=r1_0.agent_id left join report r2_0 on r2_0.id=r1_0.report_id left join user u1_0 on u1_0.id_user=r1_0.user_id where r1_0.report_id=?
2026-04-27 16:03:13,563 {yyyy-MM-dd HH:mm:ss} - DEBUG - org.hibernate.SQL - select r1_0.id,r1_0.ai_generated_date,r1_0.ai_insights_data,r1_0.approved_date,r1_0.contact_rate,r1_0.contacted_contacts,r1_0.generated_date,r1_0.pdf_path,r1_0.request_title,r1_0.request_type,r1_0.sent_date,r1_0.statistics_data,r1_0.status,r1_0.total_contacts from report r1_0 
 Hibernate: select r1_0.id,r1_0.ai_generated_date,r1_0.ai_insights_data,r1_0.approved_date,r1_0.contact_rate,r1_0.contacted_contacts,r1_0.generated_date,r1_0.pdf_path,r1_0.request_title,r1_0.request_type,r1_0.sent_date,r1_0.statistics_data,r1_0.status,r1_0.total_contacts from report r1_0
2026-04-27 16:03:13,625 {yyyy-MM-dd HH:mm:ss} - DEBUG - org.hibernate.SQL - select r1_0.idr,a1_0.id_user,a1_0.email,a1_0.enabled,a1_0.full_name,a1_0.role,a1_0.username,r1_0.attachment_path,r1_0.category_request,r1_0.created_at,r1_0.deadline,r1_0.description,r1_0.note,r1_0.priority,r2_0.id,r2_0.ai_generated_date,r2_0.ai_insights_data,r2_0.approved_date,r2_0.contact_rate,r2_0.contacted_contacts,r2_0.generated_date,r2_0.pdf_path,r2_0.request_title,r2_0.request_type,r2_0.sent_date,r2_0.statistics_data,r2_0.status,r2_0.total_contacts,r1_0.request_type,r1_0.status,r1_0.title,r1_0.updated_at,u1_0.id_user,u1_0.email,u1_0.enabled,u1_0.full_name,u1_0.role,u1_0.username from request r1_0 left join user a1_0 on a1_0.id_user=r1_0.agent_id left join report r2_0 on r2_0.id=r1_0.report_id left join user u1_0 on u1_0.id_user=r1_0.user_id where r1_0.report_id=? 
 Hibernate: select r1_0.idr,a1_0.id_user,a1_0.email,a1_0.enabled,a1_0.full_name,a1_0.role,a1_0.username,r1_0.attachment_path,r1_0.category_request,r1_0.created_at,r1_0.deadline,r1_0.description,r1_0.note,r1_0.priority,r2_0.id,r2_0.ai_generated_date,r2_0.ai_insights_data,r2_0.approved_date,r2_0.contact_rate,r2_0.contacted_contacts,r2_0.generated_date,r2_0.pdf_path,r2_0.request_title,r2_0.request_type,r2_0.sent_date,r2_0.statistics_data,r2_0.status,r2_0.total_contacts,r1_0.request_type,r1_0.status,r1_0.title,r1_0.updated_at,u1_0.id_user,u1_0.email,u1_0.enabled,u1_0.full_name,u1_0.role,u1_0.username from request r1_0 left join user a1_0 on a1_0.id_user=r1_0.agent_id left join report r2_0 on r2_0.id=r1_0.report_id left join user u1_0 on u1_0.id_user=r1_0.user_id where r1_0.report_id=?
2026-04-27 16:03:13,766 {yyyy-MM-dd HH:mm:ss} - DEBUG - org.hibernate.SQL - select r1_0.idr,a1_0.id_user,a1_0.email,a1_0.enabled,a1_0.full_name,a1_0.role,a1_0.username,r1_0.attachment_path,r1_0.category_request,r1_0.created_at,r1_0.deadline,r1_0.description,r1_0.note,r1_0.priority,r2_0.id,r2_0.ai_generated_date,r2_0.ai_insights_data,r2_0.approved_date,r2_0.contact_rate,r2_0.contacted_contacts,r2_0.generated_date,r2_0.pdf_path,r2_0.request_title,r2_0.request_type,r2_0.sent_date,r2_0.statistics_data,r2_0.status,r2_0.total_contacts,r1_0.request_type,r1_0.status,r1_0.title,r1_0.updated_at,u1_0.id_user,u1_0.email,u1_0.enabled,u1_0.full_name,u1_0.role,u1_0.username from request r1_0 left join user a1_0 on a1_0.id_user=r1_0.agent_id left join report r2_0 on r2_0.id=r1_0.report_id left join user u1_0 on u1_0.id_user=r1_0.user_id where r1_0.report_id=? 
 Hibernate: select r1_0.idr,a1_0.id_user,a1_0.email,a1_0.enabled,a1_0.full_name,a1_0.role,a1_0.username,r1_0.attachment_path,r1_0.category_request,r1_0.created_at,r1_0.deadline,r1_0.description,r1_0.note,r1_0.priority,r2_0.id,r2_0.ai_generated_date,r2_0.ai_insights_data,r2_0.approved_date,r2_0.contact_rate,r2_0.contacted_contacts,r2_0.generated_date,r2_0.pdf_path,r2_0.request_title,r2_0.request_type,r2_0.sent_date,r2_0.statistics_data,r2_0.status,r2_0.total_contacts,r1_0.request_type,r1_0.status,r1_0.title,r1_0.updated_at,u1_0.id_user,u1_0.email,u1_0.enabled,u1_0.full_name,u1_0.role,u1_0.username from request r1_0 left join user a1_0 on a1_0.id_user=r1_0.agent_id left join report r2_0 on r2_0.id=r1_0.report_id left join user u1_0 on u1_0.id_user=r1_0.user_id where r1_0.report_id=?
2026-04-27 16:03:13,822 {yyyy-MM-dd HH:mm:ss} - INFO - c.e.callcenter.Service.NotificationService - === SCHEDULED METHOD RUNNING: checkUpcomingCallbacks === 
 2026-04-27 16:03:13,822 {yyyy-MM-dd HH:mm:ss} - INFO - c.e.callcenter.Service.NotificationService - Calling contact-service for upcoming callbacks... 
 2026-04-27 16:03:13,982 {yyyy-MM-dd HH:mm:ss} - DEBUG - org.hibernate.SQL - select u1_0.id_user,u1_0.email,u1_0.enabled,u1_0.full_name,u1_0.role,u1_0.username from user u1_0 where u1_0.role='AGENT' 
 Hibernate: select u1_0.id_user,u1_0.email,u1_0.enabled,u1_0.full_name,u1_0.role,u1_0.username from user u1_0 where u1_0.role='AGENT'
2026-04-27 16:03:14,029 {yyyy-MM-dd HH:mm:ss} - ERROR - c.e.callcenter.Service.NotificationService - Error checking upcoming callbacks 
 feign.RetryableException: Connection refused: getsockopt executing GET http://localhost:8081/api/callbacks/upcoming
	at feign.FeignException.errorExecuting(FeignException.java:278)
	at feign.SynchronousMethodHandler.executeAndDecode(SynchronousMethodHandler.java:110)
	at feign.SynchronousMethodHandler.invoke(SynchronousMethodHandler.java:70)
	at feign.ReflectiveFeign$FeignInvocationHandler.invoke(ReflectiveFeign.java:99)
	at jdk.proxy2/jdk.proxy2.$Proxy233.getUpcomingCallbacks(Unknown Source)
	at com.example.callcenter.Service.NotificationService.checkUpcomingCallbacks(NotificationService.java:107)
	at java.base/jdk.internal.reflect.NativeMethodAccessorImpl.invoke0(Native Method)
	at java.base/jdk.internal.reflect.NativeMethodAccessorImpl.invoke(NativeMethodAccessorImpl.java:77)
	at java.base/jdk.internal.reflect.DelegatingMethodAccessorImpl.invoke(DelegatingMethodAccessorImpl.java:43)
	at java.base/java.lang.reflect.Method.invoke(Method.java:569)
	at org.springframework.aop.support.AopUtils.invokeJoinpointUsingReflection(AopUtils.java:351)
	at org.springframework.aop.framework.ReflectiveMethodInvocation.invokeJoinpoint(ReflectiveMethodInvocation.java:196)
	at org.springframework.aop.framework.ReflectiveMethodInvocation.proceed(ReflectiveMethodInvocation.java:163)
	at org.springframework.aop.framework.CglibAopProxy$CglibMethodInvocation.proceed(CglibAopProxy.java:765)
	at org.springframework.transaction.interceptor.TransactionInterceptor$1.proceedWithInvocation(TransactionInterceptor.java:123)
	at org.springframework.transaction.interceptor.TransactionAspectSupport.invokeWithinTransaction(TransactionAspectSupport.java:385)
	at org.springframework.transaction.interceptor.TransactionInterceptor.invoke(TransactionInterceptor.java:119)
	at org.springframework.aop.framework.ReflectiveMethodInvocation.proceed(ReflectiveMethodInvocation.java:184)
	at org.springframework.aop.framework.CglibAopProxy$CglibMethodInvocation.proceed(CglibAopProxy.java:765)
	at org.springframework.aop.framework.CglibAopProxy$DynamicAdvisedInterceptor.intercept(CglibAopProxy.java:717)
	at com.example.callcenter.Service.NotificationService$$SpringCGLIB$$0.checkUpcomingCallbacks(<generated>)
	at java.base/jdk.internal.reflect.NativeMethodAccessorImpl.invoke0(Native Method)
	at java.base/jdk.internal.reflect.NativeMethodAccessorImpl.invoke(NativeMethodAccessorImpl.java:77)
	at java.base/jdk.internal.reflect.DelegatingMethodAccessorImpl.invoke(DelegatingMethodAccessorImpl.java:43)
	at java.base/java.lang.reflect.Method.invoke(Method.java:569)
	at org.springframework.scheduling.support.ScheduledMethodRunnable.runInternal(ScheduledMethodRunnable.java:130)
	at org.springframework.scheduling.support.ScheduledMethodRunnable.lambda$run$2(ScheduledMethodRunnable.java:124)
	at io.micrometer.observation.Observation.observe(Observation.java:499)
	at org.springframework.scheduling.support.ScheduledMethodRunnable.run(ScheduledMethodRunnable.java:124)
	at org.springframework.scheduling.support.DelegatingErrorHandlingRunnable.run(DelegatingErrorHandlingRunnable.java:54)
	at java.base/java.util.concurrent.Executors$RunnableAdapter.call(Executors.java:539)
	at java.base/java.util.concurrent.FutureTask.runAndReset(FutureTask.java:305)
	at java.base/java.util.concurrent.ScheduledThreadPoolExecutor$ScheduledFutureTask.run(ScheduledThreadPoolExecutor.java:305)
	at java.base/java.util.concurrent.ThreadPoolExecutor.runWorker(ThreadPoolExecutor.java:1136)
	at java.base/java.util.concurrent.ThreadPoolExecutor$Worker.run(ThreadPoolExecutor.java:635)
	at java.base/java.lang.Thread.run(Thread.java:840)
Caused by: java.net.ConnectException: Connection refused: getsockopt
	at java.base/sun.nio.ch.Net.pollConnect(Native Method)
	at java.base/sun.nio.ch.Net.pollConnectNow(Net.java:684)
	at java.base/sun.nio.ch.NioSocketImpl.timedFinishConnect(NioSocketImpl.java:547)
	at java.base/sun.nio.ch.NioSocketImpl.connect(NioSocketImpl.java:602)
	at java.base/java.net.Socket.connect(Socket.java:633)
	at java.base/sun.net.NetworkClient.doConnect(NetworkClient.java:178)
	at java.base/sun.net.www.http.HttpClient.openServer(HttpClient.java:533)
	at java.base/sun.net.www.http.HttpClient.openServer(HttpClient.java:638)
	at java.base/sun.net.www.http.HttpClient.<init>(HttpClient.java:283)
	at java.base/sun.net.www.http.HttpClient.New(HttpClient.java:386)
	at java.base/sun.net.www.http.HttpClient.New(HttpClient.java:408)
	at java.base/sun.net.www.protocol.http.HttpURLConnection.getNewHttpClient(HttpURLConnection.java:1329)
	at java.base/sun.net.www.protocol.http.HttpURLConnection.plainConnect0(HttpURLConnection.java:1262)
	at java.base/sun.net.www.protocol.http.HttpURLConnection.plainConnect(HttpURLConnection.java:1148)
	at java.base/sun.net.www.protocol.http.HttpURLConnection.connect(HttpURLConnection.java:1077)
	at java.base/sun.net.www.protocol.http.HttpURLConnection.getInputStream0(HttpURLConnection.java:1717)
	at java.base/sun.net.www.protocol.http.HttpURLConnection.getInputStream(HttpURLConnection.java:1641)
	at java.base/java.net.HttpURLConnection.getResponseCode(HttpURLConnection.java:529)
	at feign.Client$Default.convertResponse(Client.java:111)
	at feign.Client$Default.execute(Client.java:107)
	at feign.SynchronousMethodHandler.executeAndDecode(SynchronousMethodHandler.java:100)
	... 34 common frames omitted
2026-04-27 16:03:14,210 {yyyy-MM-dd HH:mm:ss} - DEBUG - org.hibernate.SQL - select r1_0.idr,a1_0.id_user,a1_0.email,a1_0.enabled,a1_0.full_name,a1_0.role,a1_0.username,r1_0.attachment_path,r1_0.category_request,r1_0.created_at,r1_0.deadline,r1_0.description,r1_0.note,r1_0.priority,r2_0.id,r2_0.ai_generated_date,r2_0.ai_insights_data,r2_0.approved_date,r2_0.contact_rate,r2_0.contacted_contacts,r2_0.generated_date,r2_0.pdf_path,r2_0.request_title,r2_0.request_type,r2_0.sent_date,r2_0.statistics_data,r2_0.status,r2_0.total_contacts,r1_0.request_type,r1_0.status,r1_0.title,r1_0.updated_at,u1_0.id_user,u1_0.email,u1_0.enabled,u1_0.full_name,u1_0.role,u1_0.username from request r1_0 left join user a1_0 on a1_0.id_user=r1_0.agent_id left join report r2_0 on r2_0.id=r1_0.report_id left join user u1_0 on u1_0.id_user=r1_0.user_id where r1_0.report_id=? 
 Hibernate: select r1_0.idr,a1_0.id_user,a1_0.email,a1_0.enabled,a1_0.full_name,a1_0.role,a1_0.username,r1_0.attachment_path,r1_0.category_request,r1_0.created_at,r1_0.deadline,r1_0.description,r1_0.note,r1_0.priority,r2_0.id,r2_0.ai_generated_date,r2_0.ai_insights_data,r2_0.approved_date,r2_0.contact_rate,r2_0.contacted_contacts,r2_0.generated_date,r2_0.pdf_path,r2_0.request_title,r2_0.request_type,r2_0.sent_date,r2_0.statistics_data,r2_0.status,r2_0.total_contacts,r1_0.request_type,r1_0.status,r1_0.title,r1_0.updated_at,u1_0.id_user,u1_0.email,u1_0.enabled,u1_0.full_name,u1_0.role,u1_0.username from request r1_0 left join user a1_0 on a1_0.id_user=r1_0.agent_id left join report r2_0 on r2_0.id=r1_0.report_id left join user u1_0 on u1_0.id_user=r1_0.user_id where r1_0.report_id=?
2026-04-27 16:03:14,289 {yyyy-MM-dd HH:mm:ss} - DEBUG - org.hibernate.SQL - select r1_0.id,r1_0.ai_generated_date,r1_0.ai_insights_data,r1_0.approved_date,r1_0.contact_rate,r1_0.contacted_contacts,r1_0.generated_date,r1_0.pdf_path,r1_0.request_title,r1_0.request_type,r1_0.sent_date,r1_0.statistics_data,r1_0.status,r1_0.total_contacts from report r1_0 
 Hibernate: select r1_0.id,r1_0.ai_generated_date,r1_0.ai_insights_data,r1_0.approved_date,r1_0.contact_rate,r1_0.contacted_contacts,r1_0.generated_date,r1_0.pdf_path,r1_0.request_title,r1_0.request_type,r1_0.sent_date,r1_0.statistics_data,r1_0.status,r1_0.total_contacts from report r1_0
2026-04-27 16:03:14,384 {yyyy-MM-dd HH:mm:ss} - DEBUG - org.hibernate.SQL - select r1_0.idr,a1_0.id_user,a1_0.email,a1_0.enabled,a1_0.full_name,a1_0.role,a1_0.username,r1_0.attachment_path,r1_0.category_request,r1_0.created_at,r1_0.deadline,r1_0.description,r1_0.note,r1_0.priority,r2_0.id,r2_0.ai_generated_date,r2_0.ai_insights_data,r2_0.approved_date,r2_0.contact_rate,r2_0.contacted_contacts,r2_0.generated_date,r2_0.pdf_path,r2_0.request_title,r2_0.request_type,r2_0.sent_date,r2_0.statistics_data,r2_0.status,r2_0.total_contacts,r1_0.request_type,r1_0.status,r1_0.title,r1_0.updated_at,u1_0.id_user,u1_0.email,u1_0.enabled,u1_0.full_name,u1_0.role,u1_0.username from request r1_0 left join user a1_0 on a1_0.id_user=r1_0.agent_id left join report r2_0 on r2_0.id=r1_0.report_id left join user u1_0 on u1_0.id_user=r1_0.user_id where r1_0.report_id=? 
 Hibernate: select r1_0.idr,a1_0.id_user,a1_0.email,a1_0.enabled,a1_0.full_name,a1_0.role,a1_0.username,r1_0.attachment_path,r1_0.category_request,r1_0.created_at,r1_0.deadline,r1_0.description,r1_0.note,r1_0.priority,r2_0.id,r2_0.ai_generated_date,r2_0.ai_insights_data,r2_0.approved_date,r2_0.contact_rate,r2_0.contacted_contacts,r2_0.generated_date,r2_0.pdf_path,r2_0.request_title,r2_0.request_type,r2_0.sent_date,r2_0.statistics_data,r2_0.status,r2_0.total_contacts,r1_0.request_type,r1_0.status,r1_0.title,r1_0.updated_at,u1_0.id_user,u1_0.email,u1_0.enabled,u1_0.full_name,u1_0.role,u1_0.username from request r1_0 left join user a1_0 on a1_0.id_user=r1_0.agent_id left join report r2_0 on r2_0.id=r1_0.report_id left join user u1_0 on u1_0.id_user=r1_0.user_id where r1_0.report_id=?
2026-04-27 16:03:14,526 {yyyy-MM-dd HH:mm:ss} - DEBUG - org.hibernate.SQL - select r1_0.idr,a1_0.id_user,a1_0.email,a1_0.enabled,a1_0.full_name,a1_0.role,a1_0.username,r1_0.attachment_path,r1_0.category_request,r1_0.created_at,r1_0.deadline,r1_0.description,r1_0.note,r1_0.priority,r2_0.id,r2_0.ai_generated_date,r2_0.ai_insights_data,r2_0.approved_date,r2_0.contact_rate,r2_0.contacted_contacts,r2_0.generated_date,r2_0.pdf_path,r2_0.request_title,r2_0.request_type,r2_0.sent_date,r2_0.statistics_data,r2_0.status,r2_0.total_contacts,r1_0.request_type,r1_0.status,r1_0.title,r1_0.updated_at,u1_0.id_user,u1_0.email,u1_0.enabled,u1_0.full_name,u1_0.role,u1_0.username from request r1_0 left join user a1_0 on a1_0.id_user=r1_0.agent_id left join report r2_0 on r2_0.id=r1_0.report_id left join user u1_0 on u1_0.id_user=r1_0.user_id where r1_0.report_id=? 
 Hibernate: select r1_0.idr,a1_0.id_user,a1_0.email,a1_0.enabled,a1_0.full_name,a1_0.role,a1_0.username,r1_0.attachment_path,r1_0.category_request,r1_0.created_at,r1_0.deadline,r1_0.description,r1_0.note,r1_0.priority,r2_0.id,r2_0.ai_generated_date,r2_0.ai_insights_data,r2_0.approved_date,r2_0.contact_rate,r2_0.contacted_contacts,r2_0.generated_date,r2_0.pdf_path,r2_0.request_title,r2_0.request_type,r2_0.sent_date,r2_0.statistics_data,r2_0.status,r2_0.total_contacts,r1_0.request_type,r1_0.status,r1_0.title,r1_0.updated_at,u1_0.id_user,u1_0.email,u1_0.enabled,u1_0.full_name,u1_0.role,u1_0.username from request r1_0 left join user a1_0 on a1_0.id_user=r1_0.agent_id left join report r2_0 on r2_0.id=r1_0.report_id left join user u1_0 on u1_0.id_user=r1_0.user_id where r1_0.report_id=?
2026-04-27 16:03:14,563 {yyyy-MM-dd HH:mm:ss} - DEBUG - org.hibernate.SQL - select r1_0.idr,a1_0.id_user,a1_0.email,a1_0.enabled,a1_0.full_name,a1_0.role,a1_0.username,r1_0.attachment_path,r1_0.category_request,r1_0.created_at,r1_0.deadline,r1_0.description,r1_0.note,r1_0.priority,r2_0.id,r2_0.ai_generated_date,r2_0.ai_insights_data,r2_0.approved_date,r2_0.contact_rate,r2_0.contacted_contacts,r2_0.generated_date,r2_0.pdf_path,r2_0.request_title,r2_0.request_type,r2_0.sent_date,r2_0.statistics_data,r2_0.status,r2_0.total_contacts,r1_0.request_type,r1_0.status,r1_0.title,r1_0.updated_at,u1_0.id_user,u1_0.email,u1_0.enabled,u1_0.full_name,u1_0.role,u1_0.username from request r1_0 left join user a1_0 on a1_0.id_user=r1_0.agent_id left join report r2_0 on r2_0.id=r1_0.report_id left join user u1_0 on u1_0.id_user=r1_0.user_id where r1_0.report_id=? 
 Hibernate: select r1_0.idr,a1_0.id_user,a1_0.email,a1_0.enabled,a1_0.full_name,a1_0.role,a1_0.username,r1_0.attachment_path,r1_0.category_request,r1_0.created_at,r1_0.deadline,r1_0.description,r1_0.note,r1_0.priority,r2_0.id,r2_0.ai_generated_date,r2_0.ai_insights_data,r2_0.approved_date,r2_0.contact_rate,r2_0.contacted_contacts,r2_0.generated_date,r2_0.pdf_path,r2_0.request_title,r2_0.request_type,r2_0.sent_date,r2_0.statistics_data,r2_0.status,r2_0.total_contacts,r1_0.request_type,r1_0.status,r1_0.title,r1_0.updated_at,u1_0.id_user,u1_0.email,u1_0.enabled,u1_0.full_name,u1_0.role,u1_0.username from request r1_0 left join user a1_0 on a1_0.id_user=r1_0.agent_id left join report r2_0 on r2_0.id=r1_0.report_id left join user u1_0 on u1_0.id_user=r1_0.user_id where r1_0.report_id=?
2026-04-27 16:03:14,631 {yyyy-MM-dd HH:mm:ss} - DEBUG - org.hibernate.SQL - select r1_0.idr,a1_0.id_user,a1_0.email,a1_0.enabled,a1_0.full_name,a1_0.role,a1_0.username,r1_0.attachment_path,r1_0.category_request,r1_0.created_at,r1_0.deadline,r1_0.description,r1_0.note,r1_0.priority,r2_0.id,r2_0.ai_generated_date,r2_0.ai_insights_data,r2_0.approved_date,r2_0.contact_rate,r2_0.contacted_contacts,r2_0.generated_date,r2_0.pdf_path,r2_0.request_title,r2_0.request_type,r2_0.sent_date,r2_0.statistics_data,r2_0.status,r2_0.total_contacts,r1_0.request_type,r1_0.status,r1_0.title,r1_0.updated_at,u1_0.id_user,u1_0.email,u1_0.enabled,u1_0.full_name,u1_0.role,u1_0.username from request r1_0 left join user a1_0 on a1_0.id_user=r1_0.agent_id left join report r2_0 on r2_0.id=r1_0.report_id left join user u1_0 on u1_0.id_user=r1_0.user_id where r1_0.report_id=? 
 Hibernate: select r1_0.idr,a1_0.id_user,a1_0.email,a1_0.enabled,a1_0.full_name,a1_0.role,a1_0.username,r1_0.attachment_path,r1_0.category_request,r1_0.created_at,r1_0.deadline,r1_0.description,r1_0.note,r1_0.priority,r2_0.id,r2_0.ai_generated_date,r2_0.ai_insights_data,r2_0.approved_date,r2_0.contact_rate,r2_0.contacted_contacts,r2_0.generated_date,r2_0.pdf_path,r2_0.request_title,r2_0.request_type,r2_0.sent_date,r2_0.statistics_data,r2_0.status,r2_0.total_contacts,r1_0.request_type,r1_0.status,r1_0.title,r1_0.updated_at,u1_0.id_user,u1_0.email,u1_0.enabled,u1_0.full_name,u1_0.role,u1_0.username from request r1_0 left join user a1_0 on a1_0.id_user=r1_0.agent_id left join report r2_0 on r2_0.id=r1_0.report_id left join user u1_0 on u1_0.id_user=r1_0.user_id where r1_0.report_id=?
2026-04-27 16:03:14,695 {yyyy-MM-dd HH:mm:ss} - DEBUG - org.hibernate.SQL - select r1_0.idr,a1_0.id_user,a1_0.email,a1_0.enabled,a1_0.full_name,a1_0.role,a1_0.username,r1_0.attachment_path,r1_0.category_request,r1_0.created_at,r1_0.deadline,r1_0.description,r1_0.note,r1_0.priority,r2_0.id,r2_0.ai_generated_date,r2_0.ai_insights_data,r2_0.approved_date,r2_0.contact_rate,r2_0.contacted_contacts,r2_0.generated_date,r2_0.pdf_path,r2_0.request_title,r2_0.request_type,r2_0.sent_date,r2_0.statistics_data,r2_0.status,r2_0.total_contacts,r1_0.request_type,r1_0.status,r1_0.title,r1_0.updated_at,u1_0.id_user,u1_0.email,u1_0.enabled,u1_0.full_name,u1_0.role,u1_0.username from request r1_0 left join user a1_0 on a1_0.id_user=r1_0.agent_id left join report r2_0 on r2_0.id=r1_0.report_id left join user u1_0 on u1_0.id_user=r1_0.user_id where r1_0.report_id=? 
 Hibernate: select r1_0.idr,a1_0.id_user,a1_0.email,a1_0.enabled,a1_0.full_name,a1_0.role,a1_0.username,r1_0.attachment_path,r1_0.category_request,r1_0.created_at,r1_0.deadline,r1_0.description,r1_0.note,r1_0.priority,r2_0.id,r2_0.ai_generated_date,r2_0.ai_insights_data,r2_0.approved_date,r2_0.contact_rate,r2_0.contacted_contacts,r2_0.generated_date,r2_0.pdf_path,r2_0.request_title,r2_0.request_type,r2_0.sent_date,r2_0.statistics_data,r2_0.status,r2_0.total_contacts,r1_0.request_type,r1_0.status,r1_0.title,r1_0.updated_at,u1_0.id_user,u1_0.email,u1_0.enabled,u1_0.full_name,u1_0.role,u1_0.username from request r1_0 left join user a1_0 on a1_0.id_user=r1_0.agent_id left join report r2_0 on r2_0.id=r1_0.report_id left join user u1_0 on u1_0.id_user=r1_0.user_id where r1_0.report_id=?
2026-04-27 16:03:14,825 {yyyy-MM-dd HH:mm:ss} - DEBUG - org.hibernate.SQL - select r1_0.idr,a1_0.id_user,a1_0.email,a1_0.enabled,a1_0.full_name,a1_0.role,a1_0.username,r1_0.attachment_path,r1_0.category_request,r1_0.created_at,r1_0.deadline,r1_0.description,r1_0.note,r1_0.priority,r2_0.id,r2_0.ai_generated_date,r2_0.ai_insights_data,r2_0.approved_date,r2_0.contact_rate,r2_0.contacted_contacts,r2_0.generated_date,r2_0.pdf_path,r2_0.request_title,r2_0.request_type,r2_0.sent_date,r2_0.statistics_data,r2_0.status,r2_0.total_contacts,r1_0.request_type,r1_0.status,r1_0.title,r1_0.updated_at,u1_0.id_user,u1_0.email,u1_0.enabled,u1_0.full_name,u1_0.role,u1_0.username from request r1_0 left join user a1_0 on a1_0.id_user=r1_0.agent_id left join report r2_0 on r2_0.id=r1_0.report_id left join user u1_0 on u1_0.id_user=r1_0.user_id where r1_0.report_id=? 
 Hibernate: select r1_0.idr,a1_0.id_user,a1_0.email,a1_0.enabled,a1_0.full_name,a1_0.role,a1_0.username,r1_0.attachment_path,r1_0.category_request,r1_0.created_at,r1_0.deadline,r1_0.description,r1_0.note,r1_0.priority,r2_0.id,r2_0.ai_generated_date,r2_0.ai_insights_data,r2_0.approved_date,r2_0.contact_rate,r2_0.contacted_contacts,r2_0.generated_date,r2_0.pdf_path,r2_0.request_title,r2_0.request_type,r2_0.sent_date,r2_0.statistics_data,r2_0.status,r2_0.total_contacts,r1_0.request_type,r1_0.status,r1_0.title,r1_0.updated_at,u1_0.id_user,u1_0.email,u1_0.enabled,u1_0.full_name,u1_0.role,u1_0.username from request r1_0 left join user a1_0 on a1_0.id_user=r1_0.agent_id left join report r2_0 on r2_0.id=r1_0.report_id left join user u1_0 on u1_0.id_user=r1_0.user_id where r1_0.report_id=?
2026-04-27 16:03:14,852 {yyyy-MM-dd HH:mm:ss} - DEBUG - org.hibernate.SQL - select r1_0.idr,a1_0.id_user,a1_0.email,a1_0.enabled,a1_0.full_name,a1_0.role,a1_0.username,r1_0.attachment_path,r1_0.category_request,r1_0.created_at,r1_0.deadline,r1_0.description,r1_0.note,r1_0.priority,r2_0.id,r2_0.ai_generated_date,r2_0.ai_insights_data,r2_0.approved_date,r2_0.contact_rate,r2_0.contacted_contacts,r2_0.generated_date,r2_0.pdf_path,r2_0.request_title,r2_0.request_type,r2_0.sent_date,r2_0.statistics_data,r2_0.status,r2_0.total_contacts,r1_0.request_type,r1_0.status,r1_0.title,r1_0.updated_at,u1_0.id_user,u1_0.email,u1_0.enabled,u1_0.full_name,u1_0.role,u1_0.username from request r1_0 left join user a1_0 on a1_0.id_user=r1_0.agent_id left join report r2_0 on r2_0.id=r1_0.report_id left join user u1_0 on u1_0.id_user=r1_0.user_id where r1_0.report_id=? 
 Hibernate: select r1_0.idr,a1_0.id_user,a1_0.email,a1_0.enabled,a1_0.full_name,a1_0.role,a1_0.username,r1_0.attachment_path,r1_0.category_request,r1_0.created_at,r1_0.deadline,r1_0.description,r1_0.note,r1_0.priority,r2_0.id,r2_0.ai_generated_date,r2_0.ai_insights_data,r2_0.approved_date,r2_0.contact_rate,r2_0.contacted_contacts,r2_0.generated_date,r2_0.pdf_path,r2_0.request_title,r2_0.request_type,r2_0.sent_date,r2_0.statistics_data,r2_0.status,r2_0.total_contacts,r1_0.request_type,r1_0.status,r1_0.title,r1_0.updated_at,u1_0.id_user,u1_0.email,u1_0.enabled,u1_0.full_name,u1_0.role,u1_0.username from request r1_0 left join user a1_0 on a1_0.id_user=r1_0.agent_id left join report r2_0 on r2_0.id=r1_0.report_id left join user u1_0 on u1_0.id_user=r1_0.user_id where r1_0.report_id=?
2026-04-27 16:03:15,015 {yyyy-MM-dd HH:mm:ss} - DEBUG - org.hibernate.SQL - select r1_0.idr,a1_0.id_user,a1_0.email,a1_0.enabled,a1_0.full_name,a1_0.role,a1_0.username,r1_0.attachment_path,r1_0.category_request,r1_0.created_at,r1_0.deadline,r1_0.description,r1_0.note,r1_0.priority,r2_0.id,r2_0.ai_generated_date,r2_0.ai_insights_data,r2_0.approved_date,r2_0.contact_rate,r2_0.contacted_contacts,r2_0.generated_date,r2_0.pdf_path,r2_0.request_title,r2_0.request_type,r2_0.sent_date,r2_0.statistics_data,r2_0.status,r2_0.total_contacts,r1_0.request_type,r1_0.status,r1_0.title,r1_0.updated_at,u1_0.id_user,u1_0.email,u1_0.enabled,u1_0.full_name,u1_0.role,u1_0.username from request r1_0 left join user a1_0 on a1_0.id_user=r1_0.agent_id left join report r2_0 on r2_0.id=r1_0.report_id left join user u1_0 on u1_0.id_user=r1_0.user_id where r1_0.report_id=? 
 Hibernate: select r1_0.idr,a1_0.id_user,a1_0.email,a1_0.enabled,a1_0.full_name,a1_0.role,a1_0.username,r1_0.attachment_path,r1_0.category_request,r1_0.created_at,r1_0.deadline,r1_0.description,r1_0.note,r1_0.priority,r2_0.id,r2_0.ai_generated_date,r2_0.ai_insights_data,r2_0.approved_date,r2_0.contact_rate,r2_0.contacted_contacts,r2_0.generated_date,r2_0.pdf_path,r2_0.request_title,r2_0.request_type,r2_0.sent_date,r2_0.statistics_data,r2_0.status,r2_0.total_contacts,r1_0.request_type,r1_0.status,r1_0.title,r1_0.updated_at,u1_0.id_user,u1_0.email,u1_0.enabled,u1_0.full_name,u1_0.role,u1_0.username from request r1_0 left join user a1_0 on a1_0.id_user=r1_0.agent_id left join report r2_0 on r2_0.id=r1_0.report_id left join user u1_0 on u1_0.id_user=r1_0.user_id where r1_0.report_id=?
2026-04-27 16:03:15,188 {yyyy-MM-dd HH:mm:ss} - DEBUG - org.hibernate.SQL - select r1_0.idr,a1_0.id_user,a1_0.email,a1_0.enabled,a1_0.full_name,a1_0.role,a1_0.username,r1_0.attachment_path,r1_0.category_request,r1_0.created_at,r1_0.deadline,r1_0.description,r1_0.note,r1_0.priority,r2_0.id,r2_0.ai_generated_date,r2_0.ai_insights_data,r2_0.approved_date,r2_0.contact_rate,r2_0.contacted_contacts,r2_0.generated_date,r2_0.pdf_path,r2_0.request_title,r2_0.request_type,r2_0.sent_date,r2_0.statistics_data,r2_0.status,r2_0.total_contacts,r1_0.request_type,r1_0.status,r1_0.title,r1_0.updated_at,u1_0.id_user,u1_0.email,u1_0.enabled,u1_0.full_name,u1_0.role,u1_0.username from request r1_0 left join user a1_0 on a1_0.id_user=r1_0.agent_id left join report r2_0 on r2_0.id=r1_0.report_id left join user u1_0 on u1_0.id_user=r1_0.user_id where r1_0.report_id=? 
 Hibernate: select r1_0.idr,a1_0.id_user,a1_0.email,a1_0.enabled,a1_0.full_name,a1_0.role,a1_0.username,r1_0.attachment_path,r1_0.category_request,r1_0.created_at,r1_0.deadline,r1_0.description,r1_0.note,r1_0.priority,r2_0.id,r2_0.ai_generated_date,r2_0.ai_insights_data,r2_0.approved_date,r2_0.contact_rate,r2_0.contacted_contacts,r2_0.generated_date,r2_0.pdf_path,r2_0.request_title,r2_0.request_type,r2_0.sent_date,r2_0.statistics_data,r2_0.status,r2_0.total_contacts,r1_0.request_type,r1_0.status,r1_0.title,r1_0.updated_at,u1_0.id_user,u1_0.email,u1_0.enabled,u1_0.full_name,u1_0.role,u1_0.username from request r1_0 left join user a1_0 on a1_0.id_user=r1_0.agent_id left join report r2_0 on r2_0.id=r1_0.report_id left join user u1_0 on u1_0.id_user=r1_0.user_id where r1_0.report_id=?
2026-04-27 16:03:15,362 {yyyy-MM-dd HH:mm:ss} - DEBUG - org.hibernate.SQL - select r1_0.idr,a1_0.id_user,a1_0.email,a1_0.enabled,a1_0.full_name,a1_0.role,a1_0.username,r1_0.attachment_path,r1_0.category_request,r1_0.created_at,r1_0.deadline,r1_0.description,r1_0.note,r1_0.priority,r2_0.id,r2_0.ai_generated_date,r2_0.ai_insights_data,r2_0.approved_date,r2_0.contact_rate,r2_0.contacted_contacts,r2_0.generated_date,r2_0.pdf_path,r2_0.request_title,r2_0.request_type,r2_0.sent_date,r2_0.statistics_data,r2_0.status,r2_0.total_contacts,r1_0.request_type,r1_0.status,r1_0.title,r1_0.updated_at,u1_0.id_user,u1_0.email,u1_0.enabled,u1_0.full_name,u1_0.role,u1_0.username from request r1_0 left join user a1_0 on a1_0.id_user=r1_0.agent_id left join report r2_0 on r2_0.id=r1_0.report_id left join user u1_0 on u1_0.id_user=r1_0.user_id where r1_0.report_id=? 
 Hibernate: select r1_0.idr,a1_0.id_user,a1_0.email,a1_0.enabled,a1_0.full_name,a1_0.role,a1_0.username,r1_0.attachment_path,r1_0.category_request,r1_0.created_at,r1_0.deadline,r1_0.description,r1_0.note,r1_0.priority,r2_0.id,r2_0.ai_generated_date,r2_0.ai_insights_data,r2_0.approved_date,r2_0.contact_rate,r2_0.contacted_contacts,r2_0.generated_date,r2_0.pdf_path,r2_0.request_title,r2_0.request_type,r2_0.sent_date,r2_0.statistics_data,r2_0.status,r2_0.total_contacts,r1_0.request_type,r1_0.status,r1_0.title,r1_0.updated_at,u1_0.id_user,u1_0.email,u1_0.enabled,u1_0.full_name,u1_0.role,u1_0.username from request r1_0 left join user a1_0 on a1_0.id_user=r1_0.agent_id left join report r2_0 on r2_0.id=r1_0.report_id left join user u1_0 on u1_0.id_user=r1_0.user_id where r1_0.report_id=?
2026-04-27 16:03:15,566 {yyyy-MM-dd HH:mm:ss} - DEBUG - org.hibernate.SQL - select r1_0.idr,a1_0.id_user,a1_0.email,a1_0.enabled,a1_0.full_name,a1_0.role,a1_0.username,r1_0.attachment_path,r1_0.category_request,r1_0.created_at,r1_0.deadline,r1_0.description,r1_0.note,r1_0.priority,r2_0.id,r2_0.ai_generated_date,r2_0.ai_insights_data,r2_0.approved_date,r2_0.contact_rate,r2_0.contacted_contacts,r2_0.generated_date,r2_0.pdf_path,r2_0.request_title,r2_0.request_type,r2_0.sent_date,r2_0.statistics_data,r2_0.status,r2_0.total_contacts,r1_0.request_type,r1_0.status,r1_0.title,r1_0.updated_at,u1_0.id_user,u1_0.email,u1_0.enabled,u1_0.full_name,u1_0.role,u1_0.username from request r1_0 left join user a1_0 on a1_0.id_user=r1_0.agent_id left join report r2_0 on r2_0.id=r1_0.report_id left join user u1_0 on u1_0.id_user=r1_0.user_id where r1_0.report_id=? 
 Hibernate: select r1_0.idr,a1_0.id_user,a1_0.email,a1_0.enabled,a1_0.full_name,a1_0.role,a1_0.username,r1_0.attachment_path,r1_0.category_request,r1_0.created_at,r1_0.deadline,r1_0.description,r1_0.note,r1_0.priority,r2_0.id,r2_0.ai_generated_date,r2_0.ai_insights_data,r2_0.approved_date,r2_0.contact_rate,r2_0.contacted_contacts,r2_0.generated_date,r2_0.pdf_path,r2_0.request_title,r2_0.request_type,r2_0.sent_date,r2_0.statistics_data,r2_0.status,r2_0.total_contacts,r1_0.request_type,r1_0.status,r1_0.title,r1_0.updated_at,u1_0.id_user,u1_0.email,u1_0.enabled,u1_0.full_name,u1_0.role,u1_0.username from request r1_0 left join user a1_0 on a1_0.id_user=r1_0.agent_id left join report r2_0 on r2_0.id=r1_0.report_id left join user u1_0 on u1_0.id_user=r1_0.user_id where r1_0.report_id=?
2026-04-27 16:03:15,738 {yyyy-MM-dd HH:mm:ss} - DEBUG - org.hibernate.SQL - select r1_0.idr,a1_0.id_user,a1_0.email,a1_0.enabled,a1_0.full_name,a1_0.role,a1_0.username,r1_0.attachment_path,r1_0.category_request,r1_0.created_at,r1_0.deadline,r1_0.description,r1_0.note,r1_0.priority,r2_0.id,r2_0.ai_generated_date,r2_0.ai_insights_data,r2_0.approved_date,r2_0.contact_rate,r2_0.contacted_contacts,r2_0.generated_date,r2_0.pdf_path,r2_0.request_title,r2_0.request_type,r2_0.sent_date,r2_0.statistics_data,r2_0.status,r2_0.total_contacts,r1_0.request_type,r1_0.status,r1_0.title,r1_0.updated_at,u1_0.id_user,u1_0.email,u1_0.enabled,u1_0.full_name,u1_0.role,u1_0.username from request r1_0 left join user a1_0 on a1_0.id_user=r1_0.agent_id left join report r2_0 on r2_0.id=r1_0.report_id left join user u1_0 on u1_0.id_user=r1_0.user_id where r1_0.report_id=? 
 Hibernate: select r1_0.idr,a1_0.id_user,a1_0.email,a1_0.enabled,a1_0.full_name,a1_0.role,a1_0.username,r1_0.attachment_path,r1_0.category_request,r1_0.created_at,r1_0.deadline,r1_0.description,r1_0.note,r1_0.priority,r2_0.id,r2_0.ai_generated_date,r2_0.ai_insights_data,r2_0.approved_date,r2_0.contact_rate,r2_0.contacted_contacts,r2_0.generated_date,r2_0.pdf_path,r2_0.request_title,r2_0.request_type,r2_0.sent_date,r2_0.statistics_data,r2_0.status,r2_0.total_contacts,r1_0.request_type,r1_0.status,r1_0.title,r1_0.updated_at,u1_0.id_user,u1_0.email,u1_0.enabled,u1_0.full_name,u1_0.role,u1_0.username from request r1_0 left join user a1_0 on a1_0.id_user=r1_0.agent_id left join report r2_0 on r2_0.id=r1_0.report_id left join user u1_0 on u1_0.id_user=r1_0.user_id where r1_0.report_id=?
2026-04-27 16:03:15,851 {yyyy-MM-dd HH:mm:ss} - DEBUG - org.hibernate.SQL - select rcs1_0.id,rcs1_0.call_note,rcs1_0.contact_id,rcs1_0.created_at,rcs1_0.last_call_attempt,rcs1_0.request_id,rcs1_0.status,rcs1_0.updated_at from request_contact_status rcs1_0 
 Hibernate: select rcs1_0.id,rcs1_0.call_note,rcs1_0.contact_id,rcs1_0.created_at,rcs1_0.last_call_attempt,rcs1_0.request_id,rcs1_0.status,rcs1_0.updated_at from request_contact_status rcs1_0
2026-04-27 16:03:15,914 {yyyy-MM-dd HH:mm:ss} - DEBUG - org.hibernate.SQL - select r1_0.idr,a1_0.id_user,a1_0.email,a1_0.enabled,a1_0.full_name,a1_0.role,a1_0.username,r1_0.attachment_path,r1_0.category_request,r1_0.created_at,r1_0.deadline,r1_0.description,r1_0.note,r1_0.priority,r2_0.id,r2_0.ai_generated_date,r2_0.ai_insights_data,r2_0.approved_date,r2_0.contact_rate,r2_0.contacted_contacts,r2_0.generated_date,r2_0.pdf_path,r2_0.request_title,r2_0.request_type,r2_0.sent_date,r2_0.statistics_data,r2_0.status,r2_0.total_contacts,r1_0.request_type,r1_0.status,r1_0.title,r1_0.updated_at,u1_0.id_user,u1_0.email,u1_0.enabled,u1_0.full_name,u1_0.role,u1_0.username from request r1_0 left join user a1_0 on a1_0.id_user=r1_0.agent_id left join report r2_0 on r2_0.id=r1_0.report_id left join user u1_0 on u1_0.id_user=r1_0.user_id where r1_0.report_id=? 
 Hibernate: select r1_0.idr,a1_0.id_user,a1_0.email,a1_0.enabled,a1_0.full_name,a1_0.role,a1_0.username,r1_0.attachment_path,r1_0.category_request,r1_0.created_at,r1_0.deadline,r1_0.description,r1_0.note,r1_0.priority,r2_0.id,r2_0.ai_generated_date,r2_0.ai_insights_data,r2_0.approved_date,r2_0.contact_rate,r2_0.contacted_contacts,r2_0.generated_date,r2_0.pdf_path,r2_0.request_title,r2_0.request_type,r2_0.sent_date,r2_0.statistics_data,r2_0.status,r2_0.total_contacts,r1_0.request_type,r1_0.status,r1_0.title,r1_0.updated_at,u1_0.id_user,u1_0.email,u1_0.enabled,u1_0.full_name,u1_0.role,u1_0.username from request r1_0 left join user a1_0 on a1_0.id_user=r1_0.agent_id left join report r2_0 on r2_0.id=r1_0.report_id left join user u1_0 on u1_0.id_user=r1_0.user_id where r1_0.report_id=?
2026-04-27 16:03:16,031 {yyyy-MM-dd HH:mm:ss} - DEBUG - org.hibernate.SQL - select r1_0.idr,a1_0.id_user,a1_0.email,a1_0.enabled,a1_0.full_name,a1_0.role,a1_0.username,r1_0.attachment_path,r1_0.category_request,r1_0.created_at,r1_0.deadline,r1_0.description,r1_0.note,r1_0.priority,r2_0.id,r2_0.ai_generated_date,r2_0.ai_insights_data,r2_0.approved_date,r2_0.contact_rate,r2_0.contacted_contacts,r2_0.generated_date,r2_0.pdf_path,r2_0.request_title,r2_0.request_type,r2_0.sent_date,r2_0.statistics_data,r2_0.status,r2_0.total_contacts,r1_0.request_type,r1_0.status,r1_0.title,r1_0.updated_at,u1_0.id_user,u1_0.email,u1_0.enabled,u1_0.full_name,u1_0.role,u1_0.username from request r1_0 left join user a1_0 on a1_0.id_user=r1_0.agent_id left join report r2_0 on r2_0.id=r1_0.report_id left join user u1_0 on u1_0.id_user=r1_0.user_id where r1_0.report_id=? 
 Hibernate: select r1_0.idr,a1_0.id_user,a1_0.email,a1_0.enabled,a1_0.full_name,a1_0.role,a1_0.username,r1_0.attachment_path,r1_0.category_request,r1_0.created_at,r1_0.deadline,r1_0.description,r1_0.note,r1_0.priority,r2_0.id,r2_0.ai_generated_date,r2_0.ai_insights_data,r2_0.approved_date,r2_0.contact_rate,r2_0.contacted_contacts,r2_0.generated_date,r2_0.pdf_path,r2_0.request_title,r2_0.request_type,r2_0.sent_date,r2_0.statistics_data,r2_0.status,r2_0.total_contacts,r1_0.request_type,r1_0.status,r1_0.title,r1_0.updated_at,u1_0.id_user,u1_0.email,u1_0.enabled,u1_0.full_name,u1_0.role,u1_0.username from request r1_0 left join user a1_0 on a1_0.id_user=r1_0.agent_id left join report r2_0 on r2_0.id=r1_0.report_id left join user u1_0 on u1_0.id_user=r1_0.user_id where r1_0.report_id=?
2026-04-27 16:03:16,374 {yyyy-MM-dd HH:mm:ss} - DEBUG - org.hibernate.SQL - SELECT * FROM logs ORDER BY timestamp DESC LIMIT ? 
 Hibernate: SELECT * FROM logs ORDER BY timestamp DESC LIMIT ?
2026-04-27 16:03:22,475 {yyyy-MM-dd HH:mm:ss} - DEBUG - org.hibernate.SQL - select r1_0.id,r1_0.ai_generated_date,r1_0.ai_insights_data,r1_0.approved_date,r1_0.contact_rate,r1_0.contacted_contacts,r1_0.generated_date,r1_0.pdf_path,r1_0.request_title,r1_0.request_type,r1_0.sent_date,r1_0.statistics_data,r1_0.status,r1_0.total_contacts from report r1_0 where r1_0.id=? 
 Hibernate: select r1_0.id,r1_0.ai_generated_date,r1_0.ai_insights_data,r1_0.approved_date,r1_0.contact_rate,r1_0.contacted_contacts,r1_0.generated_date,r1_0.pdf_path,r1_0.request_title,r1_0.request_type,r1_0.sent_date,r1_0.statistics_data,r1_0.status,r1_0.total_contacts from report r1_0 where r1_0.id=?
2026-04-27 16:03:22,642 {yyyy-MM-dd HH:mm:ss} - DEBUG - org.hibernate.SQL - select r1_0.idr,a1_0.id_user,a1_0.email,a1_0.enabled,a1_0.full_name,a1_0.role,a1_0.username,r1_0.attachment_path,r1_0.category_request,r1_0.created_at,r1_0.deadline,r1_0.description,r1_0.note,r1_0.priority,r2_0.id,r2_0.ai_generated_date,r2_0.ai_insights_data,r2_0.approved_date,r2_0.contact_rate,r2_0.contacted_contacts,r2_0.generated_date,r2_0.pdf_path,r2_0.request_title,r2_0.request_type,r2_0.sent_date,r2_0.statistics_data,r2_0.status,r2_0.total_contacts,r1_0.request_type,r1_0.status,r1_0.title,r1_0.updated_at,u1_0.id_user,u1_0.email,u1_0.enabled,u1_0.full_name,u1_0.role,u1_0.username from request r1_0 left join user a1_0 on a1_0.id_user=r1_0.agent_id left join report r2_0 on r2_0.id=r1_0.report_id left join user u1_0 on u1_0.id_user=r1_0.user_id where r1_0.report_id=? 
 Hibernate: select r1_0.idr,a1_0.id_user,a1_0.email,a1_0.enabled,a1_0.full_name,a1_0.role,a1_0.username,r1_0.attachment_path,r1_0.category_request,r1_0.created_at,r1_0.deadline,r1_0.description,r1_0.note,r1_0.priority,r2_0.id,r2_0.ai_generated_date,r2_0.ai_insights_data,r2_0.approved_date,r2_0.contact_rate,r2_0.contacted_contacts,r2_0.generated_date,r2_0.pdf_path,r2_0.request_title,r2_0.request_type,r2_0.sent_date,r2_0.statistics_data,r2_0.status,r2_0.total_contacts,r1_0.request_type,r1_0.status,r1_0.title,r1_0.updated_at,u1_0.id_user,u1_0.email,u1_0.enabled,u1_0.full_name,u1_0.role,u1_0.username from request r1_0 left join user a1_0 on a1_0.id_user=r1_0.agent_id left join report r2_0 on r2_0.id=r1_0.report_id left join user u1_0 on u1_0.id_user=r1_0.user_id where r1_0.report_id=?
2026-04-27 16:03:30,966 {yyyy-MM-dd HH:mm:ss} - DEBUG - org.hibernate.SQL - select r1_0.id,r1_0.ai_generated_date,r1_0.ai_insights_data,r1_0.approved_date,r1_0.contact_rate,r1_0.contacted_contacts,r1_0.generated_date,r1_0.pdf_path,r1_0.request_title,r1_0.request_type,r1_0.sent_date,r1_0.statistics_data,r1_0.status,r1_0.total_contacts from report r1_0 where r1_0.id=? 
 Hibernate: select r1_0.id,r1_0.ai_generated_date,r1_0.ai_insights_data,r1_0.approved_date,r1_0.contact_rate,r1_0.contacted_contacts,r1_0.generated_date,r1_0.pdf_path,r1_0.request_title,r1_0.request_type,r1_0.sent_date,r1_0.statistics_data,r1_0.status,r1_0.total_contacts from report r1_0 where r1_0.id=?
2026-04-27 16:03:31,163 {yyyy-MM-dd HH:mm:ss} - DEBUG - org.hibernate.SQL - select r1_0.idr,a1_0.id_user,a1_0.email,a1_0.enabled,a1_0.full_name,a1_0.role,a1_0.username,r1_0.attachment_path,r1_0.category_request,r1_0.created_at,r1_0.deadline,r1_0.description,r1_0.note,r1_0.priority,r2_0.id,r2_0.ai_generated_date,r2_0.ai_insights_data,r2_0.approved_date,r2_0.contact_rate,r2_0.contacted_contacts,r2_0.generated_date,r2_0.pdf_path,r2_0.request_title,r2_0.request_type,r2_0.sent_date,r2_0.statistics_data,r2_0.status,r2_0.total_contacts,r1_0.request_type,r1_0.status,r1_0.title,r1_0.updated_at,u1_0.id_user,u1_0.email,u1_0.enabled,u1_0.full_name,u1_0.role,u1_0.username from request r1_0 left join user a1_0 on a1_0.id_user=r1_0.agent_id left join report r2_0 on r2_0.id=r1_0.report_id left join user u1_0 on u1_0.id_user=r1_0.user_id where r1_0.report_id=? 
 Hibernate: select r1_0.idr,a1_0.id_user,a1_0.email,a1_0.enabled,a1_0.full_name,a1_0.role,a1_0.username,r1_0.attachment_path,r1_0.category_request,r1_0.created_at,r1_0.deadline,r1_0.description,r1_0.note,r1_0.priority,r2_0.id,r2_0.ai_generated_date,r2_0.ai_insights_data,r2_0.approved_date,r2_0.contact_rate,r2_0.contacted_contacts,r2_0.generated_date,r2_0.pdf_path,r2_0.request_title,r2_0.request_type,r2_0.sent_date,r2_0.statistics_data,r2_0.status,r2_0.total_contacts,r1_0.request_type,r1_0.status,r1_0.title,r1_0.updated_at,u1_0.id_user,u1_0.email,u1_0.enabled,u1_0.full_name,u1_0.role,u1_0.username from request r1_0 left join user a1_0 on a1_0.id_user=r1_0.agent_id left join report r2_0 on r2_0.id=r1_0.report_id left join user u1_0 on u1_0.id_user=r1_0.user_id where r1_0.report_id=?
2026-04-27 16:03:31,687 {yyyy-MM-dd HH:mm:ss} - DEBUG - org.hibernate.SQL - select r1_0.idr,r1_0.agent_id,r1_0.attachment_path,r1_0.category_request,r1_0.created_at,r1_0.deadline,r1_0.description,r1_0.note,r1_0.priority,r1_0.report_id,r1_0.request_type,r1_0.status,r1_0.title,r1_0.updated_at,r1_0.user_id from request r1_0 left join report r2_0 on r2_0.id=r1_0.report_id where r2_0.id=? 
 Hibernate: select r1_0.idr,r1_0.agent_id,r1_0.attachment_path,r1_0.category_request,r1_0.created_at,r1_0.deadline,r1_0.description,r1_0.note,r1_0.priority,r1_0.report_id,r1_0.request_type,r1_0.status,r1_0.title,r1_0.updated_at,r1_0.user_id from request r1_0 left join report r2_0 on r2_0.id=r1_0.report_id where r2_0.id=?
2026-04-27 16:04:13,908 {yyyy-MM-dd HH:mm:ss} - INFO - c.e.callcenter.Service.NotificationService - === SCHEDULED METHOD RUNNING: checkUpcomingCallbacks === 
 2026-04-27 16:04:13,908 {yyyy-MM-dd HH:mm:ss} - INFO - c.e.callcenter.Service.NotificationService - Calling contact-service for upcoming callbacks... 
 2026-04-27 16:04:14,157 {yyyy-MM-dd HH:mm:ss} - ERROR - c.e.callcenter.Service.NotificationService - Error checking upcoming callbacks 
 feign.RetryableException: Connection refused: getsockopt executing GET http://localhost:8081/api/callbacks/upcoming
	at feign.FeignException.errorExecuting(FeignException.java:278)
	at feign.SynchronousMethodHandler.executeAndDecode(SynchronousMethodHandler.java:110)
	at feign.SynchronousMethodHandler.invoke(SynchronousMethodHandler.java:70)
	at feign.ReflectiveFeign$FeignInvocationHandler.invoke(ReflectiveFeign.java:99)
	at jdk.proxy2/jdk.proxy2.$Proxy233.getUpcomingCallbacks(Unknown Source)
	at com.example.callcenter.Service.NotificationService.checkUpcomingCallbacks(NotificationService.java:107)
	at java.base/jdk.internal.reflect.NativeMethodAccessorImpl.invoke0(Native Method)
	at java.base/jdk.internal.reflect.NativeMethodAccessorImpl.invoke(NativeMethodAccessorImpl.java:77)
	at java.base/jdk.internal.reflect.DelegatingMethodAccessorImpl.invoke(DelegatingMethodAccessorImpl.java:43)
	at java.base/java.lang.reflect.Method.invoke(Method.java:569)
	at org.springframework.aop.support.AopUtils.invokeJoinpointUsingReflection(AopUtils.java:351)
	at org.springframework.aop.framework.ReflectiveMethodInvocation.invokeJoinpoint(ReflectiveMethodInvocation.java:196)
	at org.springframework.aop.framework.ReflectiveMethodInvocation.proceed(ReflectiveMethodInvocation.java:163)
	at org.springframework.aop.framework.CglibAopProxy$CglibMethodInvocation.proceed(CglibAopProxy.java:765)
	at org.springframework.transaction.interceptor.TransactionInterceptor$1.proceedWithInvocation(TransactionInterceptor.java:123)
	at org.springframework.transaction.interceptor.TransactionAspectSupport.invokeWithinTransaction(TransactionAspectSupport.java:385)
	at org.springframework.transaction.interceptor.TransactionInterceptor.invoke(TransactionInterceptor.java:119)
	at org.springframework.aop.framework.ReflectiveMethodInvocation.proceed(ReflectiveMethodInvocation.java:184)
	at org.springframework.aop.framework.CglibAopProxy$CglibMethodInvocation.proceed(CglibAopProxy.java:765)
	at org.springframework.aop.framework.CglibAopProxy$DynamicAdvisedInterceptor.intercept(CglibAopProxy.java:717)
	at com.example.callcenter.Service.NotificationService$$SpringCGLIB$$0.checkUpcomingCallbacks(<generated>)
	at java.base/jdk.internal.reflect.NativeMethodAccessorImpl.invoke0(Native Method)
	at java.base/jdk.internal.reflect.NativeMethodAccessorImpl.invoke(NativeMethodAccessorImpl.java:77)
	at java.base/jdk.internal.reflect.DelegatingMethodAccessorImpl.invoke(DelegatingMethodAccessorImpl.java:43)
	at java.base/java.lang.reflect.Method.invoke(Method.java:569)
	at org.springframework.scheduling.support.ScheduledMethodRunnable.runInternal(ScheduledMethodRunnable.java:130)
	at org.springframework.scheduling.support.ScheduledMethodRunnable.lambda$run$2(ScheduledMethodRunnable.java:124)
	at io.micrometer.observation.Observation.observe(Observation.java:499)
	at org.springframework.scheduling.support.ScheduledMethodRunnable.run(ScheduledMethodRunnable.java:124)
	at org.springframework.scheduling.support.DelegatingErrorHandlingRunnable.run(DelegatingErrorHandlingRunnable.java:54)
	at java.base/java.util.concurrent.Executors$RunnableAdapter.call(Executors.java:539)
	at java.base/java.util.concurrent.FutureTask.runAndReset(FutureTask.java:305)
	at java.base/java.util.concurrent.ScheduledThreadPoolExecutor$ScheduledFutureTask.run(ScheduledThreadPoolExecutor.java:305)
	at java.base/java.util.concurrent.ThreadPoolExecutor.runWorker(ThreadPoolExecutor.java:1136)
	at java.base/java.util.concurrent.ThreadPoolExecutor$Worker.run(ThreadPoolExecutor.java:635)
	at java.base/java.lang.Thread.run(Thread.java:840)
Caused by: java.net.ConnectException: Connection refused: getsockopt
	at java.base/sun.nio.ch.Net.pollConnect(Native Method)
	at java.base/sun.nio.ch.Net.pollConnectNow(Net.java:684)
	at java.base/sun.nio.ch.NioSocketImpl.timedFinishConnect(NioSocketImpl.java:547)
	at java.base/sun.nio.ch.NioSocketImpl.connect(NioSocketImpl.java:602)
	at java.base/java.net.Socket.connect(Socket.java:633)
	at java.base/sun.net.NetworkClient.doConnect(NetworkClient.java:178)
	at java.base/sun.net.www.http.HttpClient.openServer(HttpClient.java:533)
	at java.base/sun.net.www.http.HttpClient.openServer(HttpClient.java:638)
	at java.base/sun.net.www.http.HttpClient.<init>(HttpClient.java:283)
	at java.base/sun.net.www.http.HttpClient.New(HttpClient.java:386)
	at java.base/sun.net.www.http.HttpClient.New(HttpClient.java:408)
	at java.base/sun.net.www.protocol.http.HttpURLConnection.getNewHttpClient(HttpURLConnection.java:1329)
	at java.base/sun.net.www.protocol.http.HttpURLConnection.plainConnect0(HttpURLConnection.java:1262)
	at java.base/sun.net.www.protocol.http.HttpURLConnection.plainConnect(HttpURLConnection.java:1148)
	at java.base/sun.net.www.protocol.http.HttpURLConnection.connect(HttpURLConnection.java:1077)
	at java.base/sun.net.www.protocol.http.HttpURLConnection.getInputStream0(HttpURLConnection.java:1717)
	at java.base/sun.net.www.protocol.http.HttpURLConnection.getInputStream(HttpURLConnection.java:1641)
	at java.base/java.net.HttpURLConnection.getResponseCode(HttpURLConnection.java:529)
	at feign.Client$Default.convertResponse(Client.java:111)
	at feign.Client$Default.execute(Client.java:107)
	at feign.SynchronousMethodHandler.executeAndDecode(SynchronousMethodHandler.java:100)
	... 34 common frames omitted
2026-04-27 16:04:15,629 {yyyy-MM-dd HH:mm:ss} - DEBUG - org.hibernate.SQL - select u1_0.id_user,u1_0.email,u1_0.enabled,u1_0.full_name,u1_0.role,u1_0.username from user u1_0 where u1_0.username=? 
 Hibernate: select u1_0.id_user,u1_0.email,u1_0.enabled,u1_0.full_name,u1_0.role,u1_0.username from user u1_0 where u1_0.username=?
2026-04-27 16:04:15,994 {yyyy-MM-dd HH:mm:ss} - DEBUG - org.hibernate.SQL - select r1_0.id,r1_0.ai_generated_date,r1_0.ai_insights_data,r1_0.approved_date,r1_0.contact_rate,r1_0.contacted_contacts,r1_0.generated_date,r1_0.pdf_path,r1_0.request_title,r1_0.request_type,r1_0.sent_date,r1_0.statistics_data,r1_0.status,r1_0.total_contacts from report r1_0 where r1_0.id=? 
 Hibernate: select r1_0.id,r1_0.ai_generated_date,r1_0.ai_insights_data,r1_0.approved_date,r1_0.contact_rate,r1_0.contacted_contacts,r1_0.generated_date,r1_0.pdf_path,r1_0.request_title,r1_0.request_type,r1_0.sent_date,r1_0.statistics_data,r1_0.status,r1_0.total_contacts from report r1_0 where r1_0.id=?
2026-04-27 16:04:16,188 {yyyy-MM-dd HH:mm:ss} - DEBUG - org.hibernate.SQL - select r1_0.idr,a1_0.id_user,a1_0.email,a1_0.enabled,a1_0.full_name,a1_0.role,a1_0.username,r1_0.attachment_path,r1_0.category_request,r1_0.created_at,r1_0.deadline,r1_0.description,r1_0.note,r1_0.priority,r2_0.id,r2_0.ai_generated_date,r2_0.ai_insights_data,r2_0.approved_date,r2_0.contact_rate,r2_0.contacted_contacts,r2_0.generated_date,r2_0.pdf_path,r2_0.request_title,r2_0.request_type,r2_0.sent_date,r2_0.statistics_data,r2_0.status,r2_0.total_contacts,r1_0.request_type,r1_0.status,r1_0.title,r1_0.updated_at,u1_0.id_user,u1_0.email,u1_0.enabled,u1_0.full_name,u1_0.role,u1_0.username from request r1_0 left join user a1_0 on a1_0.id_user=r1_0.agent_id left join report r2_0 on r2_0.id=r1_0.report_id left join user u1_0 on u1_0.id_user=r1_0.user_id where r1_0.report_id=? 
 Hibernate: select r1_0.idr,a1_0.id_user,a1_0.email,a1_0.enabled,a1_0.full_name,a1_0.role,a1_0.username,r1_0.attachment_path,r1_0.category_request,r1_0.created_at,r1_0.deadline,r1_0.description,r1_0.note,r1_0.priority,r2_0.id,r2_0.ai_generated_date,r2_0.ai_insights_data,r2_0.approved_date,r2_0.contact_rate,r2_0.contacted_contacts,r2_0.generated_date,r2_0.pdf_path,r2_0.request_title,r2_0.request_type,r2_0.sent_date,r2_0.statistics_data,r2_0.status,r2_0.total_contacts,r1_0.request_type,r1_0.status,r1_0.title,r1_0.updated_at,u1_0.id_user,u1_0.email,u1_0.enabled,u1_0.full_name,u1_0.role,u1_0.username from request r1_0 left join user a1_0 on a1_0.id_user=r1_0.agent_id left join report r2_0 on r2_0.id=r1_0.report_id left join user u1_0 on u1_0.id_user=r1_0.user_id where r1_0.report_id=?
2026-04-27 16:04:16,798 {yyyy-MM-dd HH:mm:ss} - DEBUG - org.hibernate.SQL - select er1_0.id,er1_0.average_rating,er1_0.binary_answers_json,er1_0.open_answer,er1_0.quality_level,er1_0.ratings_json,er1_0.report_id,er1_0.submitted_at,er1_0.user_id from evaluation_record er1_0 left join report r1_0 on r1_0.id=er1_0.report_id where r1_0.id=? and er1_0.user_id=? 
 Hibernate: select er1_0.id,er1_0.average_rating,er1_0.binary_answers_json,er1_0.open_answer,er1_0.quality_level,er1_0.ratings_json,er1_0.report_id,er1_0.submitted_at,er1_0.user_id from evaluation_record er1_0 left join report r1_0 on r1_0.id=er1_0.report_id where r1_0.id=? and er1_0.user_id=?
2026-04-27 16:04:17,150 {yyyy-MM-dd HH:mm:ss} - DEBUG - org.hibernate.SQL - insert into evaluation_record (average_rating,binary_answers_json,open_answer,quality_level,ratings_json,report_id,submitted_at,user_id) values (?,?,?,?,?,?,?,?) 
 Hibernate: insert into evaluation_record (average_rating,binary_answers_json,open_answer,quality_level,ratings_json,report_id,submitted_at,user_id) values (?,?,?,?,?,?,?,?)
2026-04-27 16:04:17,610 {yyyy-MM-dd HH:mm:ss} - INFO - c.e.c.Service.QualityEvaluationService - Evaluation saved id=2 report=13 user=22 avg=4.5 level=EXCELLENT 
 2026-04-27 16:05:13,797 {yyyy-MM-dd HH:mm:ss} - INFO - c.e.callcenter.Service.NotificationService - === SCHEDULED METHOD RUNNING: checkUpcomingCallbacks === 
 2026-04-27 16:05:13,797 {yyyy-MM-dd HH:mm:ss} - INFO - c.e.callcenter.Service.NotificationService - Calling contact-service for upcoming callbacks... 
 2026-04-27 16:05:13,981 {yyyy-MM-dd HH:mm:ss} - ERROR - c.e.callcenter.Service.NotificationService - Error checking upcoming callbacks 
 feign.RetryableException: Connection refused: getsockopt executing GET http://localhost:8081/api/callbacks/upcoming
	at feign.FeignException.errorExecuting(FeignException.java:278)
	at feign.SynchronousMethodHandler.executeAndDecode(SynchronousMethodHandler.java:110)
	at feign.SynchronousMethodHandler.invoke(SynchronousMethodHandler.java:70)
	at feign.ReflectiveFeign$FeignInvocationHandler.invoke(ReflectiveFeign.java:99)
	at jdk.proxy2/jdk.proxy2.$Proxy233.getUpcomingCallbacks(Unknown Source)
	at com.example.callcenter.Service.NotificationService.checkUpcomingCallbacks(NotificationService.java:107)
	at java.base/jdk.internal.reflect.NativeMethodAccessorImpl.invoke0(Native Method)
	at java.base/jdk.internal.reflect.NativeMethodAccessorImpl.invoke(NativeMethodAccessorImpl.java:77)
	at java.base/jdk.internal.reflect.DelegatingMethodAccessorImpl.invoke(DelegatingMethodAccessorImpl.java:43)
	at java.base/java.lang.reflect.Method.invoke(Method.java:569)
	at org.springframework.aop.support.AopUtils.invokeJoinpointUsingReflection(AopUtils.java:351)
	at org.springframework.aop.framework.ReflectiveMethodInvocation.invokeJoinpoint(ReflectiveMethodInvocation.java:196)
	at org.springframework.aop.framework.ReflectiveMethodInvocation.proceed(ReflectiveMethodInvocation.java:163)
	at org.springframework.aop.framework.CglibAopProxy$CglibMethodInvocation.proceed(CglibAopProxy.java:765)
	at org.springframework.transaction.interceptor.TransactionInterceptor$1.proceedWithInvocation(TransactionInterceptor.java:123)
	at org.springframework.transaction.interceptor.TransactionAspectSupport.invokeWithinTransaction(TransactionAspectSupport.java:385)
	at org.springframework.transaction.interceptor.TransactionInterceptor.invoke(TransactionInterceptor.java:119)
	at org.springframework.aop.framework.ReflectiveMethodInvocation.proceed(ReflectiveMethodInvocation.java:184)
	at org.springframework.aop.framework.CglibAopProxy$CglibMethodInvocation.proceed(CglibAopProxy.java:765)
	at org.springframework.aop.framework.CglibAopProxy$DynamicAdvisedInterceptor.intercept(CglibAopProxy.java:717)
	at com.example.callcenter.Service.NotificationService$$SpringCGLIB$$0.checkUpcomingCallbacks(<generated>)
	at java.base/jdk.internal.reflect.NativeMethodAccessorImpl.invoke0(Native Method)
	at java.base/jdk.internal.reflect.NativeMethodAccessorImpl.invoke(NativeMethodAccessorImpl.java:77)
	at java.base/jdk.internal.reflect.DelegatingMethodAccessorImpl.invoke(DelegatingMethodAccessorImpl.java:43)
	at java.base/java.lang.reflect.Method.invoke(Method.java:569)
	at org.springframework.scheduling.support.ScheduledMethodRunnable.runInternal(ScheduledMethodRunnable.java:130)
	at org.springframework.scheduling.support.ScheduledMethodRunnable.lambda$run$2(ScheduledMethodRunnable.java:124)
	at io.micrometer.observation.Observation.observe(Observation.java:499)
	at org.springframework.scheduling.support.ScheduledMethodRunnable.run(ScheduledMethodRunnable.java:124)
	at org.springframework.scheduling.support.DelegatingErrorHandlingRunnable.run(DelegatingErrorHandlingRunnable.java:54)
	at java.base/java.util.concurrent.Executors$RunnableAdapter.call(Executors.java:539)
	at java.base/java.util.concurrent.FutureTask.runAndReset(FutureTask.java:305)
	at java.base/java.util.concurrent.ScheduledThreadPoolExecutor$ScheduledFutureTask.run(ScheduledThreadPoolExecutor.java:305)
	at java.base/java.util.concurrent.ThreadPoolExecutor.runWorker(ThreadPoolExecutor.java:1136)
	at java.base/java.util.concurrent.ThreadPoolExecutor$Worker.run(ThreadPoolExecutor.java:635)
	at java.base/java.lang.Thread.run(Thread.java:840)
Caused by: java.net.ConnectException: Connection refused: getsockopt
	at java.base/sun.nio.ch.Net.pollConnect(Native Method)
	at java.base/sun.nio.ch.Net.pollConnectNow(Net.java:684)
	at java.base/sun.nio.ch.NioSocketImpl.timedFinishConnect(NioSocketImpl.java:547)
	at java.base/sun.nio.ch.NioSocketImpl.connect(NioSocketImpl.java:602)
	at java.base/java.net.Socket.connect(Socket.java:633)
	at java.base/sun.net.NetworkClient.doConnect(NetworkClient.java:178)
	at java.base/sun.net.www.http.HttpClient.openServer(HttpClient.java:533)
	at java.base/sun.net.www.http.HttpClient.openServer(HttpClient.java:638)
	at java.base/sun.net.www.http.HttpClient.<init>(HttpClient.java:283)
	at java.base/sun.net.www.http.HttpClient.New(HttpClient.java:386)
	at java.base/sun.net.www.http.HttpClient.New(HttpClient.java:408)
	at java.base/sun.net.www.protocol.http.HttpURLConnection.getNewHttpClient(HttpURLConnection.java:1329)
	at java.base/sun.net.www.protocol.http.HttpURLConnection.plainConnect0(HttpURLConnection.java:1262)
	at java.base/sun.net.www.protocol.http.HttpURLConnection.plainConnect(HttpURLConnection.java:1148)
	at java.base/sun.net.www.protocol.http.HttpURLConnection.connect(HttpURLConnection.java:1077)
	at java.base/sun.net.www.protocol.http.HttpURLConnection.getInputStream0(HttpURLConnection.java:1717)
	at java.base/sun.net.www.protocol.http.HttpURLConnection.getInputStream(HttpURLConnection.java:1641)
	at java.base/java.net.HttpURLConnection.getResponseCode(HttpURLConnection.java:529)
	at feign.Client$Default.convertResponse(Client.java:111)
	at feign.Client$Default.execute(Client.java:107)
	at feign.SynchronousMethodHandler.executeAndDecode(SynchronousMethodHandler.java:100)
	... 34 common frames omitted
2026-04-27 16:06:15,117 {yyyy-MM-dd HH:mm:ss} - INFO - c.e.callcenter.Service.NotificationService - === SCHEDULED METHOD RUNNING: checkUpcomingCallbacks === 
 2026-04-27 16:06:15,118 {yyyy-MM-dd HH:mm:ss} - INFO - c.e.callcenter.Service.NotificationService - Calling contact-service for upcoming callbacks... 
 2026-04-27 16:06:15,321 {yyyy-MM-dd HH:mm:ss} - ERROR - c.e.callcenter.Service.NotificationService - Error checking upcoming callbacks 
 feign.RetryableException: Connection refused: getsockopt executing GET http://localhost:8081/api/callbacks/upcoming
	at feign.FeignException.errorExecuting(FeignException.java:278)
	at feign.SynchronousMethodHandler.executeAndDecode(SynchronousMethodHandler.java:110)
	at feign.SynchronousMethodHandler.invoke(SynchronousMethodHandler.java:70)
	at feign.ReflectiveFeign$FeignInvocationHandler.invoke(ReflectiveFeign.java:99)
	at jdk.proxy2/jdk.proxy2.$Proxy233.getUpcomingCallbacks(Unknown Source)
	at com.example.callcenter.Service.NotificationService.checkUpcomingCallbacks(NotificationService.java:107)
	at java.base/jdk.internal.reflect.NativeMethodAccessorImpl.invoke0(Native Method)
	at java.base/jdk.internal.reflect.NativeMethodAccessorImpl.invoke(NativeMethodAccessorImpl.java:77)
	at java.base/jdk.internal.reflect.DelegatingMethodAccessorImpl.invoke(DelegatingMethodAccessorImpl.java:43)
	at java.base/java.lang.reflect.Method.invoke(Method.java:569)
	at org.springframework.aop.support.AopUtils.invokeJoinpointUsingReflection(AopUtils.java:351)
	at org.springframework.aop.framework.ReflectiveMethodInvocation.invokeJoinpoint(ReflectiveMethodInvocation.java:196)
	at org.springframework.aop.framework.ReflectiveMethodInvocation.proceed(ReflectiveMethodInvocation.java:163)
	at org.springframework.aop.framework.CglibAopProxy$CglibMethodInvocation.proceed(CglibAopProxy.java:765)
	at org.springframework.transaction.interceptor.TransactionInterceptor$1.proceedWithInvocation(TransactionInterceptor.java:123)
	at org.springframework.transaction.interceptor.TransactionAspectSupport.invokeWithinTransaction(TransactionAspectSupport.java:385)
	at org.springframework.transaction.interceptor.TransactionInterceptor.invoke(TransactionInterceptor.java:119)
	at org.springframework.aop.framework.ReflectiveMethodInvocation.proceed(ReflectiveMethodInvocation.java:184)
	at org.springframework.aop.framework.CglibAopProxy$CglibMethodInvocation.proceed(CglibAopProxy.java:765)
	at org.springframework.aop.framework.CglibAopProxy$DynamicAdvisedInterceptor.intercept(CglibAopProxy.java:717)
	at com.example.callcenter.Service.NotificationService$$SpringCGLIB$$0.checkUpcomingCallbacks(<generated>)
	at java.base/jdk.internal.reflect.NativeMethodAccessorImpl.invoke0(Native Method)
	at java.base/jdk.internal.reflect.NativeMethodAccessorImpl.invoke(NativeMethodAccessorImpl.java:77)
	at java.base/jdk.internal.reflect.DelegatingMethodAccessorImpl.invoke(DelegatingMethodAccessorImpl.java:43)
	at java.base/java.lang.reflect.Method.invoke(Method.java:569)
	at org.springframework.scheduling.support.ScheduledMethodRunnable.runInternal(ScheduledMethodRunnable.java:130)
	at org.springframework.scheduling.support.ScheduledMethodRunnable.lambda$run$2(ScheduledMethodRunnable.java:124)
	at io.micrometer.observation.Observation.observe(Observation.java:499)
	at org.springframework.scheduling.support.ScheduledMethodRunnable.run(ScheduledMethodRunnable.java:124)
	at org.springframework.scheduling.support.DelegatingErrorHandlingRunnable.run(DelegatingErrorHandlingRunnable.java:54)
	at java.base/java.util.concurrent.Executors$RunnableAdapter.call(Executors.java:539)
	at java.base/java.util.concurrent.FutureTask.runAndReset(FutureTask.java:305)
	at java.base/java.util.concurrent.ScheduledThreadPoolExecutor$ScheduledFutureTask.run(ScheduledThreadPoolExecutor.java:305)
	at java.base/java.util.concurrent.ThreadPoolExecutor.runWorker(ThreadPoolExecutor.java:1136)
	at java.base/java.util.concurrent.ThreadPoolExecutor$Worker.run(ThreadPoolExecutor.java:635)
	at java.base/java.lang.Thread.run(Thread.java:840)
Caused by: java.net.ConnectException: Connection refused: getsockopt
	at java.base/sun.nio.ch.Net.pollConnect(Native Method)
	at java.base/sun.nio.ch.Net.pollConnectNow(Net.java:684)
	at java.base/sun.nio.ch.NioSocketImpl.timedFinishConnect(NioSocketImpl.java:547)
	at java.base/sun.nio.ch.NioSocketImpl.connect(NioSocketImpl.java:602)
	at java.base/java.net.Socket.connect(Socket.java:633)
	at java.base/sun.net.NetworkClient.doConnect(NetworkClient.java:178)
	at java.base/sun.net.www.http.HttpClient.openServer(HttpClient.java:533)
	at java.base/sun.net.www.http.HttpClient.openServer(HttpClient.java:638)
	at java.base/sun.net.www.http.HttpClient.<init>(HttpClient.java:283)
	at java.base/sun.net.www.http.HttpClient.New(HttpClient.java:386)
	at java.base/sun.net.www.http.HttpClient.New(HttpClient.java:408)
	at java.base/sun.net.www.protocol.http.HttpURLConnection.getNewHttpClient(HttpURLConnection.java:1329)
	at java.base/sun.net.www.protocol.http.HttpURLConnection.plainConnect0(HttpURLConnection.java:1262)
	at java.base/sun.net.www.protocol.http.HttpURLConnection.plainConnect(HttpURLConnection.java:1148)
	at java.base/sun.net.www.protocol.http.HttpURLConnection.connect(HttpURLConnection.java:1077)
	at java.base/sun.net.www.protocol.http.HttpURLConnection.getInputStream0(HttpURLConnection.java:1717)
	at java.base/sun.net.www.protocol.http.HttpURLConnection.getInputStream(HttpURLConnection.java:1641)
	at java.base/java.net.HttpURLConnection.getResponseCode(HttpURLConnection.java:529)
	at feign.Client$Default.convertResponse(Client.java:111)
	at feign.Client$Default.execute(Client.java:107)
	at feign.SynchronousMethodHandler.executeAndDecode(SynchronousMethodHandler.java:100)
	... 34 common frames omitted
2026-04-27 16:07:13,788 {yyyy-MM-dd HH:mm:ss} - INFO - c.e.callcenter.Service.NotificationService - === SCHEDULED METHOD RUNNING: checkUpcomingCallbacks === 
 2026-04-27 16:07:13,789 {yyyy-MM-dd HH:mm:ss} - INFO - c.e.callcenter.Service.NotificationService - Calling contact-service for upcoming callbacks... 
 2026-04-27 16:07:13,844 {yyyy-MM-dd HH:mm:ss} - INFO - c.e.callcenter.Service.NotificationService - Checking for due callbacks... 
 2026-04-27 16:07:13,973 {yyyy-MM-dd HH:mm:ss} - ERROR - c.e.callcenter.Service.NotificationService - Error checking upcoming callbacks 
 feign.RetryableException: Connection refused: getsockopt executing GET http://localhost:8081/api/callbacks/upcoming
	at feign.FeignException.errorExecuting(FeignException.java:278)
	at feign.SynchronousMethodHandler.executeAndDecode(SynchronousMethodHandler.java:110)
	at feign.SynchronousMethodHandler.invoke(SynchronousMethodHandler.java:70)
	at feign.ReflectiveFeign$FeignInvocationHandler.invoke(ReflectiveFeign.java:99)
	at jdk.proxy2/jdk.proxy2.$Proxy233.getUpcomingCallbacks(Unknown Source)
	at com.example.callcenter.Service.NotificationService.checkUpcomingCallbacks(NotificationService.java:107)
	at java.base/jdk.internal.reflect.NativeMethodAccessorImpl.invoke0(Native Method)
	at java.base/jdk.internal.reflect.NativeMethodAccessorImpl.invoke(NativeMethodAccessorImpl.java:77)
	at java.base/jdk.internal.reflect.DelegatingMethodAccessorImpl.invoke(DelegatingMethodAccessorImpl.java:43)
	at java.base/java.lang.reflect.Method.invoke(Method.java:569)
	at org.springframework.aop.support.AopUtils.invokeJoinpointUsingReflection(AopUtils.java:351)
	at org.springframework.aop.framework.ReflectiveMethodInvocation.invokeJoinpoint(ReflectiveMethodInvocation.java:196)
	at org.springframework.aop.framework.ReflectiveMethodInvocation.proceed(ReflectiveMethodInvocation.java:163)
	at org.springframework.aop.framework.CglibAopProxy$CglibMethodInvocation.proceed(CglibAopProxy.java:765)
	at org.springframework.transaction.interceptor.TransactionInterceptor$1.proceedWithInvocation(TransactionInterceptor.java:123)
	at org.springframework.transaction.interceptor.TransactionAspectSupport.invokeWithinTransaction(TransactionAspectSupport.java:385)
	at org.springframework.transaction.interceptor.TransactionInterceptor.invoke(TransactionInterceptor.java:119)
	at org.springframework.aop.framework.ReflectiveMethodInvocation.proceed(ReflectiveMethodInvocation.java:184)
	at org.springframework.aop.framework.CglibAopProxy$CglibMethodInvocation.proceed(CglibAopProxy.java:765)
	at org.springframework.aop.framework.CglibAopProxy$DynamicAdvisedInterceptor.intercept(CglibAopProxy.java:717)
	at com.example.callcenter.Service.NotificationService$$SpringCGLIB$$0.checkUpcomingCallbacks(<generated>)
	at java.base/jdk.internal.reflect.NativeMethodAccessorImpl.invoke0(Native Method)
	at java.base/jdk.internal.reflect.NativeMethodAccessorImpl.invoke(NativeMethodAccessorImpl.java:77)
	at java.base/jdk.internal.reflect.DelegatingMethodAccessorImpl.invoke(DelegatingMethodAccessorImpl.java:43)
	at java.base/java.lang.reflect.Method.invoke(Method.java:569)
	at org.springframework.scheduling.support.ScheduledMethodRunnable.runInternal(ScheduledMethodRunnable.java:130)
	at org.springframework.scheduling.support.ScheduledMethodRunnable.lambda$run$2(ScheduledMethodRunnable.java:124)
	at io.micrometer.observation.Observation.observe(Observation.java:499)
	at org.springframework.scheduling.support.ScheduledMethodRunnable.run(ScheduledMethodRunnable.java:124)
	at org.springframework.scheduling.support.DelegatingErrorHandlingRunnable.run(DelegatingErrorHandlingRunnable.java:54)
	at java.base/java.util.concurrent.Executors$RunnableAdapter.call(Executors.java:539)
	at java.base/java.util.concurrent.FutureTask.runAndReset(FutureTask.java:305)
	at java.base/java.util.concurrent.ScheduledThreadPoolExecutor$ScheduledFutureTask.run(ScheduledThreadPoolExecutor.java:305)
	at java.base/java.util.concurrent.ThreadPoolExecutor.runWorker(ThreadPoolExecutor.java:1136)
	at java.base/java.util.concurrent.ThreadPoolExecutor$Worker.run(ThreadPoolExecutor.java:635)
	at java.base/java.lang.Thread.run(Thread.java:840)
Caused by: java.net.ConnectException: Connection refused: getsockopt
	at java.base/sun.nio.ch.Net.pollConnect(Native Method)
	at java.base/sun.nio.ch.Net.pollConnectNow(Net.java:684)
	at java.base/sun.nio.ch.NioSocketImpl.timedFinishConnect(NioSocketImpl.java:547)
	at java.base/sun.nio.ch.NioSocketImpl.connect(NioSocketImpl.java:602)
	at java.base/java.net.Socket.connect(Socket.java:633)
	at java.base/sun.net.NetworkClient.doConnect(NetworkClient.java:178)
	at java.base/sun.net.www.http.HttpClient.openServer(HttpClient.java:533)
	at java.base/sun.net.www.http.HttpClient.openServer(HttpClient.java:638)
	at java.base/sun.net.www.http.HttpClient.<init>(HttpClient.java:283)
	at java.base/sun.net.www.http.HttpClient.New(HttpClient.java:386)
	at java.base/sun.net.www.http.HttpClient.New(HttpClient.java:408)
	at java.base/sun.net.www.protocol.http.HttpURLConnection.getNewHttpClient(HttpURLConnection.java:1329)
	at java.base/sun.net.www.protocol.http.HttpURLConnection.plainConnect0(HttpURLConnection.java:1262)
	at java.base/sun.net.www.protocol.http.HttpURLConnection.plainConnect(HttpURLConnection.java:1148)
	at java.base/sun.net.www.protocol.http.HttpURLConnection.connect(HttpURLConnection.java:1077)
	at java.base/sun.net.www.protocol.http.HttpURLConnection.getInputStream0(HttpURLConnection.java:1717)
	at java.base/sun.net.www.protocol.http.HttpURLConnection.getInputStream(HttpURLConnection.java:1641)
	at java.base/java.net.HttpURLConnection.getResponseCode(HttpURLConnection.java:529)
	at feign.Client$Default.convertResponse(Client.java:111)
	at feign.Client$Default.execute(Client.java:107)
	at feign.SynchronousMethodHandler.executeAndDecode(SynchronousMethodHandler.java:100)
	... 34 common frames omitted
2026-04-27 16:07:14,012 {yyyy-MM-dd HH:mm:ss} - ERROR - c.e.callcenter.Service.NotificationService - Error checking due callbacks 
 feign.RetryableException: Connection refused: getsockopt executing GET http://localhost:8081/api/callbacks/upcoming
	at feign.FeignException.errorExecuting(FeignException.java:278)
	at feign.SynchronousMethodHandler.executeAndDecode(SynchronousMethodHandler.java:110)
	at feign.SynchronousMethodHandler.invoke(SynchronousMethodHandler.java:70)
	at feign.ReflectiveFeign$FeignInvocationHandler.invoke(ReflectiveFeign.java:99)
	at jdk.proxy2/jdk.proxy2.$Proxy233.getUpcomingCallbacks(Unknown Source)
	at com.example.callcenter.Service.NotificationService.checkDueCallbacks(NotificationService.java:137)
	at java.base/jdk.internal.reflect.NativeMethodAccessorImpl.invoke0(Native Method)
	at java.base/jdk.internal.reflect.NativeMethodAccessorImpl.invoke(NativeMethodAccessorImpl.java:77)
	at java.base/jdk.internal.reflect.DelegatingMethodAccessorImpl.invoke(DelegatingMethodAccessorImpl.java:43)
	at java.base/java.lang.reflect.Method.invoke(Method.java:569)
	at org.springframework.aop.support.AopUtils.invokeJoinpointUsingReflection(AopUtils.java:351)
	at org.springframework.aop.framework.ReflectiveMethodInvocation.invokeJoinpoint(ReflectiveMethodInvocation.java:196)
	at org.springframework.aop.framework.ReflectiveMethodInvocation.proceed(ReflectiveMethodInvocation.java:163)
	at org.springframework.aop.framework.CglibAopProxy$CglibMethodInvocation.proceed(CglibAopProxy.java:765)
	at org.springframework.transaction.interceptor.TransactionInterceptor$1.proceedWithInvocation(TransactionInterceptor.java:123)
	at org.springframework.transaction.interceptor.TransactionAspectSupport.invokeWithinTransaction(TransactionAspectSupport.java:385)
	at org.springframework.transaction.interceptor.TransactionInterceptor.invoke(TransactionInterceptor.java:119)
	at org.springframework.aop.framework.ReflectiveMethodInvocation.proceed(ReflectiveMethodInvocation.java:184)
	at org.springframework.aop.framework.CglibAopProxy$CglibMethodInvocation.proceed(CglibAopProxy.java:765)
	at org.springframework.aop.framework.CglibAopProxy$DynamicAdvisedInterceptor.intercept(CglibAopProxy.java:717)
	at com.example.callcenter.Service.NotificationService$$SpringCGLIB$$0.checkDueCallbacks(<generated>)
	at java.base/jdk.internal.reflect.NativeMethodAccessorImpl.invoke0(Native Method)
	at java.base/jdk.internal.reflect.NativeMethodAccessorImpl.invoke(NativeMethodAccessorImpl.java:77)
	at java.base/jdk.internal.reflect.DelegatingMethodAccessorImpl.invoke(DelegatingMethodAccessorImpl.java:43)
	at java.base/java.lang.reflect.Method.invoke(Method.java:569)
	at org.springframework.scheduling.support.ScheduledMethodRunnable.runInternal(ScheduledMethodRunnable.java:130)
	at org.springframework.scheduling.support.ScheduledMethodRunnable.lambda$run$2(ScheduledMethodRunnable.java:124)
	at io.micrometer.observation.Observation.observe(Observation.java:499)
	at org.springframework.scheduling.support.ScheduledMethodRunnable.run(ScheduledMethodRunnable.java:124)
	at org.springframework.scheduling.support.DelegatingErrorHandlingRunnable.run(DelegatingErrorHandlingRunnable.java:54)
	at java.base/java.util.concurrent.Executors$RunnableAdapter.call(Executors.java:539)
	at java.base/java.util.concurrent.FutureTask.runAndReset(FutureTask.java:305)
	at java.base/java.util.concurrent.ScheduledThreadPoolExecutor$ScheduledFutureTask.run(ScheduledThreadPoolExecutor.java:305)
	at java.base/java.util.concurrent.ThreadPoolExecutor.runWorker(ThreadPoolExecutor.java:1136)
	at java.base/java.util.concurrent.ThreadPoolExecutor$Worker.run(ThreadPoolExecutor.java:635)
	at java.base/java.lang.Thread.run(Thread.java:840)
Caused by: java.net.ConnectException: Connection refused: getsockopt
	at java.base/sun.nio.ch.Net.pollConnect(Native Method)
	at java.base/sun.nio.ch.Net.pollConnectNow(Net.java:684)
	at java.base/sun.nio.ch.NioSocketImpl.timedFinishConnect(NioSocketImpl.java:547)
	at java.base/sun.nio.ch.NioSocketImpl.connect(NioSocketImpl.java:602)
	at java.base/java.net.Socket.connect(Socket.java:633)
	at java.base/sun.net.NetworkClient.doConnect(NetworkClient.java:178)
	at java.base/sun.net.www.http.HttpClient.openServer(HttpClient.java:533)
	at java.base/sun.net.www.http.HttpClient.openServer(HttpClient.java:638)
	at java.base/sun.net.www.http.HttpClient.<init>(HttpClient.java:283)
	at java.base/sun.net.www.http.HttpClient.New(HttpClient.java:386)
	at java.base/sun.net.www.http.HttpClient.New(HttpClient.java:408)
	at java.base/sun.net.www.protocol.http.HttpURLConnection.getNewHttpClient(HttpURLConnection.java:1329)
	at java.base/sun.net.www.protocol.http.HttpURLConnection.plainConnect0(HttpURLConnection.java:1262)
	at java.base/sun.net.www.protocol.http.HttpURLConnection.plainConnect(HttpURLConnection.java:1148)
	at java.base/sun.net.www.protocol.http.HttpURLConnection.connect(HttpURLConnection.java:1077)
	at java.base/sun.net.www.protocol.http.HttpURLConnection.getInputStream0(HttpURLConnection.java:1717)
	at java.base/sun.net.www.protocol.http.HttpURLConnection.getInputStream(HttpURLConnection.java:1641)
	at java.base/java.net.HttpURLConnection.getResponseCode(HttpURLConnection.java:529)
	at feign.Client$Default.convertResponse(Client.java:111)
	at feign.Client$Default.execute(Client.java:107)
	at feign.SynchronousMethodHandler.executeAndDecode(SynchronousMethodHandler.java:100)
	... 34 common frames omitted
2026-04-27 16:08:18,940 {yyyy-MM-dd HH:mm:ss} - INFO - c.e.callcenter.Service.NotificationService - === SCHEDULED METHOD RUNNING: checkUpcomingCallbacks === 
 2026-04-27 16:08:18,940 {yyyy-MM-dd HH:mm:ss} - INFO - c.e.callcenter.Service.NotificationService - Calling contact-service for upcoming callbacks... 
 2026-04-27 16:08:19,212 {yyyy-MM-dd HH:mm:ss} - ERROR - c.e.callcenter.Service.NotificationService - Error checking upcoming callbacks 
 feign.RetryableException: Connection refused: getsockopt executing GET http://localhost:8081/api/callbacks/upcoming
	at feign.FeignException.errorExecuting(FeignException.java:278)
	at feign.SynchronousMethodHandler.executeAndDecode(SynchronousMethodHandler.java:110)
	at feign.SynchronousMethodHandler.invoke(SynchronousMethodHandler.java:70)
	at feign.ReflectiveFeign$FeignInvocationHandler.invoke(ReflectiveFeign.java:99)
	at jdk.proxy2/jdk.proxy2.$Proxy233.getUpcomingCallbacks(Unknown Source)
	at com.example.callcenter.Service.NotificationService.checkUpcomingCallbacks(NotificationService.java:107)
	at java.base/jdk.internal.reflect.NativeMethodAccessorImpl.invoke0(Native Method)
	at java.base/jdk.internal.reflect.NativeMethodAccessorImpl.invoke(NativeMethodAccessorImpl.java:77)
	at java.base/jdk.internal.reflect.DelegatingMethodAccessorImpl.invoke(DelegatingMethodAccessorImpl.java:43)
	at java.base/java.lang.reflect.Method.invoke(Method.java:569)
	at org.springframework.aop.support.AopUtils.invokeJoinpointUsingReflection(AopUtils.java:351)
	at org.springframework.aop.framework.ReflectiveMethodInvocation.invokeJoinpoint(ReflectiveMethodInvocation.java:196)
	at org.springframework.aop.framework.ReflectiveMethodInvocation.proceed(ReflectiveMethodInvocation.java:163)
	at org.springframework.aop.framework.CglibAopProxy$CglibMethodInvocation.proceed(CglibAopProxy.java:765)
	at org.springframework.transaction.interceptor.TransactionInterceptor$1.proceedWithInvocation(TransactionInterceptor.java:123)
	at org.springframework.transaction.interceptor.TransactionAspectSupport.invokeWithinTransaction(TransactionAspectSupport.java:385)
	at org.springframework.transaction.interceptor.TransactionInterceptor.invoke(TransactionInterceptor.java:119)
	at org.springframework.aop.framework.ReflectiveMethodInvocation.proceed(ReflectiveMethodInvocation.java:184)
	at org.springframework.aop.framework.CglibAopProxy$CglibMethodInvocation.proceed(CglibAopProxy.java:765)
	at org.springframework.aop.framework.CglibAopProxy$DynamicAdvisedInterceptor.intercept(CglibAopProxy.java:717)
	at com.example.callcenter.Service.NotificationService$$SpringCGLIB$$0.checkUpcomingCallbacks(<generated>)
	at java.base/jdk.internal.reflect.NativeMethodAccessorImpl.invoke0(Native Method)
	at java.base/jdk.internal.reflect.NativeMethodAccessorImpl.invoke(NativeMethodAccessorImpl.java:77)
	at java.base/jdk.internal.reflect.DelegatingMethodAccessorImpl.invoke(DelegatingMethodAccessorImpl.java:43)
	at java.base/java.lang.reflect.Method.invoke(Method.java:569)
	at org.springframework.scheduling.support.ScheduledMethodRunnable.runInternal(ScheduledMethodRunnable.java:130)
	at org.springframework.scheduling.support.ScheduledMethodRunnable.lambda$run$2(ScheduledMethodRunnable.java:124)
	at io.micrometer.observation.Observation.observe(Observation.java:499)
	at org.springframework.scheduling.support.ScheduledMethodRunnable.run(ScheduledMethodRunnable.java:124)
	at org.springframework.scheduling.support.DelegatingErrorHandlingRunnable.run(DelegatingErrorHandlingRunnable.java:54)
	at java.base/java.util.concurrent.Executors$RunnableAdapter.call(Executors.java:539)
	at java.base/java.util.concurrent.FutureTask.runAndReset(FutureTask.java:305)
	at java.base/java.util.concurrent.ScheduledThreadPoolExecutor$ScheduledFutureTask.run(ScheduledThreadPoolExecutor.java:305)
	at java.base/java.util.concurrent.ThreadPoolExecutor.runWorker(ThreadPoolExecutor.java:1136)
	at java.base/java.util.concurrent.ThreadPoolExecutor$Worker.run(ThreadPoolExecutor.java:635)
	at java.base/java.lang.Thread.run(Thread.java:840)
Caused by: java.net.ConnectException: Connection refused: getsockopt
	at java.base/sun.nio.ch.Net.pollConnect(Native Method)
	at java.base/sun.nio.ch.Net.pollConnectNow(Net.java:684)
	at java.base/sun.nio.ch.NioSocketImpl.timedFinishConnect(NioSocketImpl.java:547)
	at java.base/sun.nio.ch.NioSocketImpl.connect(NioSocketImpl.java:602)
	at java.base/java.net.Socket.connect(Socket.java:633)
	at java.base/sun.net.NetworkClient.doConnect(NetworkClient.java:178)
	at java.base/sun.net.www.http.HttpClient.openServer(HttpClient.java:533)
	at java.base/sun.net.www.http.HttpClient.openServer(HttpClient.java:638)
	at java.base/sun.net.www.http.HttpClient.<init>(HttpClient.java:283)
	at java.base/sun.net.www.http.HttpClient.New(HttpClient.java:386)
	at java.base/sun.net.www.http.HttpClient.New(HttpClient.java:408)
	at java.base/sun.net.www.protocol.http.HttpURLConnection.getNewHttpClient(HttpURLConnection.java:1329)
	at java.base/sun.net.www.protocol.http.HttpURLConnection.plainConnect0(HttpURLConnection.java:1262)
	at java.base/sun.net.www.protocol.http.HttpURLConnection.plainConnect(HttpURLConnection.java:1148)
	at java.base/sun.net.www.protocol.http.HttpURLConnection.connect(HttpURLConnection.java:1077)
	at java.base/sun.net.www.protocol.http.HttpURLConnection.getInputStream0(HttpURLConnection.java:1717)
	at java.base/sun.net.www.protocol.http.HttpURLConnection.getInputStream(HttpURLConnection.java:1641)
	at java.base/java.net.HttpURLConnection.getResponseCode(HttpURLConnection.java:529)
	at feign.Client$Default.convertResponse(Client.java:111)
	at feign.Client$Default.execute(Client.java:107)
	at feign.SynchronousMethodHandler.executeAndDecode(SynchronousMethodHandler.java:100)
	... 34 common frames omitted
2026-04-27 16:09:14,870 {yyyy-MM-dd HH:mm:ss} - INFO - c.e.callcenter.Service.NotificationService - === SCHEDULED METHOD RUNNING: checkUpcomingCallbacks === 
 2026-04-27 16:09:14,870 {yyyy-MM-dd HH:mm:ss} - INFO - c.e.callcenter.Service.NotificationService - Calling contact-service for upcoming callbacks... 
 2026-04-27 16:09:15,696 {yyyy-MM-dd HH:mm:ss} - ERROR - c.e.callcenter.Service.NotificationService - Error checking upcoming callbacks 
 feign.RetryableException: Connection refused: getsockopt executing GET http://localhost:8081/api/callbacks/upcoming
	at feign.FeignException.errorExecuting(FeignException.java:278)
	at feign.SynchronousMethodHandler.executeAndDecode(SynchronousMethodHandler.java:110)
	at feign.SynchronousMethodHandler.invoke(SynchronousMethodHandler.java:70)
	at feign.ReflectiveFeign$FeignInvocationHandler.invoke(ReflectiveFeign.java:99)
	at jdk.proxy2/jdk.proxy2.$Proxy233.getUpcomingCallbacks(Unknown Source)
	at com.example.callcenter.Service.NotificationService.checkUpcomingCallbacks(NotificationService.java:107)
	at java.base/jdk.internal.reflect.NativeMethodAccessorImpl.invoke0(Native Method)
	at java.base/jdk.internal.reflect.NativeMethodAccessorImpl.invoke(NativeMethodAccessorImpl.java:77)
	at java.base/jdk.internal.reflect.DelegatingMethodAccessorImpl.invoke(DelegatingMethodAccessorImpl.java:43)
	at java.base/java.lang.reflect.Method.invoke(Method.java:569)
	at org.springframework.aop.support.AopUtils.invokeJoinpointUsingReflection(AopUtils.java:351)
	at org.springframework.aop.framework.ReflectiveMethodInvocation.invokeJoinpoint(ReflectiveMethodInvocation.java:196)
	at org.springframework.aop.framework.ReflectiveMethodInvocation.proceed(ReflectiveMethodInvocation.java:163)
	at org.springframework.aop.framework.CglibAopProxy$CglibMethodInvocation.proceed(CglibAopProxy.java:765)
	at org.springframework.transaction.interceptor.TransactionInterceptor$1.proceedWithInvocation(TransactionInterceptor.java:123)
	at org.springframework.transaction.interceptor.TransactionAspectSupport.invokeWithinTransaction(TransactionAspectSupport.java:385)
	at org.springframework.transaction.interceptor.TransactionInterceptor.invoke(TransactionInterceptor.java:119)
	at org.springframework.aop.framework.ReflectiveMethodInvocation.proceed(ReflectiveMethodInvocation.java:184)
	at org.springframework.aop.framework.CglibAopProxy$CglibMethodInvocation.proceed(CglibAopProxy.java:765)
	at org.springframework.aop.framework.CglibAopProxy$DynamicAdvisedInterceptor.intercept(CglibAopProxy.java:717)
	at com.example.callcenter.Service.NotificationService$$SpringCGLIB$$0.checkUpcomingCallbacks(<generated>)
	at java.base/jdk.internal.reflect.NativeMethodAccessorImpl.invoke0(Native Method)
	at java.base/jdk.internal.reflect.NativeMethodAccessorImpl.invoke(NativeMethodAccessorImpl.java:77)
	at java.base/jdk.internal.reflect.DelegatingMethodAccessorImpl.invoke(DelegatingMethodAccessorImpl.java:43)
	at java.base/java.lang.reflect.Method.invoke(Method.java:569)
	at org.springframework.scheduling.support.ScheduledMethodRunnable.runInternal(ScheduledMethodRunnable.java:130)
	at org.springframework.scheduling.support.ScheduledMethodRunnable.lambda$run$2(ScheduledMethodRunnable.java:124)
	at io.micrometer.observation.Observation.observe(Observation.java:499)
	at org.springframework.scheduling.support.ScheduledMethodRunnable.run(ScheduledMethodRunnable.java:124)
	at org.springframework.scheduling.support.DelegatingErrorHandlingRunnable.run(DelegatingErrorHandlingRunnable.java:54)
	at java.base/java.util.concurrent.Executors$RunnableAdapter.call(Executors.java:539)
	at java.base/java.util.concurrent.FutureTask.runAndReset(FutureTask.java:305)
	at java.base/java.util.concurrent.ScheduledThreadPoolExecutor$ScheduledFutureTask.run(ScheduledThreadPoolExecutor.java:305)
	at java.base/java.util.concurrent.ThreadPoolExecutor.runWorker(ThreadPoolExecutor.java:1136)
	at java.base/java.util.concurrent.ThreadPoolExecutor$Worker.run(ThreadPoolExecutor.java:635)
	at java.base/java.lang.Thread.run(Thread.java:840)
Caused by: java.net.ConnectException: Connection refused: getsockopt
	at java.base/sun.nio.ch.Net.pollConnect(Native Method)
	at java.base/sun.nio.ch.Net.pollConnectNow(Net.java:684)
	at java.base/sun.nio.ch.NioSocketImpl.timedFinishConnect(NioSocketImpl.java:547)
	at java.base/sun.nio.ch.NioSocketImpl.connect(NioSocketImpl.java:602)
	at java.base/java.net.Socket.connect(Socket.java:633)
	at java.base/sun.net.NetworkClient.doConnect(NetworkClient.java:178)
	at java.base/sun.net.www.http.HttpClient.openServer(HttpClient.java:533)
	at java.base/sun.net.www.http.HttpClient.openServer(HttpClient.java:638)
	at java.base/sun.net.www.http.HttpClient.<init>(HttpClient.java:283)
	at java.base/sun.net.www.http.HttpClient.New(HttpClient.java:386)
	at java.base/sun.net.www.http.HttpClient.New(HttpClient.java:408)
	at java.base/sun.net.www.protocol.http.HttpURLConnection.getNewHttpClient(HttpURLConnection.java:1329)
	at java.base/sun.net.www.protocol.http.HttpURLConnection.plainConnect0(HttpURLConnection.java:1262)
	at java.base/sun.net.www.protocol.http.HttpURLConnection.plainConnect(HttpURLConnection.java:1148)
	at java.base/sun.net.www.protocol.http.HttpURLConnection.connect(HttpURLConnection.java:1077)
	at java.base/sun.net.www.protocol.http.HttpURLConnection.getInputStream0(HttpURLConnection.java:1717)
	at java.base/sun.net.www.protocol.http.HttpURLConnection.getInputStream(HttpURLConnection.java:1641)
	at java.base/java.net.HttpURLConnection.getResponseCode(HttpURLConnection.java:529)
	at feign.Client$Default.convertResponse(Client.java:111)
	at feign.Client$Default.execute(Client.java:107)
	at feign.SynchronousMethodHandler.executeAndDecode(SynchronousMethodHandler.java:100)
	... 34 common frames omitted
2026-04-27 16:10:17,531 {yyyy-MM-dd HH:mm:ss} - INFO - c.e.callcenter.Service.NotificationService - === SCHEDULED METHOD RUNNING: checkUpcomingCallbacks === 
 2026-04-27 16:10:17,532 {yyyy-MM-dd HH:mm:ss} - INFO - c.e.callcenter.Service.NotificationService - Calling contact-service for upcoming callbacks... 
 2026-04-27 16:10:19,183 {yyyy-MM-dd HH:mm:ss} - ERROR - c.e.callcenter.Service.NotificationService - Error checking upcoming callbacks 
 feign.RetryableException: Connection refused: getsockopt executing GET http://localhost:8081/api/callbacks/upcoming
	at feign.FeignException.errorExecuting(FeignException.java:278)
	at feign.SynchronousMethodHandler.executeAndDecode(SynchronousMethodHandler.java:110)
	at feign.SynchronousMethodHandler.invoke(SynchronousMethodHandler.java:70)
	at feign.ReflectiveFeign$FeignInvocationHandler.invoke(ReflectiveFeign.java:99)
	at jdk.proxy2/jdk.proxy2.$Proxy233.getUpcomingCallbacks(Unknown Source)
	at com.example.callcenter.Service.NotificationService.checkUpcomingCallbacks(NotificationService.java:107)
	at jdk.internal.reflect.GeneratedMethodAccessor75.invoke(Unknown Source)
	at java.base/jdk.internal.reflect.DelegatingMethodAccessorImpl.invoke(DelegatingMethodAccessorImpl.java:43)
	at java.base/java.lang.reflect.Method.invoke(Method.java:569)
	at org.springframework.aop.support.AopUtils.invokeJoinpointUsingReflection(AopUtils.java:351)
	at org.springframework.aop.framework.ReflectiveMethodInvocation.invokeJoinpoint(ReflectiveMethodInvocation.java:196)
	at org.springframework.aop.framework.ReflectiveMethodInvocation.proceed(ReflectiveMethodInvocation.java:163)
	at org.springframework.aop.framework.CglibAopProxy$CglibMethodInvocation.proceed(CglibAopProxy.java:765)
	at org.springframework.transaction.interceptor.TransactionInterceptor$1.proceedWithInvocation(TransactionInterceptor.java:123)
	at org.springframework.transaction.interceptor.TransactionAspectSupport.invokeWithinTransaction(TransactionAspectSupport.java:385)
	at org.springframework.transaction.interceptor.TransactionInterceptor.invoke(TransactionInterceptor.java:119)
	at org.springframework.aop.framework.ReflectiveMethodInvocation.proceed(ReflectiveMethodInvocation.java:184)
	at org.springframework.aop.framework.CglibAopProxy$CglibMethodInvocation.proceed(CglibAopProxy.java:765)
	at org.springframework.aop.framework.CglibAopProxy$DynamicAdvisedInterceptor.intercept(CglibAopProxy.java:717)
	at com.example.callcenter.Service.NotificationService$$SpringCGLIB$$0.checkUpcomingCallbacks(<generated>)
	at jdk.internal.reflect.GeneratedMethodAccessor75.invoke(Unknown Source)
	at java.base/jdk.internal.reflect.DelegatingMethodAccessorImpl.invoke(DelegatingMethodAccessorImpl.java:43)
	at java.base/java.lang.reflect.Method.invoke(Method.java:569)
	at org.springframework.scheduling.support.ScheduledMethodRunnable.runInternal(ScheduledMethodRunnable.java:130)
	at org.springframework.scheduling.support.ScheduledMethodRunnable.lambda$run$2(ScheduledMethodRunnable.java:124)
	at io.micrometer.observation.Observation.observe(Observation.java:499)
	at org.springframework.scheduling.support.ScheduledMethodRunnable.run(ScheduledMethodRunnable.java:124)
	at org.springframework.scheduling.support.DelegatingErrorHandlingRunnable.run(DelegatingErrorHandlingRunnable.java:54)
	at java.base/java.util.concurrent.Executors$RunnableAdapter.call(Executors.java:539)
	at java.base/java.util.concurrent.FutureTask.runAndReset(FutureTask.java:305)
	at java.base/java.util.concurrent.ScheduledThreadPoolExecutor$ScheduledFutureTask.run(ScheduledThreadPoolExecutor.java:305)
	at java.base/java.util.concurrent.ThreadPoolExecutor.runWorker(ThreadPoolExecutor.java:1136)
	at java.base/java.util.concurrent.ThreadPoolExecutor$Worker.run(ThreadPoolExecutor.java:635)
	at java.base/java.lang.Thread.run(Thread.java:840)
Caused by: java.net.ConnectException: Connection refused: getsockopt
	at java.base/sun.nio.ch.Net.pollConnect(Native Method)
	at java.base/sun.nio.ch.Net.pollConnectNow(Net.java:684)
	at java.base/sun.nio.ch.NioSocketImpl.timedFinishConnect(NioSocketImpl.java:547)
	at java.base/sun.nio.ch.NioSocketImpl.connect(NioSocketImpl.java:602)
	at java.base/java.net.Socket.connect(Socket.java:633)
	at java.base/sun.net.NetworkClient.doConnect(NetworkClient.java:178)
	at java.base/sun.net.www.http.HttpClient.openServer(HttpClient.java:533)
	at java.base/sun.net.www.http.HttpClient.openServer(HttpClient.java:638)
	at java.base/sun.net.www.http.HttpClient.<init>(HttpClient.java:283)
	at java.base/sun.net.www.http.HttpClient.New(HttpClient.java:386)
	at java.base/sun.net.www.http.HttpClient.New(HttpClient.java:408)
	at java.base/sun.net.www.protocol.http.HttpURLConnection.getNewHttpClient(HttpURLConnection.java:1329)
	at java.base/sun.net.www.protocol.http.HttpURLConnection.plainConnect0(HttpURLConnection.java:1262)
	at java.base/sun.net.www.protocol.http.HttpURLConnection.plainConnect(HttpURLConnection.java:1148)
	at java.base/sun.net.www.protocol.http.HttpURLConnection.connect(HttpURLConnection.java:1077)
	at java.base/sun.net.www.protocol.http.HttpURLConnection.getInputStream0(HttpURLConnection.java:1717)
	at java.base/sun.net.www.protocol.http.HttpURLConnection.getInputStream(HttpURLConnection.java:1641)
	at java.base/java.net.HttpURLConnection.getResponseCode(HttpURLConnection.java:529)
	at feign.Client$Default.convertResponse(Client.java:111)
	at feign.Client$Default.execute(Client.java:107)
	at feign.SynchronousMethodHandler.executeAndDecode(SynchronousMethodHandler.java:100)
	... 32 common frames omitted
2026-04-27 16:11:13,794 {yyyy-MM-dd HH:mm:ss} - INFO - c.e.callcenter.Service.NotificationService - === SCHEDULED METHOD RUNNING: checkUpcomingCallbacks === 
 2026-04-27 16:11:13,794 {yyyy-MM-dd HH:mm:ss} - INFO - c.e.callcenter.Service.NotificationService - Calling contact-service for upcoming callbacks... 
 2026-04-27 16:11:14,019 {yyyy-MM-dd HH:mm:ss} - ERROR - c.e.callcenter.Service.NotificationService - Error checking upcoming callbacks 
 feign.RetryableException: Connection refused: getsockopt executing GET http://localhost:8081/api/callbacks/upcoming
	at feign.FeignException.errorExecuting(FeignException.java:278)
	at feign.SynchronousMethodHandler.executeAndDecode(SynchronousMethodHandler.java:110)
	at feign.SynchronousMethodHandler.invoke(SynchronousMethodHandler.java:70)
	at feign.ReflectiveFeign$FeignInvocationHandler.invoke(ReflectiveFeign.java:99)
	at jdk.proxy2/jdk.proxy2.$Proxy233.getUpcomingCallbacks(Unknown Source)
	at com.example.callcenter.Service.NotificationService.checkUpcomingCallbacks(NotificationService.java:107)
	at jdk.internal.reflect.GeneratedMethodAccessor75.invoke(Unknown Source)
	at java.base/jdk.internal.reflect.DelegatingMethodAccessorImpl.invoke(DelegatingMethodAccessorImpl.java:43)
	at java.base/java.lang.reflect.Method.invoke(Method.java:569)
	at org.springframework.aop.support.AopUtils.invokeJoinpointUsingReflection(AopUtils.java:351)
	at org.springframework.aop.framework.ReflectiveMethodInvocation.invokeJoinpoint(ReflectiveMethodInvocation.java:196)
	at org.springframework.aop.framework.ReflectiveMethodInvocation.proceed(ReflectiveMethodInvocation.java:163)
	at org.springframework.aop.framework.CglibAopProxy$CglibMethodInvocation.proceed(CglibAopProxy.java:765)
	at org.springframework.transaction.interceptor.TransactionInterceptor$1.proceedWithInvocation(TransactionInterceptor.java:123)
	at org.springframework.transaction.interceptor.TransactionAspectSupport.invokeWithinTransaction(TransactionAspectSupport.java:385)
	at org.springframework.transaction.interceptor.TransactionInterceptor.invoke(TransactionInterceptor.java:119)
	at org.springframework.aop.framework.ReflectiveMethodInvocation.proceed(ReflectiveMethodInvocation.java:184)
	at org.springframework.aop.framework.CglibAopProxy$CglibMethodInvocation.proceed(CglibAopProxy.java:765)
	at org.springframework.aop.framework.CglibAopProxy$DynamicAdvisedInterceptor.intercept(CglibAopProxy.java:717)
	at com.example.callcenter.Service.NotificationService$$SpringCGLIB$$0.checkUpcomingCallbacks(<generated>)
	at jdk.internal.reflect.GeneratedMethodAccessor75.invoke(Unknown Source)
	at java.base/jdk.internal.reflect.DelegatingMethodAccessorImpl.invoke(DelegatingMethodAccessorImpl.java:43)
	at java.base/java.lang.reflect.Method.invoke(Method.java:569)
	at org.springframework.scheduling.support.ScheduledMethodRunnable.runInternal(ScheduledMethodRunnable.java:130)
	at org.springframework.scheduling.support.ScheduledMethodRunnable.lambda$run$2(ScheduledMethodRunnable.java:124)
	at io.micrometer.observation.Observation.observe(Observation.java:499)
	at org.springframework.scheduling.support.ScheduledMethodRunnable.run(ScheduledMethodRunnable.java:124)
	at org.springframework.scheduling.support.DelegatingErrorHandlingRunnable.run(DelegatingErrorHandlingRunnable.java:54)
	at java.base/java.util.concurrent.Executors$RunnableAdapter.call(Executors.java:539)
	at java.base/java.util.concurrent.FutureTask.runAndReset(FutureTask.java:305)
	at java.base/java.util.concurrent.ScheduledThreadPoolExecutor$ScheduledFutureTask.run(ScheduledThreadPoolExecutor.java:305)
	at java.base/java.util.concurrent.ThreadPoolExecutor.runWorker(ThreadPoolExecutor.java:1136)
	at java.base/java.util.concurrent.ThreadPoolExecutor$Worker.run(ThreadPoolExecutor.java:635)
	at java.base/java.lang.Thread.run(Thread.java:840)
Caused by: java.net.ConnectException: Connection refused: getsockopt
	at java.base/sun.nio.ch.Net.pollConnect(Native Method)
	at java.base/sun.nio.ch.Net.pollConnectNow(Net.java:684)
	at java.base/sun.nio.ch.NioSocketImpl.timedFinishConnect(NioSocketImpl.java:547)
	at java.base/sun.nio.ch.NioSocketImpl.connect(NioSocketImpl.java:602)
	at java.base/java.net.Socket.connect(Socket.java:633)
	at java.base/sun.net.NetworkClient.doConnect(NetworkClient.java:178)
	at java.base/sun.net.www.http.HttpClient.openServer(HttpClient.java:533)
	at java.base/sun.net.www.http.HttpClient.openServer(HttpClient.java:638)
	at java.base/sun.net.www.http.HttpClient.<init>(HttpClient.java:283)
	at java.base/sun.net.www.http.HttpClient.New(HttpClient.java:386)
	at java.base/sun.net.www.http.HttpClient.New(HttpClient.java:408)
	at java.base/sun.net.www.protocol.http.HttpURLConnection.getNewHttpClient(HttpURLConnection.java:1329)
	at java.base/sun.net.www.protocol.http.HttpURLConnection.plainConnect0(HttpURLConnection.java:1262)
	at java.base/sun.net.www.protocol.http.HttpURLConnection.plainConnect(HttpURLConnection.java:1148)
	at java.base/sun.net.www.protocol.http.HttpURLConnection.connect(HttpURLConnection.java:1077)
	at java.base/sun.net.www.protocol.http.HttpURLConnection.getInputStream0(HttpURLConnection.java:1717)
	at java.base/sun.net.www.protocol.http.HttpURLConnection.getInputStream(HttpURLConnection.java:1641)
	at java.base/java.net.HttpURLConnection.getResponseCode(HttpURLConnection.java:529)
	at feign.Client$Default.convertResponse(Client.java:111)
	at feign.Client$Default.execute(Client.java:107)
	at feign.SynchronousMethodHandler.executeAndDecode(SynchronousMethodHandler.java:100)
	... 32 common frames omitted
2026-04-27 16:12:13,842 {yyyy-MM-dd HH:mm:ss} - INFO - c.e.callcenter.Service.NotificationService - Checking for due callbacks... 
 2026-04-27 16:12:13,842 {yyyy-MM-dd HH:mm:ss} - INFO - c.e.callcenter.Service.NotificationService - === SCHEDULED METHOD RUNNING: checkUpcomingCallbacks === 
 2026-04-27 16:12:13,843 {yyyy-MM-dd HH:mm:ss} - INFO - c.e.callcenter.Service.NotificationService - Calling contact-service for upcoming callbacks... 
 2026-04-27 16:12:14,047 {yyyy-MM-dd HH:mm:ss} - ERROR - c.e.callcenter.Service.NotificationService - Error checking due callbacks 
 feign.RetryableException: Connection refused: getsockopt executing GET http://localhost:8081/api/callbacks/upcoming
	at feign.FeignException.errorExecuting(FeignException.java:278)
	at feign.SynchronousMethodHandler.executeAndDecode(SynchronousMethodHandler.java:110)
	at feign.SynchronousMethodHandler.invoke(SynchronousMethodHandler.java:70)
	at feign.ReflectiveFeign$FeignInvocationHandler.invoke(ReflectiveFeign.java:99)
	at jdk.proxy2/jdk.proxy2.$Proxy233.getUpcomingCallbacks(Unknown Source)
	at com.example.callcenter.Service.NotificationService.checkDueCallbacks(NotificationService.java:137)
	at java.base/jdk.internal.reflect.NativeMethodAccessorImpl.invoke0(Native Method)
	at java.base/jdk.internal.reflect.NativeMethodAccessorImpl.invoke(NativeMethodAccessorImpl.java:77)
	at java.base/jdk.internal.reflect.DelegatingMethodAccessorImpl.invoke(DelegatingMethodAccessorImpl.java:43)
	at java.base/java.lang.reflect.Method.invoke(Method.java:569)
	at org.springframework.aop.support.AopUtils.invokeJoinpointUsingReflection(AopUtils.java:351)
	at org.springframework.aop.framework.ReflectiveMethodInvocation.invokeJoinpoint(ReflectiveMethodInvocation.java:196)
	at org.springframework.aop.framework.ReflectiveMethodInvocation.proceed(ReflectiveMethodInvocation.java:163)
	at org.springframework.aop.framework.CglibAopProxy$CglibMethodInvocation.proceed(CglibAopProxy.java:765)
	at org.springframework.transaction.interceptor.TransactionInterceptor$1.proceedWithInvocation(TransactionInterceptor.java:123)
	at org.springframework.transaction.interceptor.TransactionAspectSupport.invokeWithinTransaction(TransactionAspectSupport.java:385)
	at org.springframework.transaction.interceptor.TransactionInterceptor.invoke(TransactionInterceptor.java:119)
	at org.springframework.aop.framework.ReflectiveMethodInvocation.proceed(ReflectiveMethodInvocation.java:184)
	at org.springframework.aop.framework.CglibAopProxy$CglibMethodInvocation.proceed(CglibAopProxy.java:765)
	at org.springframework.aop.framework.CglibAopProxy$DynamicAdvisedInterceptor.intercept(CglibAopProxy.java:717)
	at com.example.callcenter.Service.NotificationService$$SpringCGLIB$$0.checkDueCallbacks(<generated>)
	at java.base/jdk.internal.reflect.NativeMethodAccessorImpl.invoke0(Native Method)
	at java.base/jdk.internal.reflect.NativeMethodAccessorImpl.invoke(NativeMethodAccessorImpl.java:77)
	at java.base/jdk.internal.reflect.DelegatingMethodAccessorImpl.invoke(DelegatingMethodAccessorImpl.java:43)
	at java.base/java.lang.reflect.Method.invoke(Method.java:569)
	at org.springframework.scheduling.support.ScheduledMethodRunnable.runInternal(ScheduledMethodRunnable.java:130)
	at org.springframework.scheduling.support.ScheduledMethodRunnable.lambda$run$2(ScheduledMethodRunnable.java:124)
	at io.micrometer.observation.Observation.observe(Observation.java:499)
	at org.springframework.scheduling.support.ScheduledMethodRunnable.run(ScheduledMethodRunnable.java:124)
	at org.springframework.scheduling.support.DelegatingErrorHandlingRunnable.run(DelegatingErrorHandlingRunnable.java:54)
	at java.base/java.util.concurrent.Executors$RunnableAdapter.call(Executors.java:539)
	at java.base/java.util.concurrent.FutureTask.runAndReset(FutureTask.java:305)
	at java.base/java.util.concurrent.ScheduledThreadPoolExecutor$ScheduledFutureTask.run(ScheduledThreadPoolExecutor.java:305)
	at java.base/java.util.concurrent.ThreadPoolExecutor.runWorker(ThreadPoolExecutor.java:1136)
	at java.base/java.util.concurrent.ThreadPoolExecutor$Worker.run(ThreadPoolExecutor.java:635)
	at java.base/java.lang.Thread.run(Thread.java:840)
Caused by: java.net.ConnectException: Connection refused: getsockopt
	at java.base/sun.nio.ch.Net.pollConnect(Native Method)
	at java.base/sun.nio.ch.Net.pollConnectNow(Net.java:684)
	at java.base/sun.nio.ch.NioSocketImpl.timedFinishConnect(NioSocketImpl.java:547)
	at java.base/sun.nio.ch.NioSocketImpl.connect(NioSocketImpl.java:602)
	at java.base/java.net.Socket.connect(Socket.java:633)
	at java.base/sun.net.NetworkClient.doConnect(NetworkClient.java:178)
	at java.base/sun.net.www.http.HttpClient.openServer(HttpClient.java:533)
	at java.base/sun.net.www.http.HttpClient.openServer(HttpClient.java:638)
	at java.base/sun.net.www.http.HttpClient.<init>(HttpClient.java:283)
	at java.base/sun.net.www.http.HttpClient.New(HttpClient.java:386)
	at java.base/sun.net.www.http.HttpClient.New(HttpClient.java:408)
	at java.base/sun.net.www.protocol.http.HttpURLConnection.getNewHttpClient(HttpURLConnection.java:1329)
	at java.base/sun.net.www.protocol.http.HttpURLConnection.plainConnect0(HttpURLConnection.java:1262)
	at java.base/sun.net.www.protocol.http.HttpURLConnection.plainConnect(HttpURLConnection.java:1148)
	at java.base/sun.net.www.protocol.http.HttpURLConnection.connect(HttpURLConnection.java:1077)
	at java.base/sun.net.www.protocol.http.HttpURLConnection.getInputStream0(HttpURLConnection.java:1717)
	at java.base/sun.net.www.protocol.http.HttpURLConnection.getInputStream(HttpURLConnection.java:1641)
	at java.base/java.net.HttpURLConnection.getResponseCode(HttpURLConnection.java:529)
	at feign.Client$Default.convertResponse(Client.java:111)
	at feign.Client$Default.execute(Client.java:107)
	at feign.SynchronousMethodHandler.executeAndDecode(SynchronousMethodHandler.java:100)
	... 34 common frames omitted
2026-04-27 16:12:14,052 {yyyy-MM-dd HH:mm:ss} - ERROR - c.e.callcenter.Service.NotificationService - Error checking upcoming callbacks 
 feign.RetryableException: Connection refused: getsockopt executing GET http://localhost:8081/api/callbacks/upcoming
	at feign.FeignException.errorExecuting(FeignException.java:278)
	at feign.SynchronousMethodHandler.executeAndDecode(SynchronousMethodHandler.java:110)
	at feign.SynchronousMethodHandler.invoke(SynchronousMethodHandler.java:70)
	at feign.ReflectiveFeign$FeignInvocationHandler.invoke(ReflectiveFeign.java:99)
	at jdk.proxy2/jdk.proxy2.$Proxy233.getUpcomingCallbacks(Unknown Source)
	at com.example.callcenter.Service.NotificationService.checkUpcomingCallbacks(NotificationService.java:107)
	at jdk.internal.reflect.GeneratedMethodAccessor75.invoke(Unknown Source)
	at java.base/jdk.internal.reflect.DelegatingMethodAccessorImpl.invoke(DelegatingMethodAccessorImpl.java:43)
	at java.base/java.lang.reflect.Method.invoke(Method.java:569)
	at org.springframework.aop.support.AopUtils.invokeJoinpointUsingReflection(AopUtils.java:351)
	at org.springframework.aop.framework.ReflectiveMethodInvocation.invokeJoinpoint(ReflectiveMethodInvocation.java:196)
	at org.springframework.aop.framework.ReflectiveMethodInvocation.proceed(ReflectiveMethodInvocation.java:163)
	at org.springframework.aop.framework.CglibAopProxy$CglibMethodInvocation.proceed(CglibAopProxy.java:765)
	at org.springframework.transaction.interceptor.TransactionInterceptor$1.proceedWithInvocation(TransactionInterceptor.java:123)
	at org.springframework.transaction.interceptor.TransactionAspectSupport.invokeWithinTransaction(TransactionAspectSupport.java:385)
	at org.springframework.transaction.interceptor.TransactionInterceptor.invoke(TransactionInterceptor.java:119)
	at org.springframework.aop.framework.ReflectiveMethodInvocation.proceed(ReflectiveMethodInvocation.java:184)
	at org.springframework.aop.framework.CglibAopProxy$CglibMethodInvocation.proceed(CglibAopProxy.java:765)
	at org.springframework.aop.framework.CglibAopProxy$DynamicAdvisedInterceptor.intercept(CglibAopProxy.java:717)
	at com.example.callcenter.Service.NotificationService$$SpringCGLIB$$0.checkUpcomingCallbacks(<generated>)
	at jdk.internal.reflect.GeneratedMethodAccessor75.invoke(Unknown Source)
	at java.base/jdk.internal.reflect.DelegatingMethodAccessorImpl.invoke(DelegatingMethodAccessorImpl.java:43)
	at java.base/java.lang.reflect.Method.invoke(Method.java:569)
	at org.springframework.scheduling.support.ScheduledMethodRunnable.runInternal(ScheduledMethodRunnable.java:130)
	at org.springframework.scheduling.support.ScheduledMethodRunnable.lambda$run$2(ScheduledMethodRunnable.java:124)
	at io.micrometer.observation.Observation.observe(Observation.java:499)
	at org.springframework.scheduling.support.ScheduledMethodRunnable.run(ScheduledMethodRunnable.java:124)
	at org.springframework.scheduling.support.DelegatingErrorHandlingRunnable.run(DelegatingErrorHandlingRunnable.java:54)
	at java.base/java.util.concurrent.Executors$RunnableAdapter.call(Executors.java:539)
	at java.base/java.util.concurrent.FutureTask.runAndReset(FutureTask.java:305)
	at java.base/java.util.concurrent.ScheduledThreadPoolExecutor$ScheduledFutureTask.run(ScheduledThreadPoolExecutor.java:305)
	at java.base/java.util.concurrent.ThreadPoolExecutor.runWorker(ThreadPoolExecutor.java:1136)
	at java.base/java.util.concurrent.ThreadPoolExecutor$Worker.run(ThreadPoolExecutor.java:635)
	at java.base/java.lang.Thread.run(Thread.java:840)
Caused by: java.net.ConnectException: Connection refused: getsockopt
	at java.base/sun.nio.ch.Net.pollConnect(Native Method)
	at java.base/sun.nio.ch.Net.pollConnectNow(Net.java:684)
	at java.base/sun.nio.ch.NioSocketImpl.timedFinishConnect(NioSocketImpl.java:547)
	at java.base/sun.nio.ch.NioSocketImpl.connect(NioSocketImpl.java:602)
	at java.base/java.net.Socket.connect(Socket.java:633)
	at java.base/sun.net.NetworkClient.doConnect(NetworkClient.java:178)
	at java.base/sun.net.www.http.HttpClient.openServer(HttpClient.java:533)
	at java.base/sun.net.www.http.HttpClient.openServer(HttpClient.java:638)
	at java.base/sun.net.www.http.HttpClient.<init>(HttpClient.java:283)
	at java.base/sun.net.www.http.HttpClient.New(HttpClient.java:386)
	at java.base/sun.net.www.http.HttpClient.New(HttpClient.java:408)
	at java.base/sun.net.www.protocol.http.HttpURLConnection.getNewHttpClient(HttpURLConnection.java:1329)
	at java.base/sun.net.www.protocol.http.HttpURLConnection.plainConnect0(HttpURLConnection.java:1262)
	at java.base/sun.net.www.protocol.http.HttpURLConnection.plainConnect(HttpURLConnection.java:1148)
	at java.base/sun.net.www.protocol.http.HttpURLConnection.connect(HttpURLConnection.java:1077)
	at java.base/sun.net.www.protocol.http.HttpURLConnection.getInputStream0(HttpURLConnection.java:1717)
	at java.base/sun.net.www.protocol.http.HttpURLConnection.getInputStream(HttpURLConnection.java:1641)
	at java.base/java.net.HttpURLConnection.getResponseCode(HttpURLConnection.java:529)
	at feign.Client$Default.convertResponse(Client.java:111)
	at feign.Client$Default.execute(Client.java:107)
	at feign.SynchronousMethodHandler.executeAndDecode(SynchronousMethodHandler.java:100)
	... 32 common frames omitted
2026-04-27 16:13:13,794 {yyyy-MM-dd HH:mm:ss} - INFO - c.e.callcenter.Service.NotificationService - === SCHEDULED METHOD RUNNING: checkUpcomingCallbacks === 
 2026-04-27 16:13:13,795 {yyyy-MM-dd HH:mm:ss} - INFO - c.e.callcenter.Service.NotificationService - Calling contact-service for upcoming callbacks... 
 2026-04-27 16:13:14,026 {yyyy-MM-dd HH:mm:ss} - ERROR - c.e.callcenter.Service.NotificationService - Error checking upcoming callbacks 
 feign.RetryableException: Connection refused: getsockopt executing GET http://localhost:8081/api/callbacks/upcoming
	at feign.FeignException.errorExecuting(FeignException.java:278)
	at feign.SynchronousMethodHandler.executeAndDecode(SynchronousMethodHandler.java:110)
	at feign.SynchronousMethodHandler.invoke(SynchronousMethodHandler.java:70)
	at feign.ReflectiveFeign$FeignInvocationHandler.invoke(ReflectiveFeign.java:99)
	at jdk.proxy2/jdk.proxy2.$Proxy233.getUpcomingCallbacks(Unknown Source)
	at com.example.callcenter.Service.NotificationService.checkUpcomingCallbacks(NotificationService.java:107)
	at jdk.internal.reflect.GeneratedMethodAccessor75.invoke(Unknown Source)
	at java.base/jdk.internal.reflect.DelegatingMethodAccessorImpl.invoke(DelegatingMethodAccessorImpl.java:43)
	at java.base/java.lang.reflect.Method.invoke(Method.java:569)
	at org.springframework.aop.support.AopUtils.invokeJoinpointUsingReflection(AopUtils.java:351)
	at org.springframework.aop.framework.ReflectiveMethodInvocation.invokeJoinpoint(ReflectiveMethodInvocation.java:196)
	at org.springframework.aop.framework.ReflectiveMethodInvocation.proceed(ReflectiveMethodInvocation.java:163)
	at org.springframework.aop.framework.CglibAopProxy$CglibMethodInvocation.proceed(CglibAopProxy.java:765)
	at org.springframework.transaction.interceptor.TransactionInterceptor$1.proceedWithInvocation(TransactionInterceptor.java:123)
	at org.springframework.transaction.interceptor.TransactionAspectSupport.invokeWithinTransaction(TransactionAspectSupport.java:385)
	at org.springframework.transaction.interceptor.TransactionInterceptor.invoke(TransactionInterceptor.java:119)
	at org.springframework.aop.framework.ReflectiveMethodInvocation.proceed(ReflectiveMethodInvocation.java:184)
	at org.springframework.aop.framework.CglibAopProxy$CglibMethodInvocation.proceed(CglibAopProxy.java:765)
	at org.springframework.aop.framework.CglibAopProxy$DynamicAdvisedInterceptor.intercept(CglibAopProxy.java:717)
	at com.example.callcenter.Service.NotificationService$$SpringCGLIB$$0.checkUpcomingCallbacks(<generated>)
	at jdk.internal.reflect.GeneratedMethodAccessor75.invoke(Unknown Source)
	at java.base/jdk.internal.reflect.DelegatingMethodAccessorImpl.invoke(DelegatingMethodAccessorImpl.java:43)
	at java.base/java.lang.reflect.Method.invoke(Method.java:569)
	at org.springframework.scheduling.support.ScheduledMethodRunnable.runInternal(ScheduledMethodRunnable.java:130)
	at org.springframework.scheduling.support.ScheduledMethodRunnable.lambda$run$2(ScheduledMethodRunnable.java:124)
	at io.micrometer.observation.Observation.observe(Observation.java:499)
	at org.springframework.scheduling.support.ScheduledMethodRunnable.run(ScheduledMethodRunnable.java:124)
	at org.springframework.scheduling.support.DelegatingErrorHandlingRunnable.run(DelegatingErrorHandlingRunnable.java:54)
	at java.base/java.util.concurrent.Executors$RunnableAdapter.call(Executors.java:539)
	at java.base/java.util.concurrent.FutureTask.runAndReset(FutureTask.java:305)
	at java.base/java.util.concurrent.ScheduledThreadPoolExecutor$ScheduledFutureTask.run(ScheduledThreadPoolExecutor.java:305)
	at java.base/java.util.concurrent.ThreadPoolExecutor.runWorker(ThreadPoolExecutor.java:1136)
	at java.base/java.util.concurrent.ThreadPoolExecutor$Worker.run(ThreadPoolExecutor.java:635)
	at java.base/java.lang.Thread.run(Thread.java:840)
Caused by: java.net.ConnectException: Connection refused: getsockopt
	at java.base/sun.nio.ch.Net.pollConnect(Native Method)
	at java.base/sun.nio.ch.Net.pollConnectNow(Net.java:684)
	at java.base/sun.nio.ch.NioSocketImpl.timedFinishConnect(NioSocketImpl.java:547)
	at java.base/sun.nio.ch.NioSocketImpl.connect(NioSocketImpl.java:602)
	at java.base/java.net.Socket.connect(Socket.java:633)
	at java.base/sun.net.NetworkClient.doConnect(NetworkClient.java:178)
	at java.base/sun.net.www.http.HttpClient.openServer(HttpClient.java:533)
	at java.base/sun.net.www.http.HttpClient.openServer(HttpClient.java:638)
	at java.base/sun.net.www.http.HttpClient.<init>(HttpClient.java:283)
	at java.base/sun.net.www.http.HttpClient.New(HttpClient.java:386)
	at java.base/sun.net.www.http.HttpClient.New(HttpClient.java:408)
	at java.base/sun.net.www.protocol.http.HttpURLConnection.getNewHttpClient(HttpURLConnection.java:1329)
	at java.base/sun.net.www.protocol.http.HttpURLConnection.plainConnect0(HttpURLConnection.java:1262)
	at java.base/sun.net.www.protocol.http.HttpURLConnection.plainConnect(HttpURLConnection.java:1148)
	at java.base/sun.net.www.protocol.http.HttpURLConnection.connect(HttpURLConnection.java:1077)
	at java.base/sun.net.www.protocol.http.HttpURLConnection.getInputStream0(HttpURLConnection.java:1717)
	at java.base/sun.net.www.protocol.http.HttpURLConnection.getInputStream(HttpURLConnection.java:1641)
	at java.base/java.net.HttpURLConnection.getResponseCode(HttpURLConnection.java:529)
	at feign.Client$Default.convertResponse(Client.java:111)
	at feign.Client$Default.execute(Client.java:107)
	at feign.SynchronousMethodHandler.executeAndDecode(SynchronousMethodHandler.java:100)
	... 32 common frames omitted
2026-04-27 16:14:13,712 {yyyy-MM-dd HH:mm:ss} - INFO - c.e.callcenter.Service.NotificationService - === SCHEDULED METHOD RUNNING: checkUpcomingCallbacks === 
 2026-04-27 16:14:13,712 {yyyy-MM-dd HH:mm:ss} - INFO - c.e.callcenter.Service.NotificationService - Calling contact-service for upcoming callbacks... 
 2026-04-27 16:14:14,001 {yyyy-MM-dd HH:mm:ss} - ERROR - c.e.callcenter.Service.NotificationService - Error checking upcoming callbacks 
 feign.RetryableException: Connection refused: getsockopt executing GET http://localhost:8081/api/callbacks/upcoming
	at feign.FeignException.errorExecuting(FeignException.java:278)
	at feign.SynchronousMethodHandler.executeAndDecode(SynchronousMethodHandler.java:110)
	at feign.SynchronousMethodHandler.invoke(SynchronousMethodHandler.java:70)
	at feign.ReflectiveFeign$FeignInvocationHandler.invoke(ReflectiveFeign.java:99)
	at jdk.proxy2/jdk.proxy2.$Proxy233.getUpcomingCallbacks(Unknown Source)
	at com.example.callcenter.Service.NotificationService.checkUpcomingCallbacks(NotificationService.java:107)
	at jdk.internal.reflect.GeneratedMethodAccessor75.invoke(Unknown Source)
	at java.base/jdk.internal.reflect.DelegatingMethodAccessorImpl.invoke(DelegatingMethodAccessorImpl.java:43)
	at java.base/java.lang.reflect.Method.invoke(Method.java:569)
	at org.springframework.aop.support.AopUtils.invokeJoinpointUsingReflection(AopUtils.java:351)
	at org.springframework.aop.framework.ReflectiveMethodInvocation.invokeJoinpoint(ReflectiveMethodInvocation.java:196)
	at org.springframework.aop.framework.ReflectiveMethodInvocation.proceed(ReflectiveMethodInvocation.java:163)
	at org.springframework.aop.framework.CglibAopProxy$CglibMethodInvocation.proceed(CglibAopProxy.java:765)
	at org.springframework.transaction.interceptor.TransactionInterceptor$1.proceedWithInvocation(TransactionInterceptor.java:123)
	at org.springframework.transaction.interceptor.TransactionAspectSupport.invokeWithinTransaction(TransactionAspectSupport.java:385)
	at org.springframework.transaction.interceptor.TransactionInterceptor.invoke(TransactionInterceptor.java:119)
	at org.springframework.aop.framework.ReflectiveMethodInvocation.proceed(ReflectiveMethodInvocation.java:184)
	at org.springframework.aop.framework.CglibAopProxy$CglibMethodInvocation.proceed(CglibAopProxy.java:765)
	at org.springframework.aop.framework.CglibAopProxy$DynamicAdvisedInterceptor.intercept(CglibAopProxy.java:717)
	at com.example.callcenter.Service.NotificationService$$SpringCGLIB$$0.checkUpcomingCallbacks(<generated>)
	at jdk.internal.reflect.GeneratedMethodAccessor75.invoke(Unknown Source)
	at java.base/jdk.internal.reflect.DelegatingMethodAccessorImpl.invoke(DelegatingMethodAccessorImpl.java:43)
	at java.base/java.lang.reflect.Method.invoke(Method.java:569)
	at org.springframework.scheduling.support.ScheduledMethodRunnable.runInternal(ScheduledMethodRunnable.java:130)
	at org.springframework.scheduling.support.ScheduledMethodRunnable.lambda$run$2(ScheduledMethodRunnable.java:124)
	at io.micrometer.observation.Observation.observe(Observation.java:499)
	at org.springframework.scheduling.support.ScheduledMethodRunnable.run(ScheduledMethodRunnable.java:124)
	at org.springframework.scheduling.support.DelegatingErrorHandlingRunnable.run(DelegatingErrorHandlingRunnable.java:54)
	at java.base/java.util.concurrent.Executors$RunnableAdapter.call(Executors.java:539)
	at java.base/java.util.concurrent.FutureTask.runAndReset(FutureTask.java:305)
	at java.base/java.util.concurrent.ScheduledThreadPoolExecutor$ScheduledFutureTask.run(ScheduledThreadPoolExecutor.java:305)
	at java.base/java.util.concurrent.ThreadPoolExecutor.runWorker(ThreadPoolExecutor.java:1136)
	at java.base/java.util.concurrent.ThreadPoolExecutor$Worker.run(ThreadPoolExecutor.java:635)
	at java.base/java.lang.Thread.run(Thread.java:840)
Caused by: java.net.ConnectException: Connection refused: getsockopt
	at java.base/sun.nio.ch.Net.pollConnect(Native Method)
	at java.base/sun.nio.ch.Net.pollConnectNow(Net.java:684)
	at java.base/sun.nio.ch.NioSocketImpl.timedFinishConnect(NioSocketImpl.java:547)
	at java.base/sun.nio.ch.NioSocketImpl.connect(NioSocketImpl.java:602)
	at java.base/java.net.Socket.connect(Socket.java:633)
	at java.base/sun.net.NetworkClient.doConnect(NetworkClient.java:178)
	at java.base/sun.net.www.http.HttpClient.openServer(HttpClient.java:533)
	at java.base/sun.net.www.http.HttpClient.openServer(HttpClient.java:638)
	at java.base/sun.net.www.http.HttpClient.<init>(HttpClient.java:283)
	at java.base/sun.net.www.http.HttpClient.New(HttpClient.java:386)
	at java.base/sun.net.www.http.HttpClient.New(HttpClient.java:408)
	at java.base/sun.net.www.protocol.http.HttpURLConnection.getNewHttpClient(HttpURLConnection.java:1329)
	at java.base/sun.net.www.protocol.http.HttpURLConnection.plainConnect0(HttpURLConnection.java:1262)
	at java.base/sun.net.www.protocol.http.HttpURLConnection.plainConnect(HttpURLConnection.java:1148)
	at java.base/sun.net.www.protocol.http.HttpURLConnection.connect(HttpURLConnection.java:1077)
	at java.base/sun.net.www.protocol.http.HttpURLConnection.getInputStream0(HttpURLConnection.java:1717)
	at java.base/sun.net.www.protocol.http.HttpURLConnection.getInputStream(HttpURLConnection.java:1641)
	at java.base/java.net.HttpURLConnection.getResponseCode(HttpURLConnection.java:529)
	at feign.Client$Default.convertResponse(Client.java:111)
	at feign.Client$Default.execute(Client.java:107)
	at feign.SynchronousMethodHandler.executeAndDecode(SynchronousMethodHandler.java:100)
	... 32 common frames omitted
2026-04-27 16:15:13,728 {yyyy-MM-dd HH:mm:ss} - INFO - c.e.callcenter.Service.NotificationService - === SCHEDULED METHOD RUNNING: checkUpcomingCallbacks === 
 2026-04-27 16:15:13,728 {yyyy-MM-dd HH:mm:ss} - INFO - c.e.callcenter.Service.NotificationService - Calling contact-service for upcoming callbacks... 
 2026-04-27 16:15:13,961 {yyyy-MM-dd HH:mm:ss} - ERROR - c.e.callcenter.Service.NotificationService - Error checking upcoming callbacks 
 feign.RetryableException: Connection refused: getsockopt executing GET http://localhost:8081/api/callbacks/upcoming
	at feign.FeignException.errorExecuting(FeignException.java:278)
	at feign.SynchronousMethodHandler.executeAndDecode(SynchronousMethodHandler.java:110)
	at feign.SynchronousMethodHandler.invoke(SynchronousMethodHandler.java:70)
	at feign.ReflectiveFeign$FeignInvocationHandler.invoke(ReflectiveFeign.java:99)
	at jdk.proxy2/jdk.proxy2.$Proxy233.getUpcomingCallbacks(Unknown Source)
	at com.example.callcenter.Service.NotificationService.checkUpcomingCallbacks(NotificationService.java:107)
	at jdk.internal.reflect.GeneratedMethodAccessor75.invoke(Unknown Source)
	at java.base/jdk.internal.reflect.DelegatingMethodAccessorImpl.invoke(DelegatingMethodAccessorImpl.java:43)
	at java.base/java.lang.reflect.Method.invoke(Method.java:569)
	at org.springframework.aop.support.AopUtils.invokeJoinpointUsingReflection(AopUtils.java:351)
	at org.springframework.aop.framework.ReflectiveMethodInvocation.invokeJoinpoint(ReflectiveMethodInvocation.java:196)
	at org.springframework.aop.framework.ReflectiveMethodInvocation.proceed(ReflectiveMethodInvocation.java:163)
	at org.springframework.aop.framework.CglibAopProxy$CglibMethodInvocation.proceed(CglibAopProxy.java:765)
	at org.springframework.transaction.interceptor.TransactionInterceptor$1.proceedWithInvocation(TransactionInterceptor.java:123)
	at org.springframework.transaction.interceptor.TransactionAspectSupport.invokeWithinTransaction(TransactionAspectSupport.java:385)
	at org.springframework.transaction.interceptor.TransactionInterceptor.invoke(TransactionInterceptor.java:119)
	at org.springframework.aop.framework.ReflectiveMethodInvocation.proceed(ReflectiveMethodInvocation.java:184)
	at org.springframework.aop.framework.CglibAopProxy$CglibMethodInvocation.proceed(CglibAopProxy.java:765)
	at org.springframework.aop.framework.CglibAopProxy$DynamicAdvisedInterceptor.intercept(CglibAopProxy.java:717)
	at com.example.callcenter.Service.NotificationService$$SpringCGLIB$$0.checkUpcomingCallbacks(<generated>)
	at jdk.internal.reflect.GeneratedMethodAccessor75.invoke(Unknown Source)
	at java.base/jdk.internal.reflect.DelegatingMethodAccessorImpl.invoke(DelegatingMethodAccessorImpl.java:43)
	at java.base/java.lang.reflect.Method.invoke(Method.java:569)
	at org.springframework.scheduling.support.ScheduledMethodRunnable.runInternal(ScheduledMethodRunnable.java:130)
	at org.springframework.scheduling.support.ScheduledMethodRunnable.lambda$run$2(ScheduledMethodRunnable.java:124)
	at io.micrometer.observation.Observation.observe(Observation.java:499)
	at org.springframework.scheduling.support.ScheduledMethodRunnable.run(ScheduledMethodRunnable.java:124)
	at org.springframework.scheduling.support.DelegatingErrorHandlingRunnable.run(DelegatingErrorHandlingRunnable.java:54)
	at java.base/java.util.concurrent.Executors$RunnableAdapter.call(Executors.java:539)
	at java.base/java.util.concurrent.FutureTask.runAndReset(FutureTask.java:305)
	at java.base/java.util.concurrent.ScheduledThreadPoolExecutor$ScheduledFutureTask.run(ScheduledThreadPoolExecutor.java:305)
	at java.base/java.util.concurrent.ThreadPoolExecutor.runWorker(ThreadPoolExecutor.java:1136)
	at java.base/java.util.concurrent.ThreadPoolExecutor$Worker.run(ThreadPoolExecutor.java:635)
	at java.base/java.lang.Thread.run(Thread.java:840)
Caused by: java.net.ConnectException: Connection refused: getsockopt
	at java.base/sun.nio.ch.Net.pollConnect(Native Method)
	at java.base/sun.nio.ch.Net.pollConnectNow(Net.java:684)
	at java.base/sun.nio.ch.NioSocketImpl.timedFinishConnect(NioSocketImpl.java:547)
	at java.base/sun.nio.ch.NioSocketImpl.connect(NioSocketImpl.java:602)
	at java.base/java.net.Socket.connect(Socket.java:633)
	at java.base/sun.net.NetworkClient.doConnect(NetworkClient.java:178)
	at java.base/sun.net.www.http.HttpClient.openServer(HttpClient.java:533)
	at java.base/sun.net.www.http.HttpClient.openServer(HttpClient.java:638)
	at java.base/sun.net.www.http.HttpClient.<init>(HttpClient.java:283)
	at java.base/sun.net.www.http.HttpClient.New(HttpClient.java:386)
	at java.base/sun.net.www.http.HttpClient.New(HttpClient.java:408)
	at java.base/sun.net.www.protocol.http.HttpURLConnection.getNewHttpClient(HttpURLConnection.java:1329)
	at java.base/sun.net.www.protocol.http.HttpURLConnection.plainConnect0(HttpURLConnection.java:1262)
	at java.base/sun.net.www.protocol.http.HttpURLConnection.plainConnect(HttpURLConnection.java:1148)
	at java.base/sun.net.www.protocol.http.HttpURLConnection.connect(HttpURLConnection.java:1077)
	at java.base/sun.net.www.protocol.http.HttpURLConnection.getInputStream0(HttpURLConnection.java:1717)
	at java.base/sun.net.www.protocol.http.HttpURLConnection.getInputStream(HttpURLConnection.java:1641)
	at java.base/java.net.HttpURLConnection.getResponseCode(HttpURLConnection.java:529)
	at feign.Client$Default.convertResponse(Client.java:111)
	at feign.Client$Default.execute(Client.java:107)
	at feign.SynchronousMethodHandler.executeAndDecode(SynchronousMethodHandler.java:100)
	... 32 common frames omitted
2026-04-27 16:16:16,397 {yyyy-MM-dd HH:mm:ss} - INFO - c.e.callcenter.Service.NotificationService - === SCHEDULED METHOD RUNNING: checkUpcomingCallbacks === 
 2026-04-27 16:16:16,397 {yyyy-MM-dd HH:mm:ss} - INFO - c.e.callcenter.Service.NotificationService - Calling contact-service for upcoming callbacks... 
 2026-04-27 16:16:16,751 {yyyy-MM-dd HH:mm:ss} - ERROR - c.e.callcenter.Service.NotificationService - Error checking upcoming callbacks 
 feign.RetryableException: Connection refused: getsockopt executing GET http://localhost:8081/api/callbacks/upcoming
	at feign.FeignException.errorExecuting(FeignException.java:278)
	at feign.SynchronousMethodHandler.executeAndDecode(SynchronousMethodHandler.java:110)
	at feign.SynchronousMethodHandler.invoke(SynchronousMethodHandler.java:70)
	at feign.ReflectiveFeign$FeignInvocationHandler.invoke(ReflectiveFeign.java:99)
	at jdk.proxy2/jdk.proxy2.$Proxy233.getUpcomingCallbacks(Unknown Source)
	at com.example.callcenter.Service.NotificationService.checkUpcomingCallbacks(NotificationService.java:107)
	at jdk.internal.reflect.GeneratedMethodAccessor75.invoke(Unknown Source)
	at java.base/jdk.internal.reflect.DelegatingMethodAccessorImpl.invoke(DelegatingMethodAccessorImpl.java:43)
	at java.base/java.lang.reflect.Method.invoke(Method.java:569)
	at org.springframework.aop.support.AopUtils.invokeJoinpointUsingReflection(AopUtils.java:351)
	at org.springframework.aop.framework.ReflectiveMethodInvocation.invokeJoinpoint(ReflectiveMethodInvocation.java:196)
	at org.springframework.aop.framework.ReflectiveMethodInvocation.proceed(ReflectiveMethodInvocation.java:163)
	at org.springframework.aop.framework.CglibAopProxy$CglibMethodInvocation.proceed(CglibAopProxy.java:765)
	at org.springframework.transaction.interceptor.TransactionInterceptor$1.proceedWithInvocation(TransactionInterceptor.java:123)
	at org.springframework.transaction.interceptor.TransactionAspectSupport.invokeWithinTransaction(TransactionAspectSupport.java:385)
	at org.springframework.transaction.interceptor.TransactionInterceptor.invoke(TransactionInterceptor.java:119)
	at org.springframework.aop.framework.ReflectiveMethodInvocation.proceed(ReflectiveMethodInvocation.java:184)
	at org.springframework.aop.framework.CglibAopProxy$CglibMethodInvocation.proceed(CglibAopProxy.java:765)
	at org.springframework.aop.framework.CglibAopProxy$DynamicAdvisedInterceptor.intercept(CglibAopProxy.java:717)
	at com.example.callcenter.Service.NotificationService$$SpringCGLIB$$0.checkUpcomingCallbacks(<generated>)
	at jdk.internal.reflect.GeneratedMethodAccessor75.invoke(Unknown Source)
	at java.base/jdk.internal.reflect.DelegatingMethodAccessorImpl.invoke(DelegatingMethodAccessorImpl.java:43)
	at java.base/java.lang.reflect.Method.invoke(Method.java:569)
	at org.springframework.scheduling.support.ScheduledMethodRunnable.runInternal(ScheduledMethodRunnable.java:130)
	at org.springframework.scheduling.support.ScheduledMethodRunnable.lambda$run$2(ScheduledMethodRunnable.java:124)
	at io.micrometer.observation.Observation.observe(Observation.java:499)
	at org.springframework.scheduling.support.ScheduledMethodRunnable.run(ScheduledMethodRunnable.java:124)
	at org.springframework.scheduling.support.DelegatingErrorHandlingRunnable.run(DelegatingErrorHandlingRunnable.java:54)
	at java.base/java.util.concurrent.Executors$RunnableAdapter.call(Executors.java:539)
	at java.base/java.util.concurrent.FutureTask.runAndReset(FutureTask.java:305)
	at java.base/java.util.concurrent.ScheduledThreadPoolExecutor$ScheduledFutureTask.run(ScheduledThreadPoolExecutor.java:305)
	at java.base/java.util.concurrent.ThreadPoolExecutor.runWorker(ThreadPoolExecutor.java:1136)
	at java.base/java.util.concurrent.ThreadPoolExecutor$Worker.run(ThreadPoolExecutor.java:635)
	at java.base/java.lang.Thread.run(Thread.java:840)
Caused by: java.net.ConnectException: Connection refused: getsockopt
	at java.base/sun.nio.ch.Net.pollConnect(Native Method)
	at java.base/sun.nio.ch.Net.pollConnectNow(Net.java:684)
	at java.base/sun.nio.ch.NioSocketImpl.timedFinishConnect(NioSocketImpl.java:547)
	at java.base/sun.nio.ch.NioSocketImpl.connect(NioSocketImpl.java:602)
	at java.base/java.net.Socket.connect(Socket.java:633)
	at java.base/sun.net.NetworkClient.doConnect(NetworkClient.java:178)
	at java.base/sun.net.www.http.HttpClient.openServer(HttpClient.java:533)
	at java.base/sun.net.www.http.HttpClient.openServer(HttpClient.java:638)
	at java.base/sun.net.www.http.HttpClient.<init>(HttpClient.java:283)
	at java.base/sun.net.www.http.HttpClient.New(HttpClient.java:386)
	at java.base/sun.net.www.http.HttpClient.New(HttpClient.java:408)
	at java.base/sun.net.www.protocol.http.HttpURLConnection.getNewHttpClient(HttpURLConnection.java:1329)
	at java.base/sun.net.www.protocol.http.HttpURLConnection.plainConnect0(HttpURLConnection.java:1262)
	at java.base/sun.net.www.protocol.http.HttpURLConnection.plainConnect(HttpURLConnection.java:1148)
	at java.base/sun.net.www.protocol.http.HttpURLConnection.connect(HttpURLConnection.java:1077)
	at java.base/sun.net.www.protocol.http.HttpURLConnection.getInputStream0(HttpURLConnection.java:1717)
	at java.base/sun.net.www.protocol.http.HttpURLConnection.getInputStream(HttpURLConnection.java:1641)
	at java.base/java.net.HttpURLConnection.getResponseCode(HttpURLConnection.java:529)
	at feign.Client$Default.convertResponse(Client.java:111)
	at feign.Client$Default.execute(Client.java:107)
	at feign.SynchronousMethodHandler.executeAndDecode(SynchronousMethodHandler.java:100)
	... 32 common frames omitted
2026-04-27 16:17:14,535 {yyyy-MM-dd HH:mm:ss} - INFO - c.e.callcenter.Service.NotificationService - Checking for due callbacks... 
 2026-04-27 16:17:14,535 {yyyy-MM-dd HH:mm:ss} - INFO - c.e.callcenter.Service.NotificationService - === SCHEDULED METHOD RUNNING: checkUpcomingCallbacks === 
 2026-04-27 16:17:14,535 {yyyy-MM-dd HH:mm:ss} - INFO - c.e.callcenter.Service.NotificationService - Calling contact-service for upcoming callbacks... 
 2026-04-27 16:17:15,665 {yyyy-MM-dd HH:mm:ss} - ERROR - c.e.callcenter.Service.NotificationService - Error checking upcoming callbacks 
 feign.RetryableException: Connection refused: getsockopt executing GET http://localhost:8081/api/callbacks/upcoming
	at feign.FeignException.errorExecuting(FeignException.java:278)
	at feign.SynchronousMethodHandler.executeAndDecode(SynchronousMethodHandler.java:110)
	at feign.SynchronousMethodHandler.invoke(SynchronousMethodHandler.java:70)
	at feign.ReflectiveFeign$FeignInvocationHandler.invoke(ReflectiveFeign.java:99)
	at jdk.proxy2/jdk.proxy2.$Proxy233.getUpcomingCallbacks(Unknown Source)
	at com.example.callcenter.Service.NotificationService.checkUpcomingCallbacks(NotificationService.java:107)
	at jdk.internal.reflect.GeneratedMethodAccessor75.invoke(Unknown Source)
	at java.base/jdk.internal.reflect.DelegatingMethodAccessorImpl.invoke(DelegatingMethodAccessorImpl.java:43)
	at java.base/java.lang.reflect.Method.invoke(Method.java:569)
	at org.springframework.aop.support.AopUtils.invokeJoinpointUsingReflection(AopUtils.java:351)
	at org.springframework.aop.framework.ReflectiveMethodInvocation.invokeJoinpoint(ReflectiveMethodInvocation.java:196)
	at org.springframework.aop.framework.ReflectiveMethodInvocation.proceed(ReflectiveMethodInvocation.java:163)
	at org.springframework.aop.framework.CglibAopProxy$CglibMethodInvocation.proceed(CglibAopProxy.java:765)
	at org.springframework.transaction.interceptor.TransactionInterceptor$1.proceedWithInvocation(TransactionInterceptor.java:123)
	at org.springframework.transaction.interceptor.TransactionAspectSupport.invokeWithinTransaction(TransactionAspectSupport.java:385)
	at org.springframework.transaction.interceptor.TransactionInterceptor.invoke(TransactionInterceptor.java:119)
	at org.springframework.aop.framework.ReflectiveMethodInvocation.proceed(ReflectiveMethodInvocation.java:184)
	at org.springframework.aop.framework.CglibAopProxy$CglibMethodInvocation.proceed(CglibAopProxy.java:765)
	at org.springframework.aop.framework.CglibAopProxy$DynamicAdvisedInterceptor.intercept(CglibAopProxy.java:717)
	at com.example.callcenter.Service.NotificationService$$SpringCGLIB$$0.checkUpcomingCallbacks(<generated>)
	at jdk.internal.reflect.GeneratedMethodAccessor75.invoke(Unknown Source)
	at java.base/jdk.internal.reflect.DelegatingMethodAccessorImpl.invoke(DelegatingMethodAccessorImpl.java:43)
	at java.base/java.lang.reflect.Method.invoke(Method.java:569)
	at org.springframework.scheduling.support.ScheduledMethodRunnable.runInternal(ScheduledMethodRunnable.java:130)
	at org.springframework.scheduling.support.ScheduledMethodRunnable.lambda$run$2(ScheduledMethodRunnable.java:124)
	at io.micrometer.observation.Observation.observe(Observation.java:499)
	at org.springframework.scheduling.support.ScheduledMethodRunnable.run(ScheduledMethodRunnable.java:124)
	at org.springframework.scheduling.support.DelegatingErrorHandlingRunnable.run(DelegatingErrorHandlingRunnable.java:54)
	at java.base/java.util.concurrent.Executors$RunnableAdapter.call(Executors.java:539)
	at java.base/java.util.concurrent.FutureTask.runAndReset(FutureTask.java:305)
	at java.base/java.util.concurrent.ScheduledThreadPoolExecutor$ScheduledFutureTask.run(ScheduledThreadPoolExecutor.java:305)
	at java.base/java.util.concurrent.ThreadPoolExecutor.runWorker(ThreadPoolExecutor.java:1136)
	at java.base/java.util.concurrent.ThreadPoolExecutor$Worker.run(ThreadPoolExecutor.java:635)
	at java.base/java.lang.Thread.run(Thread.java:840)
Caused by: java.net.ConnectException: Connection refused: getsockopt
	at java.base/sun.nio.ch.Net.pollConnect(Native Method)
	at java.base/sun.nio.ch.Net.pollConnectNow(Net.java:684)
	at java.base/sun.nio.ch.NioSocketImpl.timedFinishConnect(NioSocketImpl.java:547)
	at java.base/sun.nio.ch.NioSocketImpl.connect(NioSocketImpl.java:602)
	at java.base/java.net.Socket.connect(Socket.java:633)
	at java.base/sun.net.NetworkClient.doConnect(NetworkClient.java:178)
	at java.base/sun.net.www.http.HttpClient.openServer(HttpClient.java:533)
	at java.base/sun.net.www.http.HttpClient.openServer(HttpClient.java:638)
	at java.base/sun.net.www.http.HttpClient.<init>(HttpClient.java:283)
	at java.base/sun.net.www.http.HttpClient.New(HttpClient.java:386)
	at java.base/sun.net.www.http.HttpClient.New(HttpClient.java:408)
	at java.base/sun.net.www.protocol.http.HttpURLConnection.getNewHttpClient(HttpURLConnection.java:1329)
	at java.base/sun.net.www.protocol.http.HttpURLConnection.plainConnect0(HttpURLConnection.java:1262)
	at java.base/sun.net.www.protocol.http.HttpURLConnection.plainConnect(HttpURLConnection.java:1148)
	at java.base/sun.net.www.protocol.http.HttpURLConnection.connect(HttpURLConnection.java:1077)
	at java.base/sun.net.www.protocol.http.HttpURLConnection.getInputStream0(HttpURLConnection.java:1717)
	at java.base/sun.net.www.protocol.http.HttpURLConnection.getInputStream(HttpURLConnection.java:1641)
	at java.base/java.net.HttpURLConnection.getResponseCode(HttpURLConnection.java:529)
	at feign.Client$Default.convertResponse(Client.java:111)
	at feign.Client$Default.execute(Client.java:107)
	at feign.SynchronousMethodHandler.executeAndDecode(SynchronousMethodHandler.java:100)
	... 32 common frames omitted
2026-04-27 16:17:16,145 {yyyy-MM-dd HH:mm:ss} - ERROR - c.e.callcenter.Service.NotificationService - Error checking due callbacks 
 feign.RetryableException: Connection refused: getsockopt executing GET http://localhost:8081/api/callbacks/upcoming
	at feign.FeignException.errorExecuting(FeignException.java:278)
	at feign.SynchronousMethodHandler.executeAndDecode(SynchronousMethodHandler.java:110)
	at feign.SynchronousMethodHandler.invoke(SynchronousMethodHandler.java:70)
	at feign.ReflectiveFeign$FeignInvocationHandler.invoke(ReflectiveFeign.java:99)
	at jdk.proxy2/jdk.proxy2.$Proxy233.getUpcomingCallbacks(Unknown Source)
	at com.example.callcenter.Service.NotificationService.checkDueCallbacks(NotificationService.java:137)
	at java.base/jdk.internal.reflect.NativeMethodAccessorImpl.invoke0(Native Method)
	at java.base/jdk.internal.reflect.NativeMethodAccessorImpl.invoke(NativeMethodAccessorImpl.java:77)
	at java.base/jdk.internal.reflect.DelegatingMethodAccessorImpl.invoke(DelegatingMethodAccessorImpl.java:43)
	at java.base/java.lang.reflect.Method.invoke(Method.java:569)
	at org.springframework.aop.support.AopUtils.invokeJoinpointUsingReflection(AopUtils.java:351)
	at org.springframework.aop.framework.ReflectiveMethodInvocation.invokeJoinpoint(ReflectiveMethodInvocation.java:196)
	at org.springframework.aop.framework.ReflectiveMethodInvocation.proceed(ReflectiveMethodInvocation.java:163)
	at org.springframework.aop.framework.CglibAopProxy$CglibMethodInvocation.proceed(CglibAopProxy.java:765)
	at org.springframework.transaction.interceptor.TransactionInterceptor$1.proceedWithInvocation(TransactionInterceptor.java:123)
	at org.springframework.transaction.interceptor.TransactionAspectSupport.invokeWithinTransaction(TransactionAspectSupport.java:385)
	at org.springframework.transaction.interceptor.TransactionInterceptor.invoke(TransactionInterceptor.java:119)
	at org.springframework.aop.framework.ReflectiveMethodInvocation.proceed(ReflectiveMethodInvocation.java:184)
	at org.springframework.aop.framework.CglibAopProxy$CglibMethodInvocation.proceed(CglibAopProxy.java:765)
	at org.springframework.aop.framework.CglibAopProxy$DynamicAdvisedInterceptor.intercept(CglibAopProxy.java:717)
	at com.example.callcenter.Service.NotificationService$$SpringCGLIB$$0.checkDueCallbacks(<generated>)
	at java.base/jdk.internal.reflect.NativeMethodAccessorImpl.invoke0(Native Method)
	at java.base/jdk.internal.reflect.NativeMethodAccessorImpl.invoke(NativeMethodAccessorImpl.java:77)
	at java.base/jdk.internal.reflect.DelegatingMethodAccessorImpl.invoke(DelegatingMethodAccessorImpl.java:43)
	at java.base/java.lang.reflect.Method.invoke(Method.java:569)
	at org.springframework.scheduling.support.ScheduledMethodRunnable.runInternal(ScheduledMethodRunnable.java:130)
	at org.springframework.scheduling.support.ScheduledMethodRunnable.lambda$run$2(ScheduledMethodRunnable.java:124)
	at io.micrometer.observation.Observation.observe(Observation.java:499)
	at org.springframework.scheduling.support.ScheduledMethodRunnable.run(ScheduledMethodRunnable.java:124)
	at org.springframework.scheduling.support.DelegatingErrorHandlingRunnable.run(DelegatingErrorHandlingRunnable.java:54)
	at java.base/java.util.concurrent.Executors$RunnableAdapter.call(Executors.java:539)
	at java.base/java.util.concurrent.FutureTask.runAndReset(FutureTask.java:305)
	at java.base/java.util.concurrent.ScheduledThreadPoolExecutor$ScheduledFutureTask.run(ScheduledThreadPoolExecutor.java:305)
	at java.base/java.util.concurrent.ThreadPoolExecutor.runWorker(ThreadPoolExecutor.java:1136)
	at java.base/java.util.concurrent.ThreadPoolExecutor$Worker.run(ThreadPoolExecutor.java:635)
	at java.base/java.lang.Thread.run(Thread.java:840)
Caused by: java.net.ConnectException: Connection refused: getsockopt
	at java.base/sun.nio.ch.Net.pollConnect(Native Method)
	at java.base/sun.nio.ch.Net.pollConnectNow(Net.java:684)
	at java.base/sun.nio.ch.NioSocketImpl.timedFinishConnect(NioSocketImpl.java:547)
	at java.base/sun.nio.ch.NioSocketImpl.connect(NioSocketImpl.java:602)
	at java.base/java.net.Socket.connect(Socket.java:633)
	at java.base/sun.net.NetworkClient.doConnect(NetworkClient.java:178)
	at java.base/sun.net.www.http.HttpClient.openServer(HttpClient.java:533)
	at java.base/sun.net.www.http.HttpClient.openServer(HttpClient.java:638)
	at java.base/sun.net.www.http.HttpClient.<init>(HttpClient.java:283)
	at java.base/sun.net.www.http.HttpClient.New(HttpClient.java:386)
	at java.base/sun.net.www.http.HttpClient.New(HttpClient.java:408)
	at java.base/sun.net.www.protocol.http.HttpURLConnection.getNewHttpClient(HttpURLConnection.java:1329)
	at java.base/sun.net.www.protocol.http.HttpURLConnection.plainConnect0(HttpURLConnection.java:1262)
	at java.base/sun.net.www.protocol.http.HttpURLConnection.plainConnect(HttpURLConnection.java:1148)
	at java.base/sun.net.www.protocol.http.HttpURLConnection.connect(HttpURLConnection.java:1077)
	at java.base/sun.net.www.protocol.http.HttpURLConnection.getInputStream0(HttpURLConnection.java:1717)
	at java.base/sun.net.www.protocol.http.HttpURLConnection.getInputStream(HttpURLConnection.java:1641)
	at java.base/java.net.HttpURLConnection.getResponseCode(HttpURLConnection.java:529)
	at feign.Client$Default.convertResponse(Client.java:111)
	at feign.Client$Default.execute(Client.java:107)
	at feign.SynchronousMethodHandler.executeAndDecode(SynchronousMethodHandler.java:100)
	... 34 common frames omitted
2026-04-27 16:18:16,372 {yyyy-MM-dd HH:mm:ss} - INFO - c.e.callcenter.Service.NotificationService - === SCHEDULED METHOD RUNNING: checkUpcomingCallbacks === 
 2026-04-27 16:18:16,372 {yyyy-MM-dd HH:mm:ss} - INFO - c.e.callcenter.Service.NotificationService - Calling contact-service for upcoming callbacks... 
 2026-04-27 16:18:16,840 {yyyy-MM-dd HH:mm:ss} - ERROR - c.e.callcenter.Service.NotificationService - Error checking upcoming callbacks 
 feign.RetryableException: Connection refused: getsockopt executing GET http://localhost:8081/api/callbacks/upcoming
	at feign.FeignException.errorExecuting(FeignException.java:278)
	at feign.SynchronousMethodHandler.executeAndDecode(SynchronousMethodHandler.java:110)
	at feign.SynchronousMethodHandler.invoke(SynchronousMethodHandler.java:70)
	at feign.ReflectiveFeign$FeignInvocationHandler.invoke(ReflectiveFeign.java:99)
	at jdk.proxy2/jdk.proxy2.$Proxy233.getUpcomingCallbacks(Unknown Source)
	at com.example.callcenter.Service.NotificationService.checkUpcomingCallbacks(NotificationService.java:107)
	at jdk.internal.reflect.GeneratedMethodAccessor75.invoke(Unknown Source)
	at java.base/jdk.internal.reflect.DelegatingMethodAccessorImpl.invoke(DelegatingMethodAccessorImpl.java:43)
	at java.base/java.lang.reflect.Method.invoke(Method.java:569)
	at org.springframework.aop.support.AopUtils.invokeJoinpointUsingReflection(AopUtils.java:351)
	at org.springframework.aop.framework.ReflectiveMethodInvocation.invokeJoinpoint(ReflectiveMethodInvocation.java:196)
	at org.springframework.aop.framework.ReflectiveMethodInvocation.proceed(ReflectiveMethodInvocation.java:163)
	at org.springframework.aop.framework.CglibAopProxy$CglibMethodInvocation.proceed(CglibAopProxy.java:765)
	at org.springframework.transaction.interceptor.TransactionInterceptor$1.proceedWithInvocation(TransactionInterceptor.java:123)
	at org.springframework.transaction.interceptor.TransactionAspectSupport.invokeWithinTransaction(TransactionAspectSupport.java:385)
	at org.springframework.transaction.interceptor.TransactionInterceptor.invoke(TransactionInterceptor.java:119)
	at org.springframework.aop.framework.ReflectiveMethodInvocation.proceed(ReflectiveMethodInvocation.java:184)
	at org.springframework.aop.framework.CglibAopProxy$CglibMethodInvocation.proceed(CglibAopProxy.java:765)
	at org.springframework.aop.framework.CglibAopProxy$DynamicAdvisedInterceptor.intercept(CglibAopProxy.java:717)
	at com.example.callcenter.Service.NotificationService$$SpringCGLIB$$0.checkUpcomingCallbacks(<generated>)
	at jdk.internal.reflect.GeneratedMethodAccessor75.invoke(Unknown Source)
	at java.base/jdk.internal.reflect.DelegatingMethodAccessorImpl.invoke(DelegatingMethodAccessorImpl.java:43)
	at java.base/java.lang.reflect.Method.invoke(Method.java:569)
	at org.springframework.scheduling.support.ScheduledMethodRunnable.runInternal(ScheduledMethodRunnable.java:130)
	at org.springframework.scheduling.support.ScheduledMethodRunnable.lambda$run$2(ScheduledMethodRunnable.java:124)
	at io.micrometer.observation.Observation.observe(Observation.java:499)
	at org.springframework.scheduling.support.ScheduledMethodRunnable.run(ScheduledMethodRunnable.java:124)
	at org.springframework.scheduling.support.DelegatingErrorHandlingRunnable.run(DelegatingErrorHandlingRunnable.java:54)
	at java.base/java.util.concurrent.Executors$RunnableAdapter.call(Executors.java:539)
	at java.base/java.util.concurrent.FutureTask.runAndReset(FutureTask.java:305)
	at java.base/java.util.concurrent.ScheduledThreadPoolExecutor$ScheduledFutureTask.run(ScheduledThreadPoolExecutor.java:305)
	at java.base/java.util.concurrent.ThreadPoolExecutor.runWorker(ThreadPoolExecutor.java:1136)
	at java.base/java.util.concurrent.ThreadPoolExecutor$Worker.run(ThreadPoolExecutor.java:635)
	at java.base/java.lang.Thread.run(Thread.java:840)
Caused by: java.net.ConnectException: Connection refused: getsockopt
	at java.base/sun.nio.ch.Net.pollConnect(Native Method)
	at java.base/sun.nio.ch.Net.pollConnectNow(Net.java:684)
	at java.base/sun.nio.ch.NioSocketImpl.timedFinishConnect(NioSocketImpl.java:547)
	at java.base/sun.nio.ch.NioSocketImpl.connect(NioSocketImpl.java:602)
	at java.base/java.net.Socket.connect(Socket.java:633)
	at java.base/sun.net.NetworkClient.doConnect(NetworkClient.java:178)
	at java.base/sun.net.www.http.HttpClient.openServer(HttpClient.java:533)
	at java.base/sun.net.www.http.HttpClient.openServer(HttpClient.java:638)
	at java.base/sun.net.www.http.HttpClient.<init>(HttpClient.java:283)
	at java.base/sun.net.www.http.HttpClient.New(HttpClient.java:386)
	at java.base/sun.net.www.http.HttpClient.New(HttpClient.java:408)
	at java.base/sun.net.www.protocol.http.HttpURLConnection.getNewHttpClient(HttpURLConnection.java:1329)
	at java.base/sun.net.www.protocol.http.HttpURLConnection.plainConnect0(HttpURLConnection.java:1262)
	at java.base/sun.net.www.protocol.http.HttpURLConnection.plainConnect(HttpURLConnection.java:1148)
	at java.base/sun.net.www.protocol.http.HttpURLConnection.connect(HttpURLConnection.java:1077)
	at java.base/sun.net.www.protocol.http.HttpURLConnection.getInputStream0(HttpURLConnection.java:1717)
	at java.base/sun.net.www.protocol.http.HttpURLConnection.getInputStream(HttpURLConnection.java:1641)
	at java.base/java.net.HttpURLConnection.getResponseCode(HttpURLConnection.java:529)
	at feign.Client$Default.convertResponse(Client.java:111)
	at feign.Client$Default.execute(Client.java:107)
	at feign.SynchronousMethodHandler.executeAndDecode(SynchronousMethodHandler.java:100)
	... 32 common frames omitted
2026-04-27 16:19:17,220 {yyyy-MM-dd HH:mm:ss} - INFO - c.e.callcenter.Service.NotificationService - === SCHEDULED METHOD RUNNING: checkUpcomingCallbacks === 
 2026-04-27 16:19:17,220 {yyyy-MM-dd HH:mm:ss} - INFO - c.e.callcenter.Service.NotificationService - Calling contact-service for upcoming callbacks... 
 2026-04-27 16:19:18,196 {yyyy-MM-dd HH:mm:ss} - ERROR - c.e.callcenter.Service.NotificationService - Error checking upcoming callbacks 
 feign.RetryableException: Connection refused: getsockopt executing GET http://localhost:8081/api/callbacks/upcoming
	at feign.FeignException.errorExecuting(FeignException.java:278)
	at feign.SynchronousMethodHandler.executeAndDecode(SynchronousMethodHandler.java:110)
	at feign.SynchronousMethodHandler.invoke(SynchronousMethodHandler.java:70)
	at feign.ReflectiveFeign$FeignInvocationHandler.invoke(ReflectiveFeign.java:99)
	at jdk.proxy2/jdk.proxy2.$Proxy233.getUpcomingCallbacks(Unknown Source)
	at com.example.callcenter.Service.NotificationService.checkUpcomingCallbacks(NotificationService.java:107)
	at jdk.internal.reflect.GeneratedMethodAccessor75.invoke(Unknown Source)
	at java.base/jdk.internal.reflect.DelegatingMethodAccessorImpl.invoke(DelegatingMethodAccessorImpl.java:43)
	at java.base/java.lang.reflect.Method.invoke(Method.java:569)
	at org.springframework.aop.support.AopUtils.invokeJoinpointUsingReflection(AopUtils.java:351)
	at org.springframework.aop.framework.ReflectiveMethodInvocation.invokeJoinpoint(ReflectiveMethodInvocation.java:196)
	at org.springframework.aop.framework.ReflectiveMethodInvocation.proceed(ReflectiveMethodInvocation.java:163)
	at org.springframework.aop.framework.CglibAopProxy$CglibMethodInvocation.proceed(CglibAopProxy.java:765)
	at org.springframework.transaction.interceptor.TransactionInterceptor$1.proceedWithInvocation(TransactionInterceptor.java:123)
	at org.springframework.transaction.interceptor.TransactionAspectSupport.invokeWithinTransaction(TransactionAspectSupport.java:385)
	at org.springframework.transaction.interceptor.TransactionInterceptor.invoke(TransactionInterceptor.java:119)
	at org.springframework.aop.framework.ReflectiveMethodInvocation.proceed(ReflectiveMethodInvocation.java:184)
	at org.springframework.aop.framework.CglibAopProxy$CglibMethodInvocation.proceed(CglibAopProxy.java:765)
	at org.springframework.aop.framework.CglibAopProxy$DynamicAdvisedInterceptor.intercept(CglibAopProxy.java:717)
	at com.example.callcenter.Service.NotificationService$$SpringCGLIB$$0.checkUpcomingCallbacks(<generated>)
	at jdk.internal.reflect.GeneratedMethodAccessor75.invoke(Unknown Source)
	at java.base/jdk.internal.reflect.DelegatingMethodAccessorImpl.invoke(DelegatingMethodAccessorImpl.java:43)
	at java.base/java.lang.reflect.Method.invoke(Method.java:569)
	at org.springframework.scheduling.support.ScheduledMethodRunnable.runInternal(ScheduledMethodRunnable.java:130)
	at org.springframework.scheduling.support.ScheduledMethodRunnable.lambda$run$2(ScheduledMethodRunnable.java:124)
	at io.micrometer.observation.Observation.observe(Observation.java:499)
	at org.springframework.scheduling.support.ScheduledMethodRunnable.run(ScheduledMethodRunnable.java:124)
	at org.springframework.scheduling.support.DelegatingErrorHandlingRunnable.run(DelegatingErrorHandlingRunnable.java:54)
	at java.base/java.util.concurrent.Executors$RunnableAdapter.call(Executors.java:539)
	at java.base/java.util.concurrent.FutureTask.runAndReset(FutureTask.java:305)
	at java.base/java.util.concurrent.ScheduledThreadPoolExecutor$ScheduledFutureTask.run(ScheduledThreadPoolExecutor.java:305)
	at java.base/java.util.concurrent.ThreadPoolExecutor.runWorker(ThreadPoolExecutor.java:1136)
	at java.base/java.util.concurrent.ThreadPoolExecutor$Worker.run(ThreadPoolExecutor.java:635)
	at java.base/java.lang.Thread.run(Thread.java:840)
Caused by: java.net.ConnectException: Connection refused: getsockopt
	at java.base/sun.nio.ch.Net.pollConnect(Native Method)
	at java.base/sun.nio.ch.Net.pollConnectNow(Net.java:684)
	at java.base/sun.nio.ch.NioSocketImpl.timedFinishConnect(NioSocketImpl.java:547)
	at java.base/sun.nio.ch.NioSocketImpl.connect(NioSocketImpl.java:602)
	at java.base/java.net.Socket.connect(Socket.java:633)
	at java.base/sun.net.NetworkClient.doConnect(NetworkClient.java:178)
	at java.base/sun.net.www.http.HttpClient.openServer(HttpClient.java:533)
	at java.base/sun.net.www.http.HttpClient.openServer(HttpClient.java:638)
	at java.base/sun.net.www.http.HttpClient.<init>(HttpClient.java:283)
	at java.base/sun.net.www.http.HttpClient.New(HttpClient.java:386)
	at java.base/sun.net.www.http.HttpClient.New(HttpClient.java:408)
	at java.base/sun.net.www.protocol.http.HttpURLConnection.getNewHttpClient(HttpURLConnection.java:1329)
	at java.base/sun.net.www.protocol.http.HttpURLConnection.plainConnect0(HttpURLConnection.java:1262)
	at java.base/sun.net.www.protocol.http.HttpURLConnection.plainConnect(HttpURLConnection.java:1148)
	at java.base/sun.net.www.protocol.http.HttpURLConnection.connect(HttpURLConnection.java:1077)
	at java.base/sun.net.www.protocol.http.HttpURLConnection.getInputStream0(HttpURLConnection.java:1717)
	at java.base/sun.net.www.protocol.http.HttpURLConnection.getInputStream(HttpURLConnection.java:1641)
	at java.base/java.net.HttpURLConnection.getResponseCode(HttpURLConnection.java:529)
	at feign.Client$Default.convertResponse(Client.java:111)
	at feign.Client$Default.execute(Client.java:107)
	at feign.SynchronousMethodHandler.executeAndDecode(SynchronousMethodHandler.java:100)
	... 32 common frames omitted
2026-04-27 16:20:13,706 {yyyy-MM-dd HH:mm:ss} - INFO - c.e.callcenter.Service.NotificationService - === SCHEDULED METHOD RUNNING: checkUpcomingCallbacks === 
 2026-04-27 16:20:13,706 {yyyy-MM-dd HH:mm:ss} - INFO - c.e.callcenter.Service.NotificationService - Calling contact-service for upcoming callbacks... 
 2026-04-27 16:20:13,932 {yyyy-MM-dd HH:mm:ss} - ERROR - c.e.callcenter.Service.NotificationService - Error checking upcoming callbacks 
 feign.RetryableException: Connection refused: getsockopt executing GET http://localhost:8081/api/callbacks/upcoming
	at feign.FeignException.errorExecuting(FeignException.java:278)
	at feign.SynchronousMethodHandler.executeAndDecode(SynchronousMethodHandler.java:110)
	at feign.SynchronousMethodHandler.invoke(SynchronousMethodHandler.java:70)
	at feign.ReflectiveFeign$FeignInvocationHandler.invoke(ReflectiveFeign.java:99)
	at jdk.proxy2/jdk.proxy2.$Proxy233.getUpcomingCallbacks(Unknown Source)
	at com.example.callcenter.Service.NotificationService.checkUpcomingCallbacks(NotificationService.java:107)
	at jdk.internal.reflect.GeneratedMethodAccessor75.invoke(Unknown Source)
	at java.base/jdk.internal.reflect.DelegatingMethodAccessorImpl.invoke(DelegatingMethodAccessorImpl.java:43)
	at java.base/java.lang.reflect.Method.invoke(Method.java:569)
	at org.springframework.aop.support.AopUtils.invokeJoinpointUsingReflection(AopUtils.java:351)
	at org.springframework.aop.framework.ReflectiveMethodInvocation.invokeJoinpoint(ReflectiveMethodInvocation.java:196)
	at org.springframework.aop.framework.ReflectiveMethodInvocation.proceed(ReflectiveMethodInvocation.java:163)
	at org.springframework.aop.framework.CglibAopProxy$CglibMethodInvocation.proceed(CglibAopProxy.java:765)
	at org.springframework.transaction.interceptor.TransactionInterceptor$1.proceedWithInvocation(TransactionInterceptor.java:123)
	at org.springframework.transaction.interceptor.TransactionAspectSupport.invokeWithinTransaction(TransactionAspectSupport.java:385)
	at org.springframework.transaction.interceptor.TransactionInterceptor.invoke(TransactionInterceptor.java:119)
	at org.springframework.aop.framework.ReflectiveMethodInvocation.proceed(ReflectiveMethodInvocation.java:184)
	at org.springframework.aop.framework.CglibAopProxy$CglibMethodInvocation.proceed(CglibAopProxy.java:765)
	at org.springframework.aop.framework.CglibAopProxy$DynamicAdvisedInterceptor.intercept(CglibAopProxy.java:717)
	at com.example.callcenter.Service.NotificationService$$SpringCGLIB$$0.checkUpcomingCallbacks(<generated>)
	at jdk.internal.reflect.GeneratedMethodAccessor75.invoke(Unknown Source)
	at java.base/jdk.internal.reflect.DelegatingMethodAccessorImpl.invoke(DelegatingMethodAccessorImpl.java:43)
	at java.base/java.lang.reflect.Method.invoke(Method.java:569)
	at org.springframework.scheduling.support.ScheduledMethodRunnable.runInternal(ScheduledMethodRunnable.java:130)
	at org.springframework.scheduling.support.ScheduledMethodRunnable.lambda$run$2(ScheduledMethodRunnable.java:124)
	at io.micrometer.observation.Observation.observe(Observation.java:499)
	at org.springframework.scheduling.support.ScheduledMethodRunnable.run(ScheduledMethodRunnable.java:124)
	at org.springframework.scheduling.support.DelegatingErrorHandlingRunnable.run(DelegatingErrorHandlingRunnable.java:54)
	at java.base/java.util.concurrent.Executors$RunnableAdapter.call(Executors.java:539)
	at java.base/java.util.concurrent.FutureTask.runAndReset(FutureTask.java:305)
	at java.base/java.util.concurrent.ScheduledThreadPoolExecutor$ScheduledFutureTask.run(ScheduledThreadPoolExecutor.java:305)
	at java.base/java.util.concurrent.ThreadPoolExecutor.runWorker(ThreadPoolExecutor.java:1136)
	at java.base/java.util.concurrent.ThreadPoolExecutor$Worker.run(ThreadPoolExecutor.java:635)
	at java.base/java.lang.Thread.run(Thread.java:840)
Caused by: java.net.ConnectException: Connection refused: getsockopt
	at java.base/sun.nio.ch.Net.pollConnect(Native Method)
	at java.base/sun.nio.ch.Net.pollConnectNow(Net.java:684)
	at java.base/sun.nio.ch.NioSocketImpl.timedFinishConnect(NioSocketImpl.java:547)
	at java.base/sun.nio.ch.NioSocketImpl.connect(NioSocketImpl.java:602)
	at java.base/java.net.Socket.connect(Socket.java:633)
	at java.base/sun.net.NetworkClient.doConnect(NetworkClient.java:178)
	at java.base/sun.net.www.http.HttpClient.openServer(HttpClient.java:533)
	at java.base/sun.net.www.http.HttpClient.openServer(HttpClient.java:638)
	at java.base/sun.net.www.http.HttpClient.<init>(HttpClient.java:283)
	at java.base/sun.net.www.http.HttpClient.New(HttpClient.java:386)
	at java.base/sun.net.www.http.HttpClient.New(HttpClient.java:408)
	at java.base/sun.net.www.protocol.http.HttpURLConnection.getNewHttpClient(HttpURLConnection.java:1329)
	at java.base/sun.net.www.protocol.http.HttpURLConnection.plainConnect0(HttpURLConnection.java:1262)
	at java.base/sun.net.www.protocol.http.HttpURLConnection.plainConnect(HttpURLConnection.java:1148)
	at java.base/sun.net.www.protocol.http.HttpURLConnection.connect(HttpURLConnection.java:1077)
	at java.base/sun.net.www.protocol.http.HttpURLConnection.getInputStream0(HttpURLConnection.java:1717)
	at java.base/sun.net.www.protocol.http.HttpURLConnection.getInputStream(HttpURLConnection.java:1641)
	at java.base/java.net.HttpURLConnection.getResponseCode(HttpURLConnection.java:529)
	at feign.Client$Default.convertResponse(Client.java:111)
	at feign.Client$Default.execute(Client.java:107)
	at feign.SynchronousMethodHandler.executeAndDecode(SynchronousMethodHandler.java:100)
	... 32 common frames omitted
2026-04-27 16:21:14,383 {yyyy-MM-dd HH:mm:ss} - INFO - c.e.callcenter.Service.NotificationService - === SCHEDULED METHOD RUNNING: checkUpcomingCallbacks === 
 2026-04-27 16:21:14,384 {yyyy-MM-dd HH:mm:ss} - INFO - c.e.callcenter.Service.NotificationService - Calling contact-service for upcoming callbacks... 
 2026-04-27 16:21:14,801 {yyyy-MM-dd HH:mm:ss} - ERROR - c.e.callcenter.Service.NotificationService - Error checking upcoming callbacks 
 feign.RetryableException: Connection refused: getsockopt executing GET http://localhost:8081/api/callbacks/upcoming
	at feign.FeignException.errorExecuting(FeignException.java:278)
	at feign.SynchronousMethodHandler.executeAndDecode(SynchronousMethodHandler.java:110)
	at feign.SynchronousMethodHandler.invoke(SynchronousMethodHandler.java:70)
	at feign.ReflectiveFeign$FeignInvocationHandler.invoke(ReflectiveFeign.java:99)
	at jdk.proxy2/jdk.proxy2.$Proxy233.getUpcomingCallbacks(Unknown Source)
	at com.example.callcenter.Service.NotificationService.checkUpcomingCallbacks(NotificationService.java:107)
	at jdk.internal.reflect.GeneratedMethodAccessor75.invoke(Unknown Source)
	at java.base/jdk.internal.reflect.DelegatingMethodAccessorImpl.invoke(DelegatingMethodAccessorImpl.java:43)
	at java.base/java.lang.reflect.Method.invoke(Method.java:569)
	at org.springframework.aop.support.AopUtils.invokeJoinpointUsingReflection(AopUtils.java:351)
	at org.springframework.aop.framework.ReflectiveMethodInvocation.invokeJoinpoint(ReflectiveMethodInvocation.java:196)
	at org.springframework.aop.framework.ReflectiveMethodInvocation.proceed(ReflectiveMethodInvocation.java:163)
	at org.springframework.aop.framework.CglibAopProxy$CglibMethodInvocation.proceed(CglibAopProxy.java:765)
	at org.springframework.transaction.interceptor.TransactionInterceptor$1.proceedWithInvocation(TransactionInterceptor.java:123)
	at org.springframework.transaction.interceptor.TransactionAspectSupport.invokeWithinTransaction(TransactionAspectSupport.java:385)
	at org.springframework.transaction.interceptor.TransactionInterceptor.invoke(TransactionInterceptor.java:119)
	at org.springframework.aop.framework.ReflectiveMethodInvocation.proceed(ReflectiveMethodInvocation.java:184)
	at org.springframework.aop.framework.CglibAopProxy$CglibMethodInvocation.proceed(CglibAopProxy.java:765)
	at org.springframework.aop.framework.CglibAopProxy$DynamicAdvisedInterceptor.intercept(CglibAopProxy.java:717)
	at com.example.callcenter.Service.NotificationService$$SpringCGLIB$$0.checkUpcomingCallbacks(<generated>)
	at jdk.internal.reflect.GeneratedMethodAccessor75.invoke(Unknown Source)
	at java.base/jdk.internal.reflect.DelegatingMethodAccessorImpl.invoke(DelegatingMethodAccessorImpl.java:43)
	at java.base/java.lang.reflect.Method.invoke(Method.java:569)
	at org.springframework.scheduling.support.ScheduledMethodRunnable.runInternal(ScheduledMethodRunnable.java:130)
	at org.springframework.scheduling.support.ScheduledMethodRunnable.lambda$run$2(ScheduledMethodRunnable.java:124)
	at io.micrometer.observation.Observation.observe(Observation.java:499)
	at org.springframework.scheduling.support.ScheduledMethodRunnable.run(ScheduledMethodRunnable.java:124)
	at org.springframework.scheduling.support.DelegatingErrorHandlingRunnable.run(DelegatingErrorHandlingRunnable.java:54)
	at java.base/java.util.concurrent.Executors$RunnableAdapter.call(Executors.java:539)
	at java.base/java.util.concurrent.FutureTask.runAndReset(FutureTask.java:305)
	at java.base/java.util.concurrent.ScheduledThreadPoolExecutor$ScheduledFutureTask.run(ScheduledThreadPoolExecutor.java:305)
	at java.base/java.util.concurrent.ThreadPoolExecutor.runWorker(ThreadPoolExecutor.java:1136)
	at java.base/java.util.concurrent.ThreadPoolExecutor$Worker.run(ThreadPoolExecutor.java:635)
	at java.base/java.lang.Thread.run(Thread.java:840)
Caused by: java.net.ConnectException: Connection refused: getsockopt
	at java.base/sun.nio.ch.Net.pollConnect(Native Method)
	at java.base/sun.nio.ch.Net.pollConnectNow(Net.java:684)
	at java.base/sun.nio.ch.NioSocketImpl.timedFinishConnect(NioSocketImpl.java:547)
	at java.base/sun.nio.ch.NioSocketImpl.connect(NioSocketImpl.java:602)
	at java.base/java.net.Socket.connect(Socket.java:633)
	at java.base/sun.net.NetworkClient.doConnect(NetworkClient.java:178)
	at java.base/sun.net.www.http.HttpClient.openServer(HttpClient.java:533)
	at java.base/sun.net.www.http.HttpClient.openServer(HttpClient.java:638)
	at java.base/sun.net.www.http.HttpClient.<init>(HttpClient.java:283)
	at java.base/sun.net.www.http.HttpClient.New(HttpClient.java:386)
	at java.base/sun.net.www.http.HttpClient.New(HttpClient.java:408)
	at java.base/sun.net.www.protocol.http.HttpURLConnection.getNewHttpClient(HttpURLConnection.java:1329)
	at java.base/sun.net.www.protocol.http.HttpURLConnection.plainConnect0(HttpURLConnection.java:1262)
	at java.base/sun.net.www.protocol.http.HttpURLConnection.plainConnect(HttpURLConnection.java:1148)
	at java.base/sun.net.www.protocol.http.HttpURLConnection.connect(HttpURLConnection.java:1077)
	at java.base/sun.net.www.protocol.http.HttpURLConnection.getInputStream0(HttpURLConnection.java:1717)
	at java.base/sun.net.www.protocol.http.HttpURLConnection.getInputStream(HttpURLConnection.java:1641)
	at java.base/java.net.HttpURLConnection.getResponseCode(HttpURLConnection.java:529)
	at feign.Client$Default.convertResponse(Client.java:111)
	at feign.Client$Default.execute(Client.java:107)
	at feign.SynchronousMethodHandler.executeAndDecode(SynchronousMethodHandler.java:100)
	... 32 common frames omitted
2026-04-27 16:22:13,776 {yyyy-MM-dd HH:mm:ss} - INFO - c.e.callcenter.Service.NotificationService - === SCHEDULED METHOD RUNNING: checkUpcomingCallbacks === 
 2026-04-27 16:22:13,777 {yyyy-MM-dd HH:mm:ss} - INFO - c.e.callcenter.Service.NotificationService - Calling contact-service for upcoming callbacks... 
 2026-04-27 16:22:13,819 {yyyy-MM-dd HH:mm:ss} - INFO - c.e.callcenter.Service.NotificationService - Checking for due callbacks... 
 2026-04-27 16:22:14,129 {yyyy-MM-dd HH:mm:ss} - ERROR - c.e.callcenter.Service.NotificationService - Error checking upcoming callbacks 
 feign.RetryableException: Connection refused: getsockopt executing GET http://localhost:8081/api/callbacks/upcoming
	at feign.FeignException.errorExecuting(FeignException.java:278)
	at feign.SynchronousMethodHandler.executeAndDecode(SynchronousMethodHandler.java:110)
	at feign.SynchronousMethodHandler.invoke(SynchronousMethodHandler.java:70)
	at feign.ReflectiveFeign$FeignInvocationHandler.invoke(ReflectiveFeign.java:99)
	at jdk.proxy2/jdk.proxy2.$Proxy233.getUpcomingCallbacks(Unknown Source)
	at com.example.callcenter.Service.NotificationService.checkUpcomingCallbacks(NotificationService.java:107)
	at jdk.internal.reflect.GeneratedMethodAccessor75.invoke(Unknown Source)
	at java.base/jdk.internal.reflect.DelegatingMethodAccessorImpl.invoke(DelegatingMethodAccessorImpl.java:43)
	at java.base/java.lang.reflect.Method.invoke(Method.java:569)
	at org.springframework.aop.support.AopUtils.invokeJoinpointUsingReflection(AopUtils.java:351)
	at org.springframework.aop.framework.ReflectiveMethodInvocation.invokeJoinpoint(ReflectiveMethodInvocation.java:196)
	at org.springframework.aop.framework.ReflectiveMethodInvocation.proceed(ReflectiveMethodInvocation.java:163)
	at org.springframework.aop.framework.CglibAopProxy$CglibMethodInvocation.proceed(CglibAopProxy.java:765)
	at org.springframework.transaction.interceptor.TransactionInterceptor$1.proceedWithInvocation(TransactionInterceptor.java:123)
	at org.springframework.transaction.interceptor.TransactionAspectSupport.invokeWithinTransaction(TransactionAspectSupport.java:385)
	at org.springframework.transaction.interceptor.TransactionInterceptor.invoke(TransactionInterceptor.java:119)
	at org.springframework.aop.framework.ReflectiveMethodInvocation.proceed(ReflectiveMethodInvocation.java:184)
	at org.springframework.aop.framework.CglibAopProxy$CglibMethodInvocation.proceed(CglibAopProxy.java:765)
	at org.springframework.aop.framework.CglibAopProxy$DynamicAdvisedInterceptor.intercept(CglibAopProxy.java:717)
	at com.example.callcenter.Service.NotificationService$$SpringCGLIB$$0.checkUpcomingCallbacks(<generated>)
	at jdk.internal.reflect.GeneratedMethodAccessor75.invoke(Unknown Source)
	at java.base/jdk.internal.reflect.DelegatingMethodAccessorImpl.invoke(DelegatingMethodAccessorImpl.java:43)
	at java.base/java.lang.reflect.Method.invoke(Method.java:569)
	at org.springframework.scheduling.support.ScheduledMethodRunnable.runInternal(ScheduledMethodRunnable.java:130)
	at org.springframework.scheduling.support.ScheduledMethodRunnable.lambda$run$2(ScheduledMethodRunnable.java:124)
	at io.micrometer.observation.Observation.observe(Observation.java:499)
	at org.springframework.scheduling.support.ScheduledMethodRunnable.run(ScheduledMethodRunnable.java:124)
	at org.springframework.scheduling.support.DelegatingErrorHandlingRunnable.run(DelegatingErrorHandlingRunnable.java:54)
	at java.base/java.util.concurrent.Executors$RunnableAdapter.call(Executors.java:539)
	at java.base/java.util.concurrent.FutureTask.runAndReset(FutureTask.java:305)
	at java.base/java.util.concurrent.ScheduledThreadPoolExecutor$ScheduledFutureTask.run(ScheduledThreadPoolExecutor.java:305)
	at java.base/java.util.concurrent.ThreadPoolExecutor.runWorker(ThreadPoolExecutor.java:1136)
	at java.base/java.util.concurrent.ThreadPoolExecutor$Worker.run(ThreadPoolExecutor.java:635)
	at java.base/java.lang.Thread.run(Thread.java:840)
Caused by: java.net.ConnectException: Connection refused: getsockopt
	at java.base/sun.nio.ch.Net.pollConnect(Native Method)
	at java.base/sun.nio.ch.Net.pollConnectNow(Net.java:684)
	at java.base/sun.nio.ch.NioSocketImpl.timedFinishConnect(NioSocketImpl.java:547)
	at java.base/sun.nio.ch.NioSocketImpl.connect(NioSocketImpl.java:602)
	at java.base/java.net.Socket.connect(Socket.java:633)
	at java.base/sun.net.NetworkClient.doConnect(NetworkClient.java:178)
	at java.base/sun.net.www.http.HttpClient.openServer(HttpClient.java:533)
	at java.base/sun.net.www.http.HttpClient.openServer(HttpClient.java:638)
	at java.base/sun.net.www.http.HttpClient.<init>(HttpClient.java:283)
	at java.base/sun.net.www.http.HttpClient.New(HttpClient.java:386)
	at java.base/sun.net.www.http.HttpClient.New(HttpClient.java:408)
	at java.base/sun.net.www.protocol.http.HttpURLConnection.getNewHttpClient(HttpURLConnection.java:1329)
	at java.base/sun.net.www.protocol.http.HttpURLConnection.plainConnect0(HttpURLConnection.java:1262)
	at java.base/sun.net.www.protocol.http.HttpURLConnection.plainConnect(HttpURLConnection.java:1148)
	at java.base/sun.net.www.protocol.http.HttpURLConnection.connect(HttpURLConnection.java:1077)
	at java.base/sun.net.www.protocol.http.HttpURLConnection.getInputStream0(HttpURLConnection.java:1717)
	at java.base/sun.net.www.protocol.http.HttpURLConnection.getInputStream(HttpURLConnection.java:1641)
	at java.base/java.net.HttpURLConnection.getResponseCode(HttpURLConnection.java:529)
	at feign.Client$Default.convertResponse(Client.java:111)
	at feign.Client$Default.execute(Client.java:107)
	at feign.SynchronousMethodHandler.executeAndDecode(SynchronousMethodHandler.java:100)
	... 32 common frames omitted
2026-04-27 16:22:14,170 {yyyy-MM-dd HH:mm:ss} - ERROR - c.e.callcenter.Service.NotificationService - Error checking due callbacks 
 feign.RetryableException: Connection refused: getsockopt executing GET http://localhost:8081/api/callbacks/upcoming
	at feign.FeignException.errorExecuting(FeignException.java:278)
	at feign.SynchronousMethodHandler.executeAndDecode(SynchronousMethodHandler.java:110)
	at feign.SynchronousMethodHandler.invoke(SynchronousMethodHandler.java:70)
	at feign.ReflectiveFeign$FeignInvocationHandler.invoke(ReflectiveFeign.java:99)
	at jdk.proxy2/jdk.proxy2.$Proxy233.getUpcomingCallbacks(Unknown Source)
	at com.example.callcenter.Service.NotificationService.checkDueCallbacks(NotificationService.java:137)
	at java.base/jdk.internal.reflect.NativeMethodAccessorImpl.invoke0(Native Method)
	at java.base/jdk.internal.reflect.NativeMethodAccessorImpl.invoke(NativeMethodAccessorImpl.java:77)
	at java.base/jdk.internal.reflect.DelegatingMethodAccessorImpl.invoke(DelegatingMethodAccessorImpl.java:43)
	at java.base/java.lang.reflect.Method.invoke(Method.java:569)
	at org.springframework.aop.support.AopUtils.invokeJoinpointUsingReflection(AopUtils.java:351)
	at org.springframework.aop.framework.ReflectiveMethodInvocation.invokeJoinpoint(ReflectiveMethodInvocation.java:196)
	at org.springframework.aop.framework.ReflectiveMethodInvocation.proceed(ReflectiveMethodInvocation.java:163)
	at org.springframework.aop.framework.CglibAopProxy$CglibMethodInvocation.proceed(CglibAopProxy.java:765)
	at org.springframework.transaction.interceptor.TransactionInterceptor$1.proceedWithInvocation(TransactionInterceptor.java:123)
	at org.springframework.transaction.interceptor.TransactionAspectSupport.invokeWithinTransaction(TransactionAspectSupport.java:385)
	at org.springframework.transaction.interceptor.TransactionInterceptor.invoke(TransactionInterceptor.java:119)
	at org.springframework.aop.framework.ReflectiveMethodInvocation.proceed(ReflectiveMethodInvocation.java:184)
	at org.springframework.aop.framework.CglibAopProxy$CglibMethodInvocation.proceed(CglibAopProxy.java:765)
	at org.springframework.aop.framework.CglibAopProxy$DynamicAdvisedInterceptor.intercept(CglibAopProxy.java:717)
	at com.example.callcenter.Service.NotificationService$$SpringCGLIB$$0.checkDueCallbacks(<generated>)
	at java.base/jdk.internal.reflect.NativeMethodAccessorImpl.invoke0(Native Method)
	at java.base/jdk.internal.reflect.NativeMethodAccessorImpl.invoke(NativeMethodAccessorImpl.java:77)
	at java.base/jdk.internal.reflect.DelegatingMethodAccessorImpl.invoke(DelegatingMethodAccessorImpl.java:43)
	at java.base/java.lang.reflect.Method.invoke(Method.java:569)
	at org.springframework.scheduling.support.ScheduledMethodRunnable.runInternal(ScheduledMethodRunnable.java:130)
	at org.springframework.scheduling.support.ScheduledMethodRunnable.lambda$run$2(ScheduledMethodRunnable.java:124)
	at io.micrometer.observation.Observation.observe(Observation.java:499)
	at org.springframework.scheduling.support.ScheduledMethodRunnable.run(ScheduledMethodRunnable.java:124)
	at org.springframework.scheduling.support.DelegatingErrorHandlingRunnable.run(DelegatingErrorHandlingRunnable.java:54)
	at java.base/java.util.concurrent.Executors$RunnableAdapter.call(Executors.java:539)
	at java.base/java.util.concurrent.FutureTask.runAndReset(FutureTask.java:305)
	at java.base/java.util.concurrent.ScheduledThreadPoolExecutor$ScheduledFutureTask.run(ScheduledThreadPoolExecutor.java:305)
	at java.base/java.util.concurrent.ThreadPoolExecutor.runWorker(ThreadPoolExecutor.java:1136)
	at java.base/java.util.concurrent.ThreadPoolExecutor$Worker.run(ThreadPoolExecutor.java:635)
	at java.base/java.lang.Thread.run(Thread.java:840)
Caused by: java.net.ConnectException: Connection refused: getsockopt
	at java.base/sun.nio.ch.Net.pollConnect(Native Method)
	at java.base/sun.nio.ch.Net.pollConnectNow(Net.java:684)
	at java.base/sun.nio.ch.NioSocketImpl.timedFinishConnect(NioSocketImpl.java:547)
	at java.base/sun.nio.ch.NioSocketImpl.connect(NioSocketImpl.java:602)
	at java.base/java.net.Socket.connect(Socket.java:633)
	at java.base/sun.net.NetworkClient.doConnect(NetworkClient.java:178)
	at java.base/sun.net.www.http.HttpClient.openServer(HttpClient.java:533)
	at java.base/sun.net.www.http.HttpClient.openServer(HttpClient.java:638)
	at java.base/sun.net.www.http.HttpClient.<init>(HttpClient.java:283)
	at java.base/sun.net.www.http.HttpClient.New(HttpClient.java:386)
	at java.base/sun.net.www.http.HttpClient.New(HttpClient.java:408)
	at java.base/sun.net.www.protocol.http.HttpURLConnection.getNewHttpClient(HttpURLConnection.java:1329)
	at java.base/sun.net.www.protocol.http.HttpURLConnection.plainConnect0(HttpURLConnection.java:1262)
	at java.base/sun.net.www.protocol.http.HttpURLConnection.plainConnect(HttpURLConnection.java:1148)
	at java.base/sun.net.www.protocol.http.HttpURLConnection.connect(HttpURLConnection.java:1077)
	at java.base/sun.net.www.protocol.http.HttpURLConnection.getInputStream0(HttpURLConnection.java:1717)
	at java.base/sun.net.www.protocol.http.HttpURLConnection.getInputStream(HttpURLConnection.java:1641)
	at java.base/java.net.HttpURLConnection.getResponseCode(HttpURLConnection.java:529)
	at feign.Client$Default.convertResponse(Client.java:111)
	at feign.Client$Default.execute(Client.java:107)
	at feign.SynchronousMethodHandler.executeAndDecode(SynchronousMethodHandler.java:100)
	... 34 common frames omitted
2026-04-27 16:23:13,955 {yyyy-MM-dd HH:mm:ss} - INFO - c.e.callcenter.Service.NotificationService - === SCHEDULED METHOD RUNNING: checkUpcomingCallbacks === 
 2026-04-27 16:23:13,955 {yyyy-MM-dd HH:mm:ss} - INFO - c.e.callcenter.Service.NotificationService - Calling contact-service for upcoming callbacks... 
 2026-04-27 16:23:14,213 {yyyy-MM-dd HH:mm:ss} - ERROR - c.e.callcenter.Service.NotificationService - Error checking upcoming callbacks 
 feign.RetryableException: Connection refused: getsockopt executing GET http://localhost:8081/api/callbacks/upcoming
	at feign.FeignException.errorExecuting(FeignException.java:278)
	at feign.SynchronousMethodHandler.executeAndDecode(SynchronousMethodHandler.java:110)
	at feign.SynchronousMethodHandler.invoke(SynchronousMethodHandler.java:70)
	at feign.ReflectiveFeign$FeignInvocationHandler.invoke(ReflectiveFeign.java:99)
	at jdk.proxy2/jdk.proxy2.$Proxy233.getUpcomingCallbacks(Unknown Source)
	at com.example.callcenter.Service.NotificationService.checkUpcomingCallbacks(NotificationService.java:107)
	at jdk.internal.reflect.GeneratedMethodAccessor75.invoke(Unknown Source)
	at java.base/jdk.internal.reflect.DelegatingMethodAccessorImpl.invoke(DelegatingMethodAccessorImpl.java:43)
	at java.base/java.lang.reflect.Method.invoke(Method.java:569)
	at org.springframework.aop.support.AopUtils.invokeJoinpointUsingReflection(AopUtils.java:351)
	at org.springframework.aop.framework.ReflectiveMethodInvocation.invokeJoinpoint(ReflectiveMethodInvocation.java:196)
	at org.springframework.aop.framework.ReflectiveMethodInvocation.proceed(ReflectiveMethodInvocation.java:163)
	at org.springframework.aop.framework.CglibAopProxy$CglibMethodInvocation.proceed(CglibAopProxy.java:765)
	at org.springframework.transaction.interceptor.TransactionInterceptor$1.proceedWithInvocation(TransactionInterceptor.java:123)
	at org.springframework.transaction.interceptor.TransactionAspectSupport.invokeWithinTransaction(TransactionAspectSupport.java:385)
	at org.springframework.transaction.interceptor.TransactionInterceptor.invoke(TransactionInterceptor.java:119)
	at org.springframework.aop.framework.ReflectiveMethodInvocation.proceed(ReflectiveMethodInvocation.java:184)
	at org.springframework.aop.framework.CglibAopProxy$CglibMethodInvocation.proceed(CglibAopProxy.java:765)
	at org.springframework.aop.framework.CglibAopProxy$DynamicAdvisedInterceptor.intercept(CglibAopProxy.java:717)
	at com.example.callcenter.Service.NotificationService$$SpringCGLIB$$0.checkUpcomingCallbacks(<generated>)
	at jdk.internal.reflect.GeneratedMethodAccessor75.invoke(Unknown Source)
	at java.base/jdk.internal.reflect.DelegatingMethodAccessorImpl.invoke(DelegatingMethodAccessorImpl.java:43)
	at java.base/java.lang.reflect.Method.invoke(Method.java:569)
	at org.springframework.scheduling.support.ScheduledMethodRunnable.runInternal(ScheduledMethodRunnable.java:130)
	at org.springframework.scheduling.support.ScheduledMethodRunnable.lambda$run$2(ScheduledMethodRunnable.java:124)
	at io.micrometer.observation.Observation.observe(Observation.java:499)
	at org.springframework.scheduling.support.ScheduledMethodRunnable.run(ScheduledMethodRunnable.java:124)
	at org.springframework.scheduling.support.DelegatingErrorHandlingRunnable.run(DelegatingErrorHandlingRunnable.java:54)
	at java.base/java.util.concurrent.Executors$RunnableAdapter.call(Executors.java:539)
	at java.base/java.util.concurrent.FutureTask.runAndReset(FutureTask.java:305)
	at java.base/java.util.concurrent.ScheduledThreadPoolExecutor$ScheduledFutureTask.run(ScheduledThreadPoolExecutor.java:305)
	at java.base/java.util.concurrent.ThreadPoolExecutor.runWorker(ThreadPoolExecutor.java:1136)
	at java.base/java.util.concurrent.ThreadPoolExecutor$Worker.run(ThreadPoolExecutor.java:635)
	at java.base/java.lang.Thread.run(Thread.java:840)
Caused by: java.net.ConnectException: Connection refused: getsockopt
	at java.base/sun.nio.ch.Net.pollConnect(Native Method)
	at java.base/sun.nio.ch.Net.pollConnectNow(Net.java:684)
	at java.base/sun.nio.ch.NioSocketImpl.timedFinishConnect(NioSocketImpl.java:547)
	at java.base/sun.nio.ch.NioSocketImpl.connect(NioSocketImpl.java:602)
	at java.base/java.net.Socket.connect(Socket.java:633)
	at java.base/sun.net.NetworkClient.doConnect(NetworkClient.java:178)
	at java.base/sun.net.www.http.HttpClient.openServer(HttpClient.java:533)
	at java.base/sun.net.www.http.HttpClient.openServer(HttpClient.java:638)
	at java.base/sun.net.www.http.HttpClient.<init>(HttpClient.java:283)
	at java.base/sun.net.www.http.HttpClient.New(HttpClient.java:386)
	at java.base/sun.net.www.http.HttpClient.New(HttpClient.java:408)
	at java.base/sun.net.www.protocol.http.HttpURLConnection.getNewHttpClient(HttpURLConnection.java:1329)
	at java.base/sun.net.www.protocol.http.HttpURLConnection.plainConnect0(HttpURLConnection.java:1262)
	at java.base/sun.net.www.protocol.http.HttpURLConnection.plainConnect(HttpURLConnection.java:1148)
	at java.base/sun.net.www.protocol.http.HttpURLConnection.connect(HttpURLConnection.java:1077)
	at java.base/sun.net.www.protocol.http.HttpURLConnection.getInputStream0(HttpURLConnection.java:1717)
	at java.base/sun.net.www.protocol.http.HttpURLConnection.getInputStream(HttpURLConnection.java:1641)
	at java.base/java.net.HttpURLConnection.getResponseCode(HttpURLConnection.java:529)
	at feign.Client$Default.convertResponse(Client.java:111)
	at feign.Client$Default.execute(Client.java:107)
	at feign.SynchronousMethodHandler.executeAndDecode(SynchronousMethodHandler.java:100)
	... 32 common frames omitted
2026-04-27 16:24:13,718 {yyyy-MM-dd HH:mm:ss} - INFO - c.e.callcenter.Service.NotificationService - === SCHEDULED METHOD RUNNING: checkUpcomingCallbacks === 
 2026-04-27 16:24:13,718 {yyyy-MM-dd HH:mm:ss} - INFO - c.e.callcenter.Service.NotificationService - Calling contact-service for upcoming callbacks... 
 2026-04-27 16:24:13,931 {yyyy-MM-dd HH:mm:ss} - ERROR - c.e.callcenter.Service.NotificationService - Error checking upcoming callbacks 
 feign.RetryableException: Connection refused: getsockopt executing GET http://localhost:8081/api/callbacks/upcoming
	at feign.FeignException.errorExecuting(FeignException.java:278)
	at feign.SynchronousMethodHandler.executeAndDecode(SynchronousMethodHandler.java:110)
	at feign.SynchronousMethodHandler.invoke(SynchronousMethodHandler.java:70)
	at feign.ReflectiveFeign$FeignInvocationHandler.invoke(ReflectiveFeign.java:99)
	at jdk.proxy2/jdk.proxy2.$Proxy233.getUpcomingCallbacks(Unknown Source)
	at com.example.callcenter.Service.NotificationService.checkUpcomingCallbacks(NotificationService.java:107)
	at jdk.internal.reflect.GeneratedMethodAccessor75.invoke(Unknown Source)
	at java.base/jdk.internal.reflect.DelegatingMethodAccessorImpl.invoke(DelegatingMethodAccessorImpl.java:43)
	at java.base/java.lang.reflect.Method.invoke(Method.java:569)
	at org.springframework.aop.support.AopUtils.invokeJoinpointUsingReflection(AopUtils.java:351)
	at org.springframework.aop.framework.ReflectiveMethodInvocation.invokeJoinpoint(ReflectiveMethodInvocation.java:196)
	at org.springframework.aop.framework.ReflectiveMethodInvocation.proceed(ReflectiveMethodInvocation.java:163)
	at org.springframework.aop.framework.CglibAopProxy$CglibMethodInvocation.proceed(CglibAopProxy.java:765)
	at org.springframework.transaction.interceptor.TransactionInterceptor$1.proceedWithInvocation(TransactionInterceptor.java:123)
	at org.springframework.transaction.interceptor.TransactionAspectSupport.invokeWithinTransaction(TransactionAspectSupport.java:385)
	at org.springframework.transaction.interceptor.TransactionInterceptor.invoke(TransactionInterceptor.java:119)
	at org.springframework.aop.framework.ReflectiveMethodInvocation.proceed(ReflectiveMethodInvocation.java:184)
	at org.springframework.aop.framework.CglibAopProxy$CglibMethodInvocation.proceed(CglibAopProxy.java:765)
	at org.springframework.aop.framework.CglibAopProxy$DynamicAdvisedInterceptor.intercept(CglibAopProxy.java:717)
	at com.example.callcenter.Service.NotificationService$$SpringCGLIB$$0.checkUpcomingCallbacks(<generated>)
	at jdk.internal.reflect.GeneratedMethodAccessor75.invoke(Unknown Source)
	at java.base/jdk.internal.reflect.DelegatingMethodAccessorImpl.invoke(DelegatingMethodAccessorImpl.java:43)
	at java.base/java.lang.reflect.Method.invoke(Method.java:569)
	at org.springframework.scheduling.support.ScheduledMethodRunnable.runInternal(ScheduledMethodRunnable.java:130)
	at org.springframework.scheduling.support.ScheduledMethodRunnable.lambda$run$2(ScheduledMethodRunnable.java:124)
	at io.micrometer.observation.Observation.observe(Observation.java:499)
	at org.springframework.scheduling.support.ScheduledMethodRunnable.run(ScheduledMethodRunnable.java:124)
	at org.springframework.scheduling.support.DelegatingErrorHandlingRunnable.run(DelegatingErrorHandlingRunnable.java:54)
	at java.base/java.util.concurrent.Executors$RunnableAdapter.call(Executors.java:539)
	at java.base/java.util.concurrent.FutureTask.runAndReset(FutureTask.java:305)
	at java.base/java.util.concurrent.ScheduledThreadPoolExecutor$ScheduledFutureTask.run(ScheduledThreadPoolExecutor.java:305)
	at java.base/java.util.concurrent.ThreadPoolExecutor.runWorker(ThreadPoolExecutor.java:1136)
	at java.base/java.util.concurrent.ThreadPoolExecutor$Worker.run(ThreadPoolExecutor.java:635)
	at java.base/java.lang.Thread.run(Thread.java:840)
Caused by: java.net.ConnectException: Connection refused: getsockopt
	at java.base/sun.nio.ch.Net.pollConnect(Native Method)
	at java.base/sun.nio.ch.Net.pollConnectNow(Net.java:684)
	at java.base/sun.nio.ch.NioSocketImpl.timedFinishConnect(NioSocketImpl.java:547)
	at java.base/sun.nio.ch.NioSocketImpl.connect(NioSocketImpl.java:602)
	at java.base/java.net.Socket.connect(Socket.java:633)
	at java.base/sun.net.NetworkClient.doConnect(NetworkClient.java:178)
	at java.base/sun.net.www.http.HttpClient.openServer(HttpClient.java:533)
	at java.base/sun.net.www.http.HttpClient.openServer(HttpClient.java:638)
	at java.base/sun.net.www.http.HttpClient.<init>(HttpClient.java:283)
	at java.base/sun.net.www.http.HttpClient.New(HttpClient.java:386)
	at java.base/sun.net.www.http.HttpClient.New(HttpClient.java:408)
	at java.base/sun.net.www.protocol.http.HttpURLConnection.getNewHttpClient(HttpURLConnection.java:1329)
	at java.base/sun.net.www.protocol.http.HttpURLConnection.plainConnect0(HttpURLConnection.java:1262)
	at java.base/sun.net.www.protocol.http.HttpURLConnection.plainConnect(HttpURLConnection.java:1148)
	at java.base/sun.net.www.protocol.http.HttpURLConnection.connect(HttpURLConnection.java:1077)
	at java.base/sun.net.www.protocol.http.HttpURLConnection.getInputStream0(HttpURLConnection.java:1717)
	at java.base/sun.net.www.protocol.http.HttpURLConnection.getInputStream(HttpURLConnection.java:1641)
	at java.base/java.net.HttpURLConnection.getResponseCode(HttpURLConnection.java:529)
	at feign.Client$Default.convertResponse(Client.java:111)
	at feign.Client$Default.execute(Client.java:107)
	at feign.SynchronousMethodHandler.executeAndDecode(SynchronousMethodHandler.java:100)
	... 32 common frames omitted
2026-04-27 16:24:28,756 {yyyy-MM-dd HH:mm:ss} - DEBUG - org.hibernate.SQL - select u1_0.id_user,u1_0.email,u1_0.enabled,u1_0.full_name,u1_0.role,u1_0.username from user u1_0 where u1_0.username=? 
 Hibernate: select u1_0.id_user,u1_0.email,u1_0.enabled,u1_0.full_name,u1_0.role,u1_0.username from user u1_0 where u1_0.username=?
2026-04-27 16:24:29,541 {yyyy-MM-dd HH:mm:ss} - DEBUG - org.hibernate.SQL - select n1_0.id,n1_0.agent_id_user,n1_0.is_read,n1_0.message,n1_0.timestamp,n1_0.type from notification n1_0 left join user a1_0 on a1_0.id_user=n1_0.agent_id_user where a1_0.id_user=? order by n1_0.timestamp desc 
 Hibernate: select n1_0.id,n1_0.agent_id_user,n1_0.is_read,n1_0.message,n1_0.timestamp,n1_0.type from notification n1_0 left join user a1_0 on a1_0.id_user=n1_0.agent_id_user where a1_0.id_user=? order by n1_0.timestamp desc
2026-04-27 16:24:29,591 {yyyy-MM-dd HH:mm:ss} - DEBUG - org.hibernate.SQL - select r1_0.idr,a1_0.id_user,a1_0.email,a1_0.enabled,a1_0.full_name,a1_0.role,a1_0.username,r1_0.attachment_path,r1_0.category_request,r1_0.created_at,r1_0.deadline,r1_0.description,r1_0.note,r1_0.priority,r2_0.id,r2_0.ai_generated_date,r2_0.ai_insights_data,r2_0.approved_date,r2_0.contact_rate,r2_0.contacted_contacts,r2_0.generated_date,r2_0.pdf_path,r2_0.request_title,r2_0.request_type,r2_0.sent_date,r2_0.statistics_data,r2_0.status,r2_0.total_contacts,r1_0.request_type,r1_0.status,r1_0.title,r1_0.updated_at,u1_0.id_user,u1_0.email,u1_0.enabled,u1_0.full_name,u1_0.role,u1_0.username from request r1_0 left join user a1_0 on a1_0.id_user=r1_0.agent_id left join report r2_0 on r2_0.id=r1_0.report_id left join user u1_0 on u1_0.id_user=r1_0.user_id 
 Hibernate: select r1_0.idr,a1_0.id_user,a1_0.email,a1_0.enabled,a1_0.full_name,a1_0.role,a1_0.username,r1_0.attachment_path,r1_0.category_request,r1_0.created_at,r1_0.deadline,r1_0.description,r1_0.note,r1_0.priority,r2_0.id,r2_0.ai_generated_date,r2_0.ai_insights_data,r2_0.approved_date,r2_0.contact_rate,r2_0.contacted_contacts,r2_0.generated_date,r2_0.pdf_path,r2_0.request_title,r2_0.request_type,r2_0.sent_date,r2_0.statistics_data,r2_0.status,r2_0.total_contacts,r1_0.request_type,r1_0.status,r1_0.title,r1_0.updated_at,u1_0.id_user,u1_0.email,u1_0.enabled,u1_0.full_name,u1_0.role,u1_0.username from request r1_0 left join user a1_0 on a1_0.id_user=r1_0.agent_id left join report r2_0 on r2_0.id=r1_0.report_id left join user u1_0 on u1_0.id_user=r1_0.user_id
2026-04-27 16:24:29,838 {yyyy-MM-dd HH:mm:ss} - DEBUG - org.hibernate.SQL - select r1_0.idr,a1_0.id_user,a1_0.email,a1_0.enabled,a1_0.full_name,a1_0.role,a1_0.username,r1_0.attachment_path,r1_0.category_request,r1_0.created_at,r1_0.deadline,r1_0.description,r1_0.note,r1_0.priority,r2_0.id,r2_0.ai_generated_date,r2_0.ai_insights_data,r2_0.approved_date,r2_0.contact_rate,r2_0.contacted_contacts,r2_0.generated_date,r2_0.pdf_path,r2_0.request_title,r2_0.request_type,r2_0.sent_date,r2_0.statistics_data,r2_0.status,r2_0.total_contacts,r1_0.request_type,r1_0.status,r1_0.title,r1_0.updated_at,u1_0.id_user,u1_0.email,u1_0.enabled,u1_0.full_name,u1_0.role,u1_0.username from request r1_0 left join user a1_0 on a1_0.id_user=r1_0.agent_id left join report r2_0 on r2_0.id=r1_0.report_id left join user u1_0 on u1_0.id_user=r1_0.user_id where r1_0.report_id=? 
 Hibernate: select r1_0.idr,a1_0.id_user,a1_0.email,a1_0.enabled,a1_0.full_name,a1_0.role,a1_0.username,r1_0.attachment_path,r1_0.category_request,r1_0.created_at,r1_0.deadline,r1_0.description,r1_0.note,r1_0.priority,r2_0.id,r2_0.ai_generated_date,r2_0.ai_insights_data,r2_0.approved_date,r2_0.contact_rate,r2_0.contacted_contacts,r2_0.generated_date,r2_0.pdf_path,r2_0.request_title,r2_0.request_type,r2_0.sent_date,r2_0.statistics_data,r2_0.status,r2_0.total_contacts,r1_0.request_type,r1_0.status,r1_0.title,r1_0.updated_at,u1_0.id_user,u1_0.email,u1_0.enabled,u1_0.full_name,u1_0.role,u1_0.username from request r1_0 left join user a1_0 on a1_0.id_user=r1_0.agent_id left join report r2_0 on r2_0.id=r1_0.report_id left join user u1_0 on u1_0.id_user=r1_0.user_id where r1_0.report_id=?
2026-04-27 16:24:29,959 {yyyy-MM-dd HH:mm:ss} - DEBUG - org.hibernate.SQL - select r1_0.idr,a1_0.id_user,a1_0.email,a1_0.enabled,a1_0.full_name,a1_0.role,a1_0.username,r1_0.attachment_path,r1_0.category_request,r1_0.created_at,r1_0.deadline,r1_0.description,r1_0.note,r1_0.priority,r2_0.id,r2_0.ai_generated_date,r2_0.ai_insights_data,r2_0.approved_date,r2_0.contact_rate,r2_0.contacted_contacts,r2_0.generated_date,r2_0.pdf_path,r2_0.request_title,r2_0.request_type,r2_0.sent_date,r2_0.statistics_data,r2_0.status,r2_0.total_contacts,r1_0.request_type,r1_0.status,r1_0.title,r1_0.updated_at,u1_0.id_user,u1_0.email,u1_0.enabled,u1_0.full_name,u1_0.role,u1_0.username from request r1_0 left join user a1_0 on a1_0.id_user=r1_0.agent_id left join report r2_0 on r2_0.id=r1_0.report_id left join user u1_0 on u1_0.id_user=r1_0.user_id where r1_0.report_id=? 
 Hibernate: select r1_0.idr,a1_0.id_user,a1_0.email,a1_0.enabled,a1_0.full_name,a1_0.role,a1_0.username,r1_0.attachment_path,r1_0.category_request,r1_0.created_at,r1_0.deadline,r1_0.description,r1_0.note,r1_0.priority,r2_0.id,r2_0.ai_generated_date,r2_0.ai_insights_data,r2_0.approved_date,r2_0.contact_rate,r2_0.contacted_contacts,r2_0.generated_date,r2_0.pdf_path,r2_0.request_title,r2_0.request_type,r2_0.sent_date,r2_0.statistics_data,r2_0.status,r2_0.total_contacts,r1_0.request_type,r1_0.status,r1_0.title,r1_0.updated_at,u1_0.id_user,u1_0.email,u1_0.enabled,u1_0.full_name,u1_0.role,u1_0.username from request r1_0 left join user a1_0 on a1_0.id_user=r1_0.agent_id left join report r2_0 on r2_0.id=r1_0.report_id left join user u1_0 on u1_0.id_user=r1_0.user_id where r1_0.report_id=?
2026-04-27 16:24:30,048 {yyyy-MM-dd HH:mm:ss} - DEBUG - org.hibernate.SQL - select r1_0.idr,a1_0.id_user,a1_0.email,a1_0.enabled,a1_0.full_name,a1_0.role,a1_0.username,r1_0.attachment_path,r1_0.category_request,r1_0.created_at,r1_0.deadline,r1_0.description,r1_0.note,r1_0.priority,r2_0.id,r2_0.ai_generated_date,r2_0.ai_insights_data,r2_0.approved_date,r2_0.contact_rate,r2_0.contacted_contacts,r2_0.generated_date,r2_0.pdf_path,r2_0.request_title,r2_0.request_type,r2_0.sent_date,r2_0.statistics_data,r2_0.status,r2_0.total_contacts,r1_0.request_type,r1_0.status,r1_0.title,r1_0.updated_at,u1_0.id_user,u1_0.email,u1_0.enabled,u1_0.full_name,u1_0.role,u1_0.username from request r1_0 left join user a1_0 on a1_0.id_user=r1_0.agent_id left join report r2_0 on r2_0.id=r1_0.report_id left join user u1_0 on u1_0.id_user=r1_0.user_id where r1_0.report_id=? 
 Hibernate: select r1_0.idr,a1_0.id_user,a1_0.email,a1_0.enabled,a1_0.full_name,a1_0.role,a1_0.username,r1_0.attachment_path,r1_0.category_request,r1_0.created_at,r1_0.deadline,r1_0.description,r1_0.note,r1_0.priority,r2_0.id,r2_0.ai_generated_date,r2_0.ai_insights_data,r2_0.approved_date,r2_0.contact_rate,r2_0.contacted_contacts,r2_0.generated_date,r2_0.pdf_path,r2_0.request_title,r2_0.request_type,r2_0.sent_date,r2_0.statistics_data,r2_0.status,r2_0.total_contacts,r1_0.request_type,r1_0.status,r1_0.title,r1_0.updated_at,u1_0.id_user,u1_0.email,u1_0.enabled,u1_0.full_name,u1_0.role,u1_0.username from request r1_0 left join user a1_0 on a1_0.id_user=r1_0.agent_id left join report r2_0 on r2_0.id=r1_0.report_id left join user u1_0 on u1_0.id_user=r1_0.user_id where r1_0.report_id=?
2026-04-27 16:24:30,187 {yyyy-MM-dd HH:mm:ss} - DEBUG - org.hibernate.SQL - select r1_0.idr,a1_0.id_user,a1_0.email,a1_0.enabled,a1_0.full_name,a1_0.role,a1_0.username,r1_0.attachment_path,r1_0.category_request,r1_0.created_at,r1_0.deadline,r1_0.description,r1_0.note,r1_0.priority,r2_0.id,r2_0.ai_generated_date,r2_0.ai_insights_data,r2_0.approved_date,r2_0.contact_rate,r2_0.contacted_contacts,r2_0.generated_date,r2_0.pdf_path,r2_0.request_title,r2_0.request_type,r2_0.sent_date,r2_0.statistics_data,r2_0.status,r2_0.total_contacts,r1_0.request_type,r1_0.status,r1_0.title,r1_0.updated_at,u1_0.id_user,u1_0.email,u1_0.enabled,u1_0.full_name,u1_0.role,u1_0.username from request r1_0 left join user a1_0 on a1_0.id_user=r1_0.agent_id left join report r2_0 on r2_0.id=r1_0.report_id left join user u1_0 on u1_0.id_user=r1_0.user_id where r1_0.report_id=? 
 Hibernate: select r1_0.idr,a1_0.id_user,a1_0.email,a1_0.enabled,a1_0.full_name,a1_0.role,a1_0.username,r1_0.attachment_path,r1_0.category_request,r1_0.created_at,r1_0.deadline,r1_0.description,r1_0.note,r1_0.priority,r2_0.id,r2_0.ai_generated_date,r2_0.ai_insights_data,r2_0.approved_date,r2_0.contact_rate,r2_0.contacted_contacts,r2_0.generated_date,r2_0.pdf_path,r2_0.request_title,r2_0.request_type,r2_0.sent_date,r2_0.statistics_data,r2_0.status,r2_0.total_contacts,r1_0.request_type,r1_0.status,r1_0.title,r1_0.updated_at,u1_0.id_user,u1_0.email,u1_0.enabled,u1_0.full_name,u1_0.role,u1_0.username from request r1_0 left join user a1_0 on a1_0.id_user=r1_0.agent_id left join report r2_0 on r2_0.id=r1_0.report_id left join user u1_0 on u1_0.id_user=r1_0.user_id where r1_0.report_id=?
2026-04-27 16:24:30,347 {yyyy-MM-dd HH:mm:ss} - DEBUG - org.hibernate.SQL - select r1_0.idr,a1_0.id_user,a1_0.email,a1_0.enabled,a1_0.full_name,a1_0.role,a1_0.username,r1_0.attachment_path,r1_0.category_request,r1_0.created_at,r1_0.deadline,r1_0.description,r1_0.note,r1_0.priority,r2_0.id,r2_0.ai_generated_date,r2_0.ai_insights_data,r2_0.approved_date,r2_0.contact_rate,r2_0.contacted_contacts,r2_0.generated_date,r2_0.pdf_path,r2_0.request_title,r2_0.request_type,r2_0.sent_date,r2_0.statistics_data,r2_0.status,r2_0.total_contacts,r1_0.request_type,r1_0.status,r1_0.title,r1_0.updated_at,u1_0.id_user,u1_0.email,u1_0.enabled,u1_0.full_name,u1_0.role,u1_0.username from request r1_0 left join user a1_0 on a1_0.id_user=r1_0.agent_id left join report r2_0 on r2_0.id=r1_0.report_id left join user u1_0 on u1_0.id_user=r1_0.user_id where r1_0.report_id=? 
 Hibernate: select r1_0.idr,a1_0.id_user,a1_0.email,a1_0.enabled,a1_0.full_name,a1_0.role,a1_0.username,r1_0.attachment_path,r1_0.category_request,r1_0.created_at,r1_0.deadline,r1_0.description,r1_0.note,r1_0.priority,r2_0.id,r2_0.ai_generated_date,r2_0.ai_insights_data,r2_0.approved_date,r2_0.contact_rate,r2_0.contacted_contacts,r2_0.generated_date,r2_0.pdf_path,r2_0.request_title,r2_0.request_type,r2_0.sent_date,r2_0.statistics_data,r2_0.status,r2_0.total_contacts,r1_0.request_type,r1_0.status,r1_0.title,r1_0.updated_at,u1_0.id_user,u1_0.email,u1_0.enabled,u1_0.full_name,u1_0.role,u1_0.username from request r1_0 left join user a1_0 on a1_0.id_user=r1_0.agent_id left join report r2_0 on r2_0.id=r1_0.report_id left join user u1_0 on u1_0.id_user=r1_0.user_id where r1_0.report_id=?
2026-04-27 16:24:30,447 {yyyy-MM-dd HH:mm:ss} - DEBUG - org.hibernate.SQL - select r1_0.idr,a1_0.id_user,a1_0.email,a1_0.enabled,a1_0.full_name,a1_0.role,a1_0.username,r1_0.attachment_path,r1_0.category_request,r1_0.created_at,r1_0.deadline,r1_0.description,r1_0.note,r1_0.priority,r2_0.id,r2_0.ai_generated_date,r2_0.ai_insights_data,r2_0.approved_date,r2_0.contact_rate,r2_0.contacted_contacts,r2_0.generated_date,r2_0.pdf_path,r2_0.request_title,r2_0.request_type,r2_0.sent_date,r2_0.statistics_data,r2_0.status,r2_0.total_contacts,r1_0.request_type,r1_0.status,r1_0.title,r1_0.updated_at,u1_0.id_user,u1_0.email,u1_0.enabled,u1_0.full_name,u1_0.role,u1_0.username from request r1_0 left join user a1_0 on a1_0.id_user=r1_0.agent_id left join report r2_0 on r2_0.id=r1_0.report_id left join user u1_0 on u1_0.id_user=r1_0.user_id where r1_0.report_id=? 
 Hibernate: select r1_0.idr,a1_0.id_user,a1_0.email,a1_0.enabled,a1_0.full_name,a1_0.role,a1_0.username,r1_0.attachment_path,r1_0.category_request,r1_0.created_at,r1_0.deadline,r1_0.description,r1_0.note,r1_0.priority,r2_0.id,r2_0.ai_generated_date,r2_0.ai_insights_data,r2_0.approved_date,r2_0.contact_rate,r2_0.contacted_contacts,r2_0.generated_date,r2_0.pdf_path,r2_0.request_title,r2_0.request_type,r2_0.sent_date,r2_0.statistics_data,r2_0.status,r2_0.total_contacts,r1_0.request_type,r1_0.status,r1_0.title,r1_0.updated_at,u1_0.id_user,u1_0.email,u1_0.enabled,u1_0.full_name,u1_0.role,u1_0.username from request r1_0 left join user a1_0 on a1_0.id_user=r1_0.agent_id left join report r2_0 on r2_0.id=r1_0.report_id left join user u1_0 on u1_0.id_user=r1_0.user_id where r1_0.report_id=?
2026-04-27 16:24:30,562 {yyyy-MM-dd HH:mm:ss} - DEBUG - org.hibernate.SQL - select r1_0.idr,a1_0.id_user,a1_0.email,a1_0.enabled,a1_0.full_name,a1_0.role,a1_0.username,r1_0.attachment_path,r1_0.category_request,r1_0.created_at,r1_0.deadline,r1_0.description,r1_0.note,r1_0.priority,r2_0.id,r2_0.ai_generated_date,r2_0.ai_insights_data,r2_0.approved_date,r2_0.contact_rate,r2_0.contacted_contacts,r2_0.generated_date,r2_0.pdf_path,r2_0.request_title,r2_0.request_type,r2_0.sent_date,r2_0.statistics_data,r2_0.status,r2_0.total_contacts,r1_0.request_type,r1_0.status,r1_0.title,r1_0.updated_at,u1_0.id_user,u1_0.email,u1_0.enabled,u1_0.full_name,u1_0.role,u1_0.username from request r1_0 left join user a1_0 on a1_0.id_user=r1_0.agent_id left join report r2_0 on r2_0.id=r1_0.report_id left join user u1_0 on u1_0.id_user=r1_0.user_id where r1_0.report_id=? 
 Hibernate: select r1_0.idr,a1_0.id_user,a1_0.email,a1_0.enabled,a1_0.full_name,a1_0.role,a1_0.username,r1_0.attachment_path,r1_0.category_request,r1_0.created_at,r1_0.deadline,r1_0.description,r1_0.note,r1_0.priority,r2_0.id,r2_0.ai_generated_date,r2_0.ai_insights_data,r2_0.approved_date,r2_0.contact_rate,r2_0.contacted_contacts,r2_0.generated_date,r2_0.pdf_path,r2_0.request_title,r2_0.request_type,r2_0.sent_date,r2_0.statistics_data,r2_0.status,r2_0.total_contacts,r1_0.request_type,r1_0.status,r1_0.title,r1_0.updated_at,u1_0.id_user,u1_0.email,u1_0.enabled,u1_0.full_name,u1_0.role,u1_0.username from request r1_0 left join user a1_0 on a1_0.id_user=r1_0.agent_id left join report r2_0 on r2_0.id=r1_0.report_id left join user u1_0 on u1_0.id_user=r1_0.user_id where r1_0.report_id=?
2026-04-27 16:24:30,654 {yyyy-MM-dd HH:mm:ss} - DEBUG - org.hibernate.SQL - select r1_0.idr,a1_0.id_user,a1_0.email,a1_0.enabled,a1_0.full_name,a1_0.role,a1_0.username,r1_0.attachment_path,r1_0.category_request,r1_0.created_at,r1_0.deadline,r1_0.description,r1_0.note,r1_0.priority,r2_0.id,r2_0.ai_generated_date,r2_0.ai_insights_data,r2_0.approved_date,r2_0.contact_rate,r2_0.contacted_contacts,r2_0.generated_date,r2_0.pdf_path,r2_0.request_title,r2_0.request_type,r2_0.sent_date,r2_0.statistics_data,r2_0.status,r2_0.total_contacts,r1_0.request_type,r1_0.status,r1_0.title,r1_0.updated_at,u1_0.id_user,u1_0.email,u1_0.enabled,u1_0.full_name,u1_0.role,u1_0.username from request r1_0 left join user a1_0 on a1_0.id_user=r1_0.agent_id left join report r2_0 on r2_0.id=r1_0.report_id left join user u1_0 on u1_0.id_user=r1_0.user_id where r1_0.report_id=? 
 Hibernate: select r1_0.idr,a1_0.id_user,a1_0.email,a1_0.enabled,a1_0.full_name,a1_0.role,a1_0.username,r1_0.attachment_path,r1_0.category_request,r1_0.created_at,r1_0.deadline,r1_0.description,r1_0.note,r1_0.priority,r2_0.id,r2_0.ai_generated_date,r2_0.ai_insights_data,r2_0.approved_date,r2_0.contact_rate,r2_0.contacted_contacts,r2_0.generated_date,r2_0.pdf_path,r2_0.request_title,r2_0.request_type,r2_0.sent_date,r2_0.statistics_data,r2_0.status,r2_0.total_contacts,r1_0.request_type,r1_0.status,r1_0.title,r1_0.updated_at,u1_0.id_user,u1_0.email,u1_0.enabled,u1_0.full_name,u1_0.role,u1_0.username from request r1_0 left join user a1_0 on a1_0.id_user=r1_0.agent_id left join report r2_0 on r2_0.id=r1_0.report_id left join user u1_0 on u1_0.id_user=r1_0.user_id where r1_0.report_id=?
2026-04-27 16:24:30,763 {yyyy-MM-dd HH:mm:ss} - DEBUG - org.hibernate.SQL - select r1_0.idr,a1_0.id_user,a1_0.email,a1_0.enabled,a1_0.full_name,a1_0.role,a1_0.username,r1_0.attachment_path,r1_0.category_request,r1_0.created_at,r1_0.deadline,r1_0.description,r1_0.note,r1_0.priority,r2_0.id,r2_0.ai_generated_date,r2_0.ai_insights_data,r2_0.approved_date,r2_0.contact_rate,r2_0.contacted_contacts,r2_0.generated_date,r2_0.pdf_path,r2_0.request_title,r2_0.request_type,r2_0.sent_date,r2_0.statistics_data,r2_0.status,r2_0.total_contacts,r1_0.request_type,r1_0.status,r1_0.title,r1_0.updated_at,u1_0.id_user,u1_0.email,u1_0.enabled,u1_0.full_name,u1_0.role,u1_0.username from request r1_0 left join user a1_0 on a1_0.id_user=r1_0.agent_id left join report r2_0 on r2_0.id=r1_0.report_id left join user u1_0 on u1_0.id_user=r1_0.user_id where r1_0.report_id=? 
 Hibernate: select r1_0.idr,a1_0.id_user,a1_0.email,a1_0.enabled,a1_0.full_name,a1_0.role,a1_0.username,r1_0.attachment_path,r1_0.category_request,r1_0.created_at,r1_0.deadline,r1_0.description,r1_0.note,r1_0.priority,r2_0.id,r2_0.ai_generated_date,r2_0.ai_insights_data,r2_0.approved_date,r2_0.contact_rate,r2_0.contacted_contacts,r2_0.generated_date,r2_0.pdf_path,r2_0.request_title,r2_0.request_type,r2_0.sent_date,r2_0.statistics_data,r2_0.status,r2_0.total_contacts,r1_0.request_type,r1_0.status,r1_0.title,r1_0.updated_at,u1_0.id_user,u1_0.email,u1_0.enabled,u1_0.full_name,u1_0.role,u1_0.username from request r1_0 left join user a1_0 on a1_0.id_user=r1_0.agent_id left join report r2_0 on r2_0.id=r1_0.report_id left join user u1_0 on u1_0.id_user=r1_0.user_id where r1_0.report_id=?
2026-04-27 16:24:30,912 {yyyy-MM-dd HH:mm:ss} - DEBUG - org.hibernate.SQL - select u1_0.id_user,u1_0.email,u1_0.enabled,u1_0.full_name,u1_0.role,u1_0.username from user u1_0 where u1_0.role='AGENT' 
 Hibernate: select u1_0.id_user,u1_0.email,u1_0.enabled,u1_0.full_name,u1_0.role,u1_0.username from user u1_0 where u1_0.role='AGENT'
2026-04-27 16:24:31,043 {yyyy-MM-dd HH:mm:ss} - DEBUG - org.hibernate.SQL - select r1_0.id,r1_0.ai_generated_date,r1_0.ai_insights_data,r1_0.approved_date,r1_0.contact_rate,r1_0.contacted_contacts,r1_0.generated_date,r1_0.pdf_path,r1_0.request_title,r1_0.request_type,r1_0.sent_date,r1_0.statistics_data,r1_0.status,r1_0.total_contacts from report r1_0 
 Hibernate: select r1_0.id,r1_0.ai_generated_date,r1_0.ai_insights_data,r1_0.approved_date,r1_0.contact_rate,r1_0.contacted_contacts,r1_0.generated_date,r1_0.pdf_path,r1_0.request_title,r1_0.request_type,r1_0.sent_date,r1_0.statistics_data,r1_0.status,r1_0.total_contacts from report r1_0
2026-04-27 16:24:31,183 {yyyy-MM-dd HH:mm:ss} - DEBUG - org.hibernate.SQL - select r1_0.idr,a1_0.id_user,a1_0.email,a1_0.enabled,a1_0.full_name,a1_0.role,a1_0.username,r1_0.attachment_path,r1_0.category_request,r1_0.created_at,r1_0.deadline,r1_0.description,r1_0.note,r1_0.priority,r2_0.id,r2_0.ai_generated_date,r2_0.ai_insights_data,r2_0.approved_date,r2_0.contact_rate,r2_0.contacted_contacts,r2_0.generated_date,r2_0.pdf_path,r2_0.request_title,r2_0.request_type,r2_0.sent_date,r2_0.statistics_data,r2_0.status,r2_0.total_contacts,r1_0.request_type,r1_0.status,r1_0.title,r1_0.updated_at,u1_0.id_user,u1_0.email,u1_0.enabled,u1_0.full_name,u1_0.role,u1_0.username from request r1_0 left join user a1_0 on a1_0.id_user=r1_0.agent_id left join report r2_0 on r2_0.id=r1_0.report_id left join user u1_0 on u1_0.id_user=r1_0.user_id where r1_0.report_id=? 
 Hibernate: select r1_0.idr,a1_0.id_user,a1_0.email,a1_0.enabled,a1_0.full_name,a1_0.role,a1_0.username,r1_0.attachment_path,r1_0.category_request,r1_0.created_at,r1_0.deadline,r1_0.description,r1_0.note,r1_0.priority,r2_0.id,r2_0.ai_generated_date,r2_0.ai_insights_data,r2_0.approved_date,r2_0.contact_rate,r2_0.contacted_contacts,r2_0.generated_date,r2_0.pdf_path,r2_0.request_title,r2_0.request_type,r2_0.sent_date,r2_0.statistics_data,r2_0.status,r2_0.total_contacts,r1_0.request_type,r1_0.status,r1_0.title,r1_0.updated_at,u1_0.id_user,u1_0.email,u1_0.enabled,u1_0.full_name,u1_0.role,u1_0.username from request r1_0 left join user a1_0 on a1_0.id_user=r1_0.agent_id left join report r2_0 on r2_0.id=r1_0.report_id left join user u1_0 on u1_0.id_user=r1_0.user_id where r1_0.report_id=?
2026-04-27 16:24:31,225 {yyyy-MM-dd HH:mm:ss} - DEBUG - org.hibernate.SQL - select r1_0.id,r1_0.ai_generated_date,r1_0.ai_insights_data,r1_0.approved_date,r1_0.contact_rate,r1_0.contacted_contacts,r1_0.generated_date,r1_0.pdf_path,r1_0.request_title,r1_0.request_type,r1_0.sent_date,r1_0.statistics_data,r1_0.status,r1_0.total_contacts from report r1_0 
 Hibernate: select r1_0.id,r1_0.ai_generated_date,r1_0.ai_insights_data,r1_0.approved_date,r1_0.contact_rate,r1_0.contacted_contacts,r1_0.generated_date,r1_0.pdf_path,r1_0.request_title,r1_0.request_type,r1_0.sent_date,r1_0.statistics_data,r1_0.status,r1_0.total_contacts from report r1_0
2026-04-27 16:24:31,261 {yyyy-MM-dd HH:mm:ss} - DEBUG - org.hibernate.SQL - select r1_0.idr,a1_0.id_user,a1_0.email,a1_0.enabled,a1_0.full_name,a1_0.role,a1_0.username,r1_0.attachment_path,r1_0.category_request,r1_0.created_at,r1_0.deadline,r1_0.description,r1_0.note,r1_0.priority,r2_0.id,r2_0.ai_generated_date,r2_0.ai_insights_data,r2_0.approved_date,r2_0.contact_rate,r2_0.contacted_contacts,r2_0.generated_date,r2_0.pdf_path,r2_0.request_title,r2_0.request_type,r2_0.sent_date,r2_0.statistics_data,r2_0.status,r2_0.total_contacts,r1_0.request_type,r1_0.status,r1_0.title,r1_0.updated_at,u1_0.id_user,u1_0.email,u1_0.enabled,u1_0.full_name,u1_0.role,u1_0.username from request r1_0 left join user a1_0 on a1_0.id_user=r1_0.agent_id left join report r2_0 on r2_0.id=r1_0.report_id left join user u1_0 on u1_0.id_user=r1_0.user_id where r1_0.report_id=? 
 Hibernate: select r1_0.idr,a1_0.id_user,a1_0.email,a1_0.enabled,a1_0.full_name,a1_0.role,a1_0.username,r1_0.attachment_path,r1_0.category_request,r1_0.created_at,r1_0.deadline,r1_0.description,r1_0.note,r1_0.priority,r2_0.id,r2_0.ai_generated_date,r2_0.ai_insights_data,r2_0.approved_date,r2_0.contact_rate,r2_0.contacted_contacts,r2_0.generated_date,r2_0.pdf_path,r2_0.request_title,r2_0.request_type,r2_0.sent_date,r2_0.statistics_data,r2_0.status,r2_0.total_contacts,r1_0.request_type,r1_0.status,r1_0.title,r1_0.updated_at,u1_0.id_user,u1_0.email,u1_0.enabled,u1_0.full_name,u1_0.role,u1_0.username from request r1_0 left join user a1_0 on a1_0.id_user=r1_0.agent_id left join report r2_0 on r2_0.id=r1_0.report_id left join user u1_0 on u1_0.id_user=r1_0.user_id where r1_0.report_id=?
2026-04-27 16:24:31,349 {yyyy-MM-dd HH:mm:ss} - DEBUG - org.hibernate.SQL - select r1_0.idr,a1_0.id_user,a1_0.email,a1_0.enabled,a1_0.full_name,a1_0.role,a1_0.username,r1_0.attachment_path,r1_0.category_request,r1_0.created_at,r1_0.deadline,r1_0.description,r1_0.note,r1_0.priority,r2_0.id,r2_0.ai_generated_date,r2_0.ai_insights_data,r2_0.approved_date,r2_0.contact_rate,r2_0.contacted_contacts,r2_0.generated_date,r2_0.pdf_path,r2_0.request_title,r2_0.request_type,r2_0.sent_date,r2_0.statistics_data,r2_0.status,r2_0.total_contacts,r1_0.request_type,r1_0.status,r1_0.title,r1_0.updated_at,u1_0.id_user,u1_0.email,u1_0.enabled,u1_0.full_name,u1_0.role,u1_0.username from request r1_0 left join user a1_0 on a1_0.id_user=r1_0.agent_id left join report r2_0 on r2_0.id=r1_0.report_id left join user u1_0 on u1_0.id_user=r1_0.user_id where r1_0.report_id=? 
 Hibernate: select r1_0.idr,a1_0.id_user,a1_0.email,a1_0.enabled,a1_0.full_name,a1_0.role,a1_0.username,r1_0.attachment_path,r1_0.category_request,r1_0.created_at,r1_0.deadline,r1_0.description,r1_0.note,r1_0.priority,r2_0.id,r2_0.ai_generated_date,r2_0.ai_insights_data,r2_0.approved_date,r2_0.contact_rate,r2_0.contacted_contacts,r2_0.generated_date,r2_0.pdf_path,r2_0.request_title,r2_0.request_type,r2_0.sent_date,r2_0.statistics_data,r2_0.status,r2_0.total_contacts,r1_0.request_type,r1_0.status,r1_0.title,r1_0.updated_at,u1_0.id_user,u1_0.email,u1_0.enabled,u1_0.full_name,u1_0.role,u1_0.username from request r1_0 left join user a1_0 on a1_0.id_user=r1_0.agent_id left join report r2_0 on r2_0.id=r1_0.report_id left join user u1_0 on u1_0.id_user=r1_0.user_id where r1_0.report_id=?
2026-04-27 16:24:31,457 {yyyy-MM-dd HH:mm:ss} - DEBUG - org.hibernate.SQL - select r1_0.idr,a1_0.id_user,a1_0.email,a1_0.enabled,a1_0.full_name,a1_0.role,a1_0.username,r1_0.attachment_path,r1_0.category_request,r1_0.created_at,r1_0.deadline,r1_0.description,r1_0.note,r1_0.priority,r2_0.id,r2_0.ai_generated_date,r2_0.ai_insights_data,r2_0.approved_date,r2_0.contact_rate,r2_0.contacted_contacts,r2_0.generated_date,r2_0.pdf_path,r2_0.request_title,r2_0.request_type,r2_0.sent_date,r2_0.statistics_data,r2_0.status,r2_0.total_contacts,r1_0.request_type,r1_0.status,r1_0.title,r1_0.updated_at,u1_0.id_user,u1_0.email,u1_0.enabled,u1_0.full_name,u1_0.role,u1_0.username from request r1_0 left join user a1_0 on a1_0.id_user=r1_0.agent_id left join report r2_0 on r2_0.id=r1_0.report_id left join user u1_0 on u1_0.id_user=r1_0.user_id where r1_0.report_id=? 
 Hibernate: select r1_0.idr,a1_0.id_user,a1_0.email,a1_0.enabled,a1_0.full_name,a1_0.role,a1_0.username,r1_0.attachment_path,r1_0.category_request,r1_0.created_at,r1_0.deadline,r1_0.description,r1_0.note,r1_0.priority,r2_0.id,r2_0.ai_generated_date,r2_0.ai_insights_data,r2_0.approved_date,r2_0.contact_rate,r2_0.contacted_contacts,r2_0.generated_date,r2_0.pdf_path,r2_0.request_title,r2_0.request_type,r2_0.sent_date,r2_0.statistics_data,r2_0.status,r2_0.total_contacts,r1_0.request_type,r1_0.status,r1_0.title,r1_0.updated_at,u1_0.id_user,u1_0.email,u1_0.enabled,u1_0.full_name,u1_0.role,u1_0.username from request r1_0 left join user a1_0 on a1_0.id_user=r1_0.agent_id left join report r2_0 on r2_0.id=r1_0.report_id left join user u1_0 on u1_0.id_user=r1_0.user_id where r1_0.report_id=?
2026-04-27 16:24:31,602 {yyyy-MM-dd HH:mm:ss} - DEBUG - org.hibernate.SQL - select r1_0.idr,a1_0.id_user,a1_0.email,a1_0.enabled,a1_0.full_name,a1_0.role,a1_0.username,r1_0.attachment_path,r1_0.category_request,r1_0.created_at,r1_0.deadline,r1_0.description,r1_0.note,r1_0.priority,r2_0.id,r2_0.ai_generated_date,r2_0.ai_insights_data,r2_0.approved_date,r2_0.contact_rate,r2_0.contacted_contacts,r2_0.generated_date,r2_0.pdf_path,r2_0.request_title,r2_0.request_type,r2_0.sent_date,r2_0.statistics_data,r2_0.status,r2_0.total_contacts,r1_0.request_type,r1_0.status,r1_0.title,r1_0.updated_at,u1_0.id_user,u1_0.email,u1_0.enabled,u1_0.full_name,u1_0.role,u1_0.username from request r1_0 left join user a1_0 on a1_0.id_user=r1_0.agent_id left join report r2_0 on r2_0.id=r1_0.report_id left join user u1_0 on u1_0.id_user=r1_0.user_id where r1_0.report_id=? 
 Hibernate: select r1_0.idr,a1_0.id_user,a1_0.email,a1_0.enabled,a1_0.full_name,a1_0.role,a1_0.username,r1_0.attachment_path,r1_0.category_request,r1_0.created_at,r1_0.deadline,r1_0.description,r1_0.note,r1_0.priority,r2_0.id,r2_0.ai_generated_date,r2_0.ai_insights_data,r2_0.approved_date,r2_0.contact_rate,r2_0.contacted_contacts,r2_0.generated_date,r2_0.pdf_path,r2_0.request_title,r2_0.request_type,r2_0.sent_date,r2_0.statistics_data,r2_0.status,r2_0.total_contacts,r1_0.request_type,r1_0.status,r1_0.title,r1_0.updated_at,u1_0.id_user,u1_0.email,u1_0.enabled,u1_0.full_name,u1_0.role,u1_0.username from request r1_0 left join user a1_0 on a1_0.id_user=r1_0.agent_id left join report r2_0 on r2_0.id=r1_0.report_id left join user u1_0 on u1_0.id_user=r1_0.user_id where r1_0.report_id=?
2026-04-27 16:24:31,739 {yyyy-MM-dd HH:mm:ss} - DEBUG - org.hibernate.SQL - select r1_0.idr,a1_0.id_user,a1_0.email,a1_0.enabled,a1_0.full_name,a1_0.role,a1_0.username,r1_0.attachment_path,r1_0.category_request,r1_0.created_at,r1_0.deadline,r1_0.description,r1_0.note,r1_0.priority,r2_0.id,r2_0.ai_generated_date,r2_0.ai_insights_data,r2_0.approved_date,r2_0.contact_rate,r2_0.contacted_contacts,r2_0.generated_date,r2_0.pdf_path,r2_0.request_title,r2_0.request_type,r2_0.sent_date,r2_0.statistics_data,r2_0.status,r2_0.total_contacts,r1_0.request_type,r1_0.status,r1_0.title,r1_0.updated_at,u1_0.id_user,u1_0.email,u1_0.enabled,u1_0.full_name,u1_0.role,u1_0.username from request r1_0 left join user a1_0 on a1_0.id_user=r1_0.agent_id left join report r2_0 on r2_0.id=r1_0.report_id left join user u1_0 on u1_0.id_user=r1_0.user_id where r1_0.report_id=? 
 Hibernate: select r1_0.idr,a1_0.id_user,a1_0.email,a1_0.enabled,a1_0.full_name,a1_0.role,a1_0.username,r1_0.attachment_path,r1_0.category_request,r1_0.created_at,r1_0.deadline,r1_0.description,r1_0.note,r1_0.priority,r2_0.id,r2_0.ai_generated_date,r2_0.ai_insights_data,r2_0.approved_date,r2_0.contact_rate,r2_0.contacted_contacts,r2_0.generated_date,r2_0.pdf_path,r2_0.request_title,r2_0.request_type,r2_0.sent_date,r2_0.statistics_data,r2_0.status,r2_0.total_contacts,r1_0.request_type,r1_0.status,r1_0.title,r1_0.updated_at,u1_0.id_user,u1_0.email,u1_0.enabled,u1_0.full_name,u1_0.role,u1_0.username from request r1_0 left join user a1_0 on a1_0.id_user=r1_0.agent_id left join report r2_0 on r2_0.id=r1_0.report_id left join user u1_0 on u1_0.id_user=r1_0.user_id where r1_0.report_id=?
2026-04-27 16:24:31,818 {yyyy-MM-dd HH:mm:ss} - DEBUG - org.hibernate.SQL - select r1_0.idr,a1_0.id_user,a1_0.email,a1_0.enabled,a1_0.full_name,a1_0.role,a1_0.username,r1_0.attachment_path,r1_0.category_request,r1_0.created_at,r1_0.deadline,r1_0.description,r1_0.note,r1_0.priority,r2_0.id,r2_0.ai_generated_date,r2_0.ai_insights_data,r2_0.approved_date,r2_0.contact_rate,r2_0.contacted_contacts,r2_0.generated_date,r2_0.pdf_path,r2_0.request_title,r2_0.request_type,r2_0.sent_date,r2_0.statistics_data,r2_0.status,r2_0.total_contacts,r1_0.request_type,r1_0.status,r1_0.title,r1_0.updated_at,u1_0.id_user,u1_0.email,u1_0.enabled,u1_0.full_name,u1_0.role,u1_0.username from request r1_0 left join user a1_0 on a1_0.id_user=r1_0.agent_id left join report r2_0 on r2_0.id=r1_0.report_id left join user u1_0 on u1_0.id_user=r1_0.user_id where r1_0.report_id=? 
 Hibernate: select r1_0.idr,a1_0.id_user,a1_0.email,a1_0.enabled,a1_0.full_name,a1_0.role,a1_0.username,r1_0.attachment_path,r1_0.category_request,r1_0.created_at,r1_0.deadline,r1_0.description,r1_0.note,r1_0.priority,r2_0.id,r2_0.ai_generated_date,r2_0.ai_insights_data,r2_0.approved_date,r2_0.contact_rate,r2_0.contacted_contacts,r2_0.generated_date,r2_0.pdf_path,r2_0.request_title,r2_0.request_type,r2_0.sent_date,r2_0.statistics_data,r2_0.status,r2_0.total_contacts,r1_0.request_type,r1_0.status,r1_0.title,r1_0.updated_at,u1_0.id_user,u1_0.email,u1_0.enabled,u1_0.full_name,u1_0.role,u1_0.username from request r1_0 left join user a1_0 on a1_0.id_user=r1_0.agent_id left join report r2_0 on r2_0.id=r1_0.report_id left join user u1_0 on u1_0.id_user=r1_0.user_id where r1_0.report_id=?
2026-04-27 16:24:31,890 {yyyy-MM-dd HH:mm:ss} - DEBUG - org.hibernate.SQL - select r1_0.idr,a1_0.id_user,a1_0.email,a1_0.enabled,a1_0.full_name,a1_0.role,a1_0.username,r1_0.attachment_path,r1_0.category_request,r1_0.created_at,r1_0.deadline,r1_0.description,r1_0.note,r1_0.priority,r2_0.id,r2_0.ai_generated_date,r2_0.ai_insights_data,r2_0.approved_date,r2_0.contact_rate,r2_0.contacted_contacts,r2_0.generated_date,r2_0.pdf_path,r2_0.request_title,r2_0.request_type,r2_0.sent_date,r2_0.statistics_data,r2_0.status,r2_0.total_contacts,r1_0.request_type,r1_0.status,r1_0.title,r1_0.updated_at,u1_0.id_user,u1_0.email,u1_0.enabled,u1_0.full_name,u1_0.role,u1_0.username from request r1_0 left join user a1_0 on a1_0.id_user=r1_0.agent_id left join report r2_0 on r2_0.id=r1_0.report_id left join user u1_0 on u1_0.id_user=r1_0.user_id where r1_0.report_id=? 
 Hibernate: select r1_0.idr,a1_0.id_user,a1_0.email,a1_0.enabled,a1_0.full_name,a1_0.role,a1_0.username,r1_0.attachment_path,r1_0.category_request,r1_0.created_at,r1_0.deadline,r1_0.description,r1_0.note,r1_0.priority,r2_0.id,r2_0.ai_generated_date,r2_0.ai_insights_data,r2_0.approved_date,r2_0.contact_rate,r2_0.contacted_contacts,r2_0.generated_date,r2_0.pdf_path,r2_0.request_title,r2_0.request_type,r2_0.sent_date,r2_0.statistics_data,r2_0.status,r2_0.total_contacts,r1_0.request_type,r1_0.status,r1_0.title,r1_0.updated_at,u1_0.id_user,u1_0.email,u1_0.enabled,u1_0.full_name,u1_0.role,u1_0.username from request r1_0 left join user a1_0 on a1_0.id_user=r1_0.agent_id left join report r2_0 on r2_0.id=r1_0.report_id left join user u1_0 on u1_0.id_user=r1_0.user_id where r1_0.report_id=?
2026-04-27 16:24:31,890 {yyyy-MM-dd HH:mm:ss} - DEBUG - org.hibernate.SQL - select rcs1_0.id,rcs1_0.call_note,rcs1_0.contact_id,rcs1_0.created_at,rcs1_0.last_call_attempt,rcs1_0.request_id,rcs1_0.status,rcs1_0.updated_at from request_contact_status rcs1_0 
 Hibernate: select rcs1_0.id,rcs1_0.call_note,rcs1_0.contact_id,rcs1_0.created_at,rcs1_0.last_call_attempt,rcs1_0.request_id,rcs1_0.status,rcs1_0.updated_at from request_contact_status rcs1_0
2026-04-27 16:24:32,026 {yyyy-MM-dd HH:mm:ss} - DEBUG - org.hibernate.SQL - select r1_0.idr,a1_0.id_user,a1_0.email,a1_0.enabled,a1_0.full_name,a1_0.role,a1_0.username,r1_0.attachment_path,r1_0.category_request,r1_0.created_at,r1_0.deadline,r1_0.description,r1_0.note,r1_0.priority,r2_0.id,r2_0.ai_generated_date,r2_0.ai_insights_data,r2_0.approved_date,r2_0.contact_rate,r2_0.contacted_contacts,r2_0.generated_date,r2_0.pdf_path,r2_0.request_title,r2_0.request_type,r2_0.sent_date,r2_0.statistics_data,r2_0.status,r2_0.total_contacts,r1_0.request_type,r1_0.status,r1_0.title,r1_0.updated_at,u1_0.id_user,u1_0.email,u1_0.enabled,u1_0.full_name,u1_0.role,u1_0.username from request r1_0 left join user a1_0 on a1_0.id_user=r1_0.agent_id left join report r2_0 on r2_0.id=r1_0.report_id left join user u1_0 on u1_0.id_user=r1_0.user_id where r1_0.report_id=? 
 Hibernate: select r1_0.idr,a1_0.id_user,a1_0.email,a1_0.enabled,a1_0.full_name,a1_0.role,a1_0.username,r1_0.attachment_path,r1_0.category_request,r1_0.created_at,r1_0.deadline,r1_0.description,r1_0.note,r1_0.priority,r2_0.id,r2_0.ai_generated_date,r2_0.ai_insights_data,r2_0.approved_date,r2_0.contact_rate,r2_0.contacted_contacts,r2_0.generated_date,r2_0.pdf_path,r2_0.request_title,r2_0.request_type,r2_0.sent_date,r2_0.statistics_data,r2_0.status,r2_0.total_contacts,r1_0.request_type,r1_0.status,r1_0.title,r1_0.updated_at,u1_0.id_user,u1_0.email,u1_0.enabled,u1_0.full_name,u1_0.role,u1_0.username from request r1_0 left join user a1_0 on a1_0.id_user=r1_0.agent_id left join report r2_0 on r2_0.id=r1_0.report_id left join user u1_0 on u1_0.id_user=r1_0.user_id where r1_0.report_id=?
2026-04-27 16:24:32,128 {yyyy-MM-dd HH:mm:ss} - DEBUG - org.hibernate.SQL - select r1_0.idr,a1_0.id_user,a1_0.email,a1_0.enabled,a1_0.full_name,a1_0.role,a1_0.username,r1_0.attachment_path,r1_0.category_request,r1_0.created_at,r1_0.deadline,r1_0.description,r1_0.note,r1_0.priority,r2_0.id,r2_0.ai_generated_date,r2_0.ai_insights_data,r2_0.approved_date,r2_0.contact_rate,r2_0.contacted_contacts,r2_0.generated_date,r2_0.pdf_path,r2_0.request_title,r2_0.request_type,r2_0.sent_date,r2_0.statistics_data,r2_0.status,r2_0.total_contacts,r1_0.request_type,r1_0.status,r1_0.title,r1_0.updated_at,u1_0.id_user,u1_0.email,u1_0.enabled,u1_0.full_name,u1_0.role,u1_0.username from request r1_0 left join user a1_0 on a1_0.id_user=r1_0.agent_id left join report r2_0 on r2_0.id=r1_0.report_id left join user u1_0 on u1_0.id_user=r1_0.user_id where r1_0.report_id=? 
 Hibernate: select r1_0.idr,a1_0.id_user,a1_0.email,a1_0.enabled,a1_0.full_name,a1_0.role,a1_0.username,r1_0.attachment_path,r1_0.category_request,r1_0.created_at,r1_0.deadline,r1_0.description,r1_0.note,r1_0.priority,r2_0.id,r2_0.ai_generated_date,r2_0.ai_insights_data,r2_0.approved_date,r2_0.contact_rate,r2_0.contacted_contacts,r2_0.generated_date,r2_0.pdf_path,r2_0.request_title,r2_0.request_type,r2_0.sent_date,r2_0.statistics_data,r2_0.status,r2_0.total_contacts,r1_0.request_type,r1_0.status,r1_0.title,r1_0.updated_at,u1_0.id_user,u1_0.email,u1_0.enabled,u1_0.full_name,u1_0.role,u1_0.username from request r1_0 left join user a1_0 on a1_0.id_user=r1_0.agent_id left join report r2_0 on r2_0.id=r1_0.report_id left join user u1_0 on u1_0.id_user=r1_0.user_id where r1_0.report_id=?
2026-04-27 16:24:32,239 {yyyy-MM-dd HH:mm:ss} - DEBUG - org.hibernate.SQL - select r1_0.idr,a1_0.id_user,a1_0.email,a1_0.enabled,a1_0.full_name,a1_0.role,a1_0.username,r1_0.attachment_path,r1_0.category_request,r1_0.created_at,r1_0.deadline,r1_0.description,r1_0.note,r1_0.priority,r2_0.id,r2_0.ai_generated_date,r2_0.ai_insights_data,r2_0.approved_date,r2_0.contact_rate,r2_0.contacted_contacts,r2_0.generated_date,r2_0.pdf_path,r2_0.request_title,r2_0.request_type,r2_0.sent_date,r2_0.statistics_data,r2_0.status,r2_0.total_contacts,r1_0.request_type,r1_0.status,r1_0.title,r1_0.updated_at,u1_0.id_user,u1_0.email,u1_0.enabled,u1_0.full_name,u1_0.role,u1_0.username from request r1_0 left join user a1_0 on a1_0.id_user=r1_0.agent_id left join report r2_0 on r2_0.id=r1_0.report_id left join user u1_0 on u1_0.id_user=r1_0.user_id where r1_0.report_id=? 
 Hibernate: select r1_0.idr,a1_0.id_user,a1_0.email,a1_0.enabled,a1_0.full_name,a1_0.role,a1_0.username,r1_0.attachment_path,r1_0.category_request,r1_0.created_at,r1_0.deadline,r1_0.description,r1_0.note,r1_0.priority,r2_0.id,r2_0.ai_generated_date,r2_0.ai_insights_data,r2_0.approved_date,r2_0.contact_rate,r2_0.contacted_contacts,r2_0.generated_date,r2_0.pdf_path,r2_0.request_title,r2_0.request_type,r2_0.sent_date,r2_0.statistics_data,r2_0.status,r2_0.total_contacts,r1_0.request_type,r1_0.status,r1_0.title,r1_0.updated_at,u1_0.id_user,u1_0.email,u1_0.enabled,u1_0.full_name,u1_0.role,u1_0.username from request r1_0 left join user a1_0 on a1_0.id_user=r1_0.agent_id left join report r2_0 on r2_0.id=r1_0.report_id left join user u1_0 on u1_0.id_user=r1_0.user_id where r1_0.report_id=?
2026-04-27 16:24:32,254 {yyyy-MM-dd HH:mm:ss} - DEBUG - org.hibernate.SQL - SELECT * FROM logs ORDER BY timestamp DESC LIMIT ? 
 Hibernate: SELECT * FROM logs ORDER BY timestamp DESC LIMIT ?
2026-04-27 16:24:32,344 {yyyy-MM-dd HH:mm:ss} - DEBUG - org.hibernate.SQL - select r1_0.idr,a1_0.id_user,a1_0.email,a1_0.enabled,a1_0.full_name,a1_0.role,a1_0.username,r1_0.attachment_path,r1_0.category_request,r1_0.created_at,r1_0.deadline,r1_0.description,r1_0.note,r1_0.priority,r2_0.id,r2_0.ai_generated_date,r2_0.ai_insights_data,r2_0.approved_date,r2_0.contact_rate,r2_0.contacted_contacts,r2_0.generated_date,r2_0.pdf_path,r2_0.request_title,r2_0.request_type,r2_0.sent_date,r2_0.statistics_data,r2_0.status,r2_0.total_contacts,r1_0.request_type,r1_0.status,r1_0.title,r1_0.updated_at,u1_0.id_user,u1_0.email,u1_0.enabled,u1_0.full_name,u1_0.role,u1_0.username from request r1_0 left join user a1_0 on a1_0.id_user=r1_0.agent_id left join report r2_0 on r2_0.id=r1_0.report_id left join user u1_0 on u1_0.id_user=r1_0.user_id where r1_0.report_id=? 
 Hibernate: select r1_0.idr,a1_0.id_user,a1_0.email,a1_0.enabled,a1_0.full_name,a1_0.role,a1_0.username,r1_0.attachment_path,r1_0.category_request,r1_0.created_at,r1_0.deadline,r1_0.description,r1_0.note,r1_0.priority,r2_0.id,r2_0.ai_generated_date,r2_0.ai_insights_data,r2_0.approved_date,r2_0.contact_rate,r2_0.contacted_contacts,r2_0.generated_date,r2_0.pdf_path,r2_0.request_title,r2_0.request_type,r2_0.sent_date,r2_0.statistics_data,r2_0.status,r2_0.total_contacts,r1_0.request_type,r1_0.status,r1_0.title,r1_0.updated_at,u1_0.id_user,u1_0.email,u1_0.enabled,u1_0.full_name,u1_0.role,u1_0.username from request r1_0 left join user a1_0 on a1_0.id_user=r1_0.agent_id left join report r2_0 on r2_0.id=r1_0.report_id left join user u1_0 on u1_0.id_user=r1_0.user_id where r1_0.report_id=?
2026-04-27 16:24:32,419 {yyyy-MM-dd HH:mm:ss} - DEBUG - org.hibernate.SQL - select r1_0.idr,a1_0.id_user,a1_0.email,a1_0.enabled,a1_0.full_name,a1_0.role,a1_0.username,r1_0.attachment_path,r1_0.category_request,r1_0.created_at,r1_0.deadline,r1_0.description,r1_0.note,r1_0.priority,r2_0.id,r2_0.ai_generated_date,r2_0.ai_insights_data,r2_0.approved_date,r2_0.contact_rate,r2_0.contacted_contacts,r2_0.generated_date,r2_0.pdf_path,r2_0.request_title,r2_0.request_type,r2_0.sent_date,r2_0.statistics_data,r2_0.status,r2_0.total_contacts,r1_0.request_type,r1_0.status,r1_0.title,r1_0.updated_at,u1_0.id_user,u1_0.email,u1_0.enabled,u1_0.full_name,u1_0.role,u1_0.username from request r1_0 left join user a1_0 on a1_0.id_user=r1_0.agent_id left join report r2_0 on r2_0.id=r1_0.report_id left join user u1_0 on u1_0.id_user=r1_0.user_id where r1_0.report_id=? 
 Hibernate: select r1_0.idr,a1_0.id_user,a1_0.email,a1_0.enabled,a1_0.full_name,a1_0.role,a1_0.username,r1_0.attachment_path,r1_0.category_request,r1_0.created_at,r1_0.deadline,r1_0.description,r1_0.note,r1_0.priority,r2_0.id,r2_0.ai_generated_date,r2_0.ai_insights_data,r2_0.approved_date,r2_0.contact_rate,r2_0.contacted_contacts,r2_0.generated_date,r2_0.pdf_path,r2_0.request_title,r2_0.request_type,r2_0.sent_date,r2_0.statistics_data,r2_0.status,r2_0.total_contacts,r1_0.request_type,r1_0.status,r1_0.title,r1_0.updated_at,u1_0.id_user,u1_0.email,u1_0.enabled,u1_0.full_name,u1_0.role,u1_0.username from request r1_0 left join user a1_0 on a1_0.id_user=r1_0.agent_id left join report r2_0 on r2_0.id=r1_0.report_id left join user u1_0 on u1_0.id_user=r1_0.user_id where r1_0.report_id=?
2026-04-27 16:24:32,566 {yyyy-MM-dd HH:mm:ss} - DEBUG - org.hibernate.SQL - select r1_0.idr,a1_0.id_user,a1_0.email,a1_0.enabled,a1_0.full_name,a1_0.role,a1_0.username,r1_0.attachment_path,r1_0.category_request,r1_0.created_at,r1_0.deadline,r1_0.description,r1_0.note,r1_0.priority,r2_0.id,r2_0.ai_generated_date,r2_0.ai_insights_data,r2_0.approved_date,r2_0.contact_rate,r2_0.contacted_contacts,r2_0.generated_date,r2_0.pdf_path,r2_0.request_title,r2_0.request_type,r2_0.sent_date,r2_0.statistics_data,r2_0.status,r2_0.total_contacts,r1_0.request_type,r1_0.status,r1_0.title,r1_0.updated_at,u1_0.id_user,u1_0.email,u1_0.enabled,u1_0.full_name,u1_0.role,u1_0.username from request r1_0 left join user a1_0 on a1_0.id_user=r1_0.agent_id left join report r2_0 on r2_0.id=r1_0.report_id left join user u1_0 on u1_0.id_user=r1_0.user_id where r1_0.report_id=? 
 Hibernate: select r1_0.idr,a1_0.id_user,a1_0.email,a1_0.enabled,a1_0.full_name,a1_0.role,a1_0.username,r1_0.attachment_path,r1_0.category_request,r1_0.created_at,r1_0.deadline,r1_0.description,r1_0.note,r1_0.priority,r2_0.id,r2_0.ai_generated_date,r2_0.ai_insights_data,r2_0.approved_date,r2_0.contact_rate,r2_0.contacted_contacts,r2_0.generated_date,r2_0.pdf_path,r2_0.request_title,r2_0.request_type,r2_0.sent_date,r2_0.statistics_data,r2_0.status,r2_0.total_contacts,r1_0.request_type,r1_0.status,r1_0.title,r1_0.updated_at,u1_0.id_user,u1_0.email,u1_0.enabled,u1_0.full_name,u1_0.role,u1_0.username from request r1_0 left join user a1_0 on a1_0.id_user=r1_0.agent_id left join report r2_0 on r2_0.id=r1_0.report_id left join user u1_0 on u1_0.id_user=r1_0.user_id where r1_0.report_id=?
2026-04-27 16:24:32,722 {yyyy-MM-dd HH:mm:ss} - DEBUG - org.hibernate.SQL - select r1_0.idr,a1_0.id_user,a1_0.email,a1_0.enabled,a1_0.full_name,a1_0.role,a1_0.username,r1_0.attachment_path,r1_0.category_request,r1_0.created_at,r1_0.deadline,r1_0.description,r1_0.note,r1_0.priority,r2_0.id,r2_0.ai_generated_date,r2_0.ai_insights_data,r2_0.approved_date,r2_0.contact_rate,r2_0.contacted_contacts,r2_0.generated_date,r2_0.pdf_path,r2_0.request_title,r2_0.request_type,r2_0.sent_date,r2_0.statistics_data,r2_0.status,r2_0.total_contacts,r1_0.request_type,r1_0.status,r1_0.title,r1_0.updated_at,u1_0.id_user,u1_0.email,u1_0.enabled,u1_0.full_name,u1_0.role,u1_0.username from request r1_0 left join user a1_0 on a1_0.id_user=r1_0.agent_id left join report r2_0 on r2_0.id=r1_0.report_id left join user u1_0 on u1_0.id_user=r1_0.user_id where r1_0.report_id=? 
 Hibernate: select r1_0.idr,a1_0.id_user,a1_0.email,a1_0.enabled,a1_0.full_name,a1_0.role,a1_0.username,r1_0.attachment_path,r1_0.category_request,r1_0.created_at,r1_0.deadline,r1_0.description,r1_0.note,r1_0.priority,r2_0.id,r2_0.ai_generated_date,r2_0.ai_insights_data,r2_0.approved_date,r2_0.contact_rate,r2_0.contacted_contacts,r2_0.generated_date,r2_0.pdf_path,r2_0.request_title,r2_0.request_type,r2_0.sent_date,r2_0.statistics_data,r2_0.status,r2_0.total_contacts,r1_0.request_type,r1_0.status,r1_0.title,r1_0.updated_at,u1_0.id_user,u1_0.email,u1_0.enabled,u1_0.full_name,u1_0.role,u1_0.username from request r1_0 left join user a1_0 on a1_0.id_user=r1_0.agent_id left join report r2_0 on r2_0.id=r1_0.report_id left join user u1_0 on u1_0.id_user=r1_0.user_id where r1_0.report_id=?
2026-04-27 16:24:35,593 {yyyy-MM-dd HH:mm:ss} - DEBUG - org.hibernate.SQL - select r1_0.id,r1_0.ai_generated_date,r1_0.ai_insights_data,r1_0.approved_date,r1_0.contact_rate,r1_0.contacted_contacts,r1_0.generated_date,r1_0.pdf_path,r1_0.request_title,r1_0.request_type,r1_0.sent_date,r1_0.statistics_data,r1_0.status,r1_0.total_contacts from report r1_0 where r1_0.id=? 
 Hibernate: select r1_0.id,r1_0.ai_generated_date,r1_0.ai_insights_data,r1_0.approved_date,r1_0.contact_rate,r1_0.contacted_contacts,r1_0.generated_date,r1_0.pdf_path,r1_0.request_title,r1_0.request_type,r1_0.sent_date,r1_0.statistics_data,r1_0.status,r1_0.total_contacts from report r1_0 where r1_0.id=?
2026-04-27 16:24:35,690 {yyyy-MM-dd HH:mm:ss} - DEBUG - org.hibernate.SQL - select r1_0.idr,a1_0.id_user,a1_0.email,a1_0.enabled,a1_0.full_name,a1_0.role,a1_0.username,r1_0.attachment_path,r1_0.category_request,r1_0.created_at,r1_0.deadline,r1_0.description,r1_0.note,r1_0.priority,r2_0.id,r2_0.ai_generated_date,r2_0.ai_insights_data,r2_0.approved_date,r2_0.contact_rate,r2_0.contacted_contacts,r2_0.generated_date,r2_0.pdf_path,r2_0.request_title,r2_0.request_type,r2_0.sent_date,r2_0.statistics_data,r2_0.status,r2_0.total_contacts,r1_0.request_type,r1_0.status,r1_0.title,r1_0.updated_at,u1_0.id_user,u1_0.email,u1_0.enabled,u1_0.full_name,u1_0.role,u1_0.username from request r1_0 left join user a1_0 on a1_0.id_user=r1_0.agent_id left join report r2_0 on r2_0.id=r1_0.report_id left join user u1_0 on u1_0.id_user=r1_0.user_id where r1_0.report_id=? 
 Hibernate: select r1_0.idr,a1_0.id_user,a1_0.email,a1_0.enabled,a1_0.full_name,a1_0.role,a1_0.username,r1_0.attachment_path,r1_0.category_request,r1_0.created_at,r1_0.deadline,r1_0.description,r1_0.note,r1_0.priority,r2_0.id,r2_0.ai_generated_date,r2_0.ai_insights_data,r2_0.approved_date,r2_0.contact_rate,r2_0.contacted_contacts,r2_0.generated_date,r2_0.pdf_path,r2_0.request_title,r2_0.request_type,r2_0.sent_date,r2_0.statistics_data,r2_0.status,r2_0.total_contacts,r1_0.request_type,r1_0.status,r1_0.title,r1_0.updated_at,u1_0.id_user,u1_0.email,u1_0.enabled,u1_0.full_name,u1_0.role,u1_0.username from request r1_0 left join user a1_0 on a1_0.id_user=r1_0.agent_id left join report r2_0 on r2_0.id=r1_0.report_id left join user u1_0 on u1_0.id_user=r1_0.user_id where r1_0.report_id=?
2026-04-27 16:24:39,093 {yyyy-MM-dd HH:mm:ss} - DEBUG - org.hibernate.SQL - select r1_0.id,r1_0.ai_generated_date,r1_0.ai_insights_data,r1_0.approved_date,r1_0.contact_rate,r1_0.contacted_contacts,r1_0.generated_date,r1_0.pdf_path,r1_0.request_title,r1_0.request_type,r1_0.sent_date,r1_0.statistics_data,r1_0.status,r1_0.total_contacts from report r1_0 where r1_0.id=? 
 Hibernate: select r1_0.id,r1_0.ai_generated_date,r1_0.ai_insights_data,r1_0.approved_date,r1_0.contact_rate,r1_0.contacted_contacts,r1_0.generated_date,r1_0.pdf_path,r1_0.request_title,r1_0.request_type,r1_0.sent_date,r1_0.statistics_data,r1_0.status,r1_0.total_contacts from report r1_0 where r1_0.id=?
2026-04-27 16:24:39,178 {yyyy-MM-dd HH:mm:ss} - DEBUG - org.hibernate.SQL - select r1_0.idr,a1_0.id_user,a1_0.email,a1_0.enabled,a1_0.full_name,a1_0.role,a1_0.username,r1_0.attachment_path,r1_0.category_request,r1_0.created_at,r1_0.deadline,r1_0.description,r1_0.note,r1_0.priority,r2_0.id,r2_0.ai_generated_date,r2_0.ai_insights_data,r2_0.approved_date,r2_0.contact_rate,r2_0.contacted_contacts,r2_0.generated_date,r2_0.pdf_path,r2_0.request_title,r2_0.request_type,r2_0.sent_date,r2_0.statistics_data,r2_0.status,r2_0.total_contacts,r1_0.request_type,r1_0.status,r1_0.title,r1_0.updated_at,u1_0.id_user,u1_0.email,u1_0.enabled,u1_0.full_name,u1_0.role,u1_0.username from request r1_0 left join user a1_0 on a1_0.id_user=r1_0.agent_id left join report r2_0 on r2_0.id=r1_0.report_id left join user u1_0 on u1_0.id_user=r1_0.user_id where r1_0.report_id=? 
 Hibernate: select r1_0.idr,a1_0.id_user,a1_0.email,a1_0.enabled,a1_0.full_name,a1_0.role,a1_0.username,r1_0.attachment_path,r1_0.category_request,r1_0.created_at,r1_0.deadline,r1_0.description,r1_0.note,r1_0.priority,r2_0.id,r2_0.ai_generated_date,r2_0.ai_insights_data,r2_0.approved_date,r2_0.contact_rate,r2_0.contacted_contacts,r2_0.generated_date,r2_0.pdf_path,r2_0.request_title,r2_0.request_type,r2_0.sent_date,r2_0.statistics_data,r2_0.status,r2_0.total_contacts,r1_0.request_type,r1_0.status,r1_0.title,r1_0.updated_at,u1_0.id_user,u1_0.email,u1_0.enabled,u1_0.full_name,u1_0.role,u1_0.username from request r1_0 left join user a1_0 on a1_0.id_user=r1_0.agent_id left join report r2_0 on r2_0.id=r1_0.report_id left join user u1_0 on u1_0.id_user=r1_0.user_id where r1_0.report_id=?
2026-04-27 16:24:39,459 {yyyy-MM-dd HH:mm:ss} - DEBUG - org.hibernate.SQL - select r1_0.idr,r1_0.agent_id,r1_0.attachment_path,r1_0.category_request,r1_0.created_at,r1_0.deadline,r1_0.description,r1_0.note,r1_0.priority,r1_0.report_id,r1_0.request_type,r1_0.status,r1_0.title,r1_0.updated_at,r1_0.user_id from request r1_0 left join report r2_0 on r2_0.id=r1_0.report_id where r2_0.id=? 
 Hibernate: select r1_0.idr,r1_0.agent_id,r1_0.attachment_path,r1_0.category_request,r1_0.created_at,r1_0.deadline,r1_0.description,r1_0.note,r1_0.priority,r1_0.report_id,r1_0.request_type,r1_0.status,r1_0.title,r1_0.updated_at,r1_0.user_id from request r1_0 left join report r2_0 on r2_0.id=r1_0.report_id where r2_0.id=?
2026-04-27 16:24:48,324 {yyyy-MM-dd HH:mm:ss} - DEBUG - org.hibernate.SQL - select u1_0.id_user,u1_0.email,u1_0.enabled,u1_0.full_name,u1_0.role,u1_0.username from user u1_0 where u1_0.username=? 
 Hibernate: select u1_0.id_user,u1_0.email,u1_0.enabled,u1_0.full_name,u1_0.role,u1_0.username from user u1_0 where u1_0.username=?
2026-04-27 16:24:48,624 {yyyy-MM-dd HH:mm:ss} - DEBUG - org.hibernate.SQL - select r1_0.id,r1_0.ai_generated_date,r1_0.ai_insights_data,r1_0.approved_date,r1_0.contact_rate,r1_0.contacted_contacts,r1_0.generated_date,r1_0.pdf_path,r1_0.request_title,r1_0.request_type,r1_0.sent_date,r1_0.statistics_data,r1_0.status,r1_0.total_contacts from report r1_0 where r1_0.id=? 
 Hibernate: select r1_0.id,r1_0.ai_generated_date,r1_0.ai_insights_data,r1_0.approved_date,r1_0.contact_rate,r1_0.contacted_contacts,r1_0.generated_date,r1_0.pdf_path,r1_0.request_title,r1_0.request_type,r1_0.sent_date,r1_0.statistics_data,r1_0.status,r1_0.total_contacts from report r1_0 where r1_0.id=?
2026-04-27 16:24:48,737 {yyyy-MM-dd HH:mm:ss} - DEBUG - org.hibernate.SQL - select r1_0.idr,a1_0.id_user,a1_0.email,a1_0.enabled,a1_0.full_name,a1_0.role,a1_0.username,r1_0.attachment_path,r1_0.category_request,r1_0.created_at,r1_0.deadline,r1_0.description,r1_0.note,r1_0.priority,r2_0.id,r2_0.ai_generated_date,r2_0.ai_insights_data,r2_0.approved_date,r2_0.contact_rate,r2_0.contacted_contacts,r2_0.generated_date,r2_0.pdf_path,r2_0.request_title,r2_0.request_type,r2_0.sent_date,r2_0.statistics_data,r2_0.status,r2_0.total_contacts,r1_0.request_type,r1_0.status,r1_0.title,r1_0.updated_at,u1_0.id_user,u1_0.email,u1_0.enabled,u1_0.full_name,u1_0.role,u1_0.username from request r1_0 left join user a1_0 on a1_0.id_user=r1_0.agent_id left join report r2_0 on r2_0.id=r1_0.report_id left join user u1_0 on u1_0.id_user=r1_0.user_id where r1_0.report_id=? 
 Hibernate: select r1_0.idr,a1_0.id_user,a1_0.email,a1_0.enabled,a1_0.full_name,a1_0.role,a1_0.username,r1_0.attachment_path,r1_0.category_request,r1_0.created_at,r1_0.deadline,r1_0.description,r1_0.note,r1_0.priority,r2_0.id,r2_0.ai_generated_date,r2_0.ai_insights_data,r2_0.approved_date,r2_0.contact_rate,r2_0.contacted_contacts,r2_0.generated_date,r2_0.pdf_path,r2_0.request_title,r2_0.request_type,r2_0.sent_date,r2_0.statistics_data,r2_0.status,r2_0.total_contacts,r1_0.request_type,r1_0.status,r1_0.title,r1_0.updated_at,u1_0.id_user,u1_0.email,u1_0.enabled,u1_0.full_name,u1_0.role,u1_0.username from request r1_0 left join user a1_0 on a1_0.id_user=r1_0.agent_id left join report r2_0 on r2_0.id=r1_0.report_id left join user u1_0 on u1_0.id_user=r1_0.user_id where r1_0.report_id=?
2026-04-27 16:24:49,140 {yyyy-MM-dd HH:mm:ss} - DEBUG - org.hibernate.SQL - select er1_0.id,er1_0.average_rating,er1_0.binary_answers_json,er1_0.open_answer,er1_0.quality_level,er1_0.ratings_json,er1_0.report_id,er1_0.submitted_at,er1_0.user_id from evaluation_record er1_0 left join report r1_0 on r1_0.id=er1_0.report_id where r1_0.id=? and er1_0.user_id=? 
 Hibernate: select er1_0.id,er1_0.average_rating,er1_0.binary_answers_json,er1_0.open_answer,er1_0.quality_level,er1_0.ratings_json,er1_0.report_id,er1_0.submitted_at,er1_0.user_id from evaluation_record er1_0 left join report r1_0 on r1_0.id=er1_0.report_id where r1_0.id=? and er1_0.user_id=?
2026-04-27 16:24:49,505 {yyyy-MM-dd HH:mm:ss} - DEBUG - org.hibernate.SQL - update evaluation_record set average_rating=?,binary_answers_json=?,open_answer=?,quality_level=?,ratings_json=?,report_id=?,submitted_at=?,user_id=? where id=? 
 Hibernate: update evaluation_record set average_rating=?,binary_answers_json=?,open_answer=?,quality_level=?,ratings_json=?,report_id=?,submitted_at=?,user_id=? where id=?
2026-04-27 16:24:49,651 {yyyy-MM-dd HH:mm:ss} - INFO - c.e.c.Service.QualityEvaluationService - Evaluation saved id=2 report=13 user=22 avg=4.8 level=EXCELLENT 
 2026-04-27 16:25:13,707 {yyyy-MM-dd HH:mm:ss} - INFO - c.e.callcenter.Service.NotificationService - === SCHEDULED METHOD RUNNING: checkUpcomingCallbacks === 
 2026-04-27 16:25:13,707 {yyyy-MM-dd HH:mm:ss} - INFO - c.e.callcenter.Service.NotificationService - Calling contact-service for upcoming callbacks... 
 2026-04-27 16:25:13,982 {yyyy-MM-dd HH:mm:ss} - ERROR - c.e.callcenter.Service.NotificationService - Error checking upcoming callbacks 
 feign.RetryableException: Connection refused: getsockopt executing GET http://localhost:8081/api/callbacks/upcoming
	at feign.FeignException.errorExecuting(FeignException.java:278)
	at feign.SynchronousMethodHandler.executeAndDecode(SynchronousMethodHandler.java:110)
	at feign.SynchronousMethodHandler.invoke(SynchronousMethodHandler.java:70)
	at feign.ReflectiveFeign$FeignInvocationHandler.invoke(ReflectiveFeign.java:99)
	at jdk.proxy2/jdk.proxy2.$Proxy233.getUpcomingCallbacks(Unknown Source)
	at com.example.callcenter.Service.NotificationService.checkUpcomingCallbacks(NotificationService.java:107)
	at jdk.internal.reflect.GeneratedMethodAccessor75.invoke(Unknown Source)
	at java.base/jdk.internal.reflect.DelegatingMethodAccessorImpl.invoke(DelegatingMethodAccessorImpl.java:43)
	at java.base/java.lang.reflect.Method.invoke(Method.java:569)
	at org.springframework.aop.support.AopUtils.invokeJoinpointUsingReflection(AopUtils.java:351)
	at org.springframework.aop.framework.ReflectiveMethodInvocation.invokeJoinpoint(ReflectiveMethodInvocation.java:196)
	at org.springframework.aop.framework.ReflectiveMethodInvocation.proceed(ReflectiveMethodInvocation.java:163)
	at org.springframework.aop.framework.CglibAopProxy$CglibMethodInvocation.proceed(CglibAopProxy.java:765)
	at org.springframework.transaction.interceptor.TransactionInterceptor$1.proceedWithInvocation(TransactionInterceptor.java:123)
	at org.springframework.transaction.interceptor.TransactionAspectSupport.invokeWithinTransaction(TransactionAspectSupport.java:385)
	at org.springframework.transaction.interceptor.TransactionInterceptor.invoke(TransactionInterceptor.java:119)
	at org.springframework.aop.framework.ReflectiveMethodInvocation.proceed(ReflectiveMethodInvocation.java:184)
	at org.springframework.aop.framework.CglibAopProxy$CglibMethodInvocation.proceed(CglibAopProxy.java:765)
	at org.springframework.aop.framework.CglibAopProxy$DynamicAdvisedInterceptor.intercept(CglibAopProxy.java:717)
	at com.example.callcenter.Service.NotificationService$$SpringCGLIB$$0.checkUpcomingCallbacks(<generated>)
	at jdk.internal.reflect.GeneratedMethodAccessor75.invoke(Unknown Source)
	at java.base/jdk.internal.reflect.DelegatingMethodAccessorImpl.invoke(DelegatingMethodAccessorImpl.java:43)
	at java.base/java.lang.reflect.Method.invoke(Method.java:569)
	at org.springframework.scheduling.support.ScheduledMethodRunnable.runInternal(ScheduledMethodRunnable.java:130)
	at org.springframework.scheduling.support.ScheduledMethodRunnable.lambda$run$2(ScheduledMethodRunnable.java:124)
	at io.micrometer.observation.Observation.observe(Observation.java:499)
	at org.springframework.scheduling.support.ScheduledMethodRunnable.run(ScheduledMethodRunnable.java:124)
	at org.springframework.scheduling.support.DelegatingErrorHandlingRunnable.run(DelegatingErrorHandlingRunnable.java:54)
	at java.base/java.util.concurrent.Executors$RunnableAdapter.call(Executors.java:539)
	at java.base/java.util.concurrent.FutureTask.runAndReset(FutureTask.java:305)
	at java.base/java.util.concurrent.ScheduledThreadPoolExecutor$ScheduledFutureTask.run(ScheduledThreadPoolExecutor.java:305)
	at java.base/java.util.concurrent.ThreadPoolExecutor.runWorker(ThreadPoolExecutor.java:1136)
	at java.base/java.util.concurrent.ThreadPoolExecutor$Worker.run(ThreadPoolExecutor.java:635)
	at java.base/java.lang.Thread.run(Thread.java:840)
Caused by: java.net.ConnectException: Connection refused: getsockopt
	at java.base/sun.nio.ch.Net.pollConnect(Native Method)
	at java.base/sun.nio.ch.Net.pollConnectNow(Net.java:684)
	at java.base/sun.nio.ch.NioSocketImpl.timedFinishConnect(NioSocketImpl.java:547)
	at java.base/sun.nio.ch.NioSocketImpl.connect(NioSocketImpl.java:602)
	at java.base/java.net.Socket.connect(Socket.java:633)
	at java.base/sun.net.NetworkClient.doConnect(NetworkClient.java:178)
	at java.base/sun.net.www.http.HttpClient.openServer(HttpClient.java:533)
	at java.base/sun.net.www.http.HttpClient.openServer(HttpClient.java:638)
	at java.base/sun.net.www.http.HttpClient.<init>(HttpClient.java:283)
	at java.base/sun.net.www.http.HttpClient.New(HttpClient.java:386)
	at java.base/sun.net.www.http.HttpClient.New(HttpClient.java:408)
	at java.base/sun.net.www.protocol.http.HttpURLConnection.getNewHttpClient(HttpURLConnection.java:1329)
	at java.base/sun.net.www.protocol.http.HttpURLConnection.plainConnect0(HttpURLConnection.java:1262)
	at java.base/sun.net.www.protocol.http.HttpURLConnection.plainConnect(HttpURLConnection.java:1148)
	at java.base/sun.net.www.protocol.http.HttpURLConnection.connect(HttpURLConnection.java:1077)
	at java.base/sun.net.www.protocol.http.HttpURLConnection.getInputStream0(HttpURLConnection.java:1717)
	at java.base/sun.net.www.protocol.http.HttpURLConnection.getInputStream(HttpURLConnection.java:1641)
	at java.base/java.net.HttpURLConnection.getResponseCode(HttpURLConnection.java:529)
	at feign.Client$Default.convertResponse(Client.java:111)
	at feign.Client$Default.execute(Client.java:107)
	at feign.SynchronousMethodHandler.executeAndDecode(SynchronousMethodHandler.java:100)
	... 32 common frames omitted
2026-04-27 16:26:13,805 {yyyy-MM-dd HH:mm:ss} - INFO - c.e.callcenter.Service.NotificationService - === SCHEDULED METHOD RUNNING: checkUpcomingCallbacks === 
 2026-04-27 16:26:13,805 {yyyy-MM-dd HH:mm:ss} - INFO - c.e.callcenter.Service.NotificationService - Calling contact-service for upcoming callbacks... 
 2026-04-27 16:26:14,082 {yyyy-MM-dd HH:mm:ss} - ERROR - c.e.callcenter.Service.NotificationService - Error checking upcoming callbacks 
 feign.RetryableException: Connection refused: getsockopt executing GET http://localhost:8081/api/callbacks/upcoming
	at feign.FeignException.errorExecuting(FeignException.java:278)
	at feign.SynchronousMethodHandler.executeAndDecode(SynchronousMethodHandler.java:110)
	at feign.SynchronousMethodHandler.invoke(SynchronousMethodHandler.java:70)
	at feign.ReflectiveFeign$FeignInvocationHandler.invoke(ReflectiveFeign.java:99)
	at jdk.proxy2/jdk.proxy2.$Proxy233.getUpcomingCallbacks(Unknown Source)
	at com.example.callcenter.Service.NotificationService.checkUpcomingCallbacks(NotificationService.java:107)
	at jdk.internal.reflect.GeneratedMethodAccessor75.invoke(Unknown Source)
	at java.base/jdk.internal.reflect.DelegatingMethodAccessorImpl.invoke(DelegatingMethodAccessorImpl.java:43)
	at java.base/java.lang.reflect.Method.invoke(Method.java:569)
	at org.springframework.aop.support.AopUtils.invokeJoinpointUsingReflection(AopUtils.java:351)
	at org.springframework.aop.framework.ReflectiveMethodInvocation.invokeJoinpoint(ReflectiveMethodInvocation.java:196)
	at org.springframework.aop.framework.ReflectiveMethodInvocation.proceed(ReflectiveMethodInvocation.java:163)
	at org.springframework.aop.framework.CglibAopProxy$CglibMethodInvocation.proceed(CglibAopProxy.java:765)
	at org.springframework.transaction.interceptor.TransactionInterceptor$1.proceedWithInvocation(TransactionInterceptor.java:123)
	at org.springframework.transaction.interceptor.TransactionAspectSupport.invokeWithinTransaction(TransactionAspectSupport.java:385)
	at org.springframework.transaction.interceptor.TransactionInterceptor.invoke(TransactionInterceptor.java:119)
	at org.springframework.aop.framework.ReflectiveMethodInvocation.proceed(ReflectiveMethodInvocation.java:184)
	at org.springframework.aop.framework.CglibAopProxy$CglibMethodInvocation.proceed(CglibAopProxy.java:765)
	at org.springframework.aop.framework.CglibAopProxy$DynamicAdvisedInterceptor.intercept(CglibAopProxy.java:717)
	at com.example.callcenter.Service.NotificationService$$SpringCGLIB$$0.checkUpcomingCallbacks(<generated>)
	at jdk.internal.reflect.GeneratedMethodAccessor75.invoke(Unknown Source)
	at java.base/jdk.internal.reflect.DelegatingMethodAccessorImpl.invoke(DelegatingMethodAccessorImpl.java:43)
	at java.base/java.lang.reflect.Method.invoke(Method.java:569)
	at org.springframework.scheduling.support.ScheduledMethodRunnable.runInternal(ScheduledMethodRunnable.java:130)
	at org.springframework.scheduling.support.ScheduledMethodRunnable.lambda$run$2(ScheduledMethodRunnable.java:124)
	at io.micrometer.observation.Observation.observe(Observation.java:499)
	at org.springframework.scheduling.support.ScheduledMethodRunnable.run(ScheduledMethodRunnable.java:124)
	at org.springframework.scheduling.support.DelegatingErrorHandlingRunnable.run(DelegatingErrorHandlingRunnable.java:54)
	at java.base/java.util.concurrent.Executors$RunnableAdapter.call(Executors.java:539)
	at java.base/java.util.concurrent.FutureTask.runAndReset(FutureTask.java:305)
	at java.base/java.util.concurrent.ScheduledThreadPoolExecutor$ScheduledFutureTask.run(ScheduledThreadPoolExecutor.java:305)
	at java.base/java.util.concurrent.ThreadPoolExecutor.runWorker(ThreadPoolExecutor.java:1136)
	at java.base/java.util.concurrent.ThreadPoolExecutor$Worker.run(ThreadPoolExecutor.java:635)
	at java.base/java.lang.Thread.run(Thread.java:840)
Caused by: java.net.ConnectException: Connection refused: getsockopt
	at java.base/sun.nio.ch.Net.pollConnect(Native Method)
	at java.base/sun.nio.ch.Net.pollConnectNow(Net.java:684)
	at java.base/sun.nio.ch.NioSocketImpl.timedFinishConnect(NioSocketImpl.java:547)
	at java.base/sun.nio.ch.NioSocketImpl.connect(NioSocketImpl.java:602)
	at java.base/java.net.Socket.connect(Socket.java:633)
	at java.base/sun.net.NetworkClient.doConnect(NetworkClient.java:178)
	at java.base/sun.net.www.http.HttpClient.openServer(HttpClient.java:533)
	at java.base/sun.net.www.http.HttpClient.openServer(HttpClient.java:638)
	at java.base/sun.net.www.http.HttpClient.<init>(HttpClient.java:283)
	at java.base/sun.net.www.http.HttpClient.New(HttpClient.java:386)
	at java.base/sun.net.www.http.HttpClient.New(HttpClient.java:408)
	at java.base/sun.net.www.protocol.http.HttpURLConnection.getNewHttpClient(HttpURLConnection.java:1329)
	at java.base/sun.net.www.protocol.http.HttpURLConnection.plainConnect0(HttpURLConnection.java:1262)
	at java.base/sun.net.www.protocol.http.HttpURLConnection.plainConnect(HttpURLConnection.java:1148)
	at java.base/sun.net.www.protocol.http.HttpURLConnection.connect(HttpURLConnection.java:1077)
	at java.base/sun.net.www.protocol.http.HttpURLConnection.getInputStream0(HttpURLConnection.java:1717)
	at java.base/sun.net.www.protocol.http.HttpURLConnection.getInputStream(HttpURLConnection.java:1641)
	at java.base/java.net.HttpURLConnection.getResponseCode(HttpURLConnection.java:529)
	at feign.Client$Default.convertResponse(Client.java:111)
	at feign.Client$Default.execute(Client.java:107)
	at feign.SynchronousMethodHandler.executeAndDecode(SynchronousMethodHandler.java:100)
	... 32 common frames omitted
2026-04-27 16:27:13,899 {yyyy-MM-dd HH:mm:ss} - INFO - c.e.callcenter.Service.NotificationService - === SCHEDULED METHOD RUNNING: checkUpcomingCallbacks === 
 2026-04-27 16:27:13,899 {yyyy-MM-dd HH:mm:ss} - INFO - c.e.callcenter.Service.NotificationService - Calling contact-service for upcoming callbacks... 
 2026-04-27 16:27:13,972 {yyyy-MM-dd HH:mm:ss} - INFO - c.e.callcenter.Service.NotificationService - Checking for due callbacks... 
 2026-04-27 16:27:14,137 {yyyy-MM-dd HH:mm:ss} - ERROR - c.e.callcenter.Service.NotificationService - Error checking upcoming callbacks 
 feign.RetryableException: Connection refused: getsockopt executing GET http://localhost:8081/api/callbacks/upcoming
	at feign.FeignException.errorExecuting(FeignException.java:278)
	at feign.SynchronousMethodHandler.executeAndDecode(SynchronousMethodHandler.java:110)
	at feign.SynchronousMethodHandler.invoke(SynchronousMethodHandler.java:70)
	at feign.ReflectiveFeign$FeignInvocationHandler.invoke(ReflectiveFeign.java:99)
	at jdk.proxy2/jdk.proxy2.$Proxy233.getUpcomingCallbacks(Unknown Source)
	at com.example.callcenter.Service.NotificationService.checkUpcomingCallbacks(NotificationService.java:107)
	at jdk.internal.reflect.GeneratedMethodAccessor75.invoke(Unknown Source)
	at java.base/jdk.internal.reflect.DelegatingMethodAccessorImpl.invoke(DelegatingMethodAccessorImpl.java:43)
	at java.base/java.lang.reflect.Method.invoke(Method.java:569)
	at org.springframework.aop.support.AopUtils.invokeJoinpointUsingReflection(AopUtils.java:351)
	at org.springframework.aop.framework.ReflectiveMethodInvocation.invokeJoinpoint(ReflectiveMethodInvocation.java:196)
	at org.springframework.aop.framework.ReflectiveMethodInvocation.proceed(ReflectiveMethodInvocation.java:163)
	at org.springframework.aop.framework.CglibAopProxy$CglibMethodInvocation.proceed(CglibAopProxy.java:765)
	at org.springframework.transaction.interceptor.TransactionInterceptor$1.proceedWithInvocation(TransactionInterceptor.java:123)
	at org.springframework.transaction.interceptor.TransactionAspectSupport.invokeWithinTransaction(TransactionAspectSupport.java:385)
	at org.springframework.transaction.interceptor.TransactionInterceptor.invoke(TransactionInterceptor.java:119)
	at org.springframework.aop.framework.ReflectiveMethodInvocation.proceed(ReflectiveMethodInvocation.java:184)
	at org.springframework.aop.framework.CglibAopProxy$CglibMethodInvocation.proceed(CglibAopProxy.java:765)
	at org.springframework.aop.framework.CglibAopProxy$DynamicAdvisedInterceptor.intercept(CglibAopProxy.java:717)
	at com.example.callcenter.Service.NotificationService$$SpringCGLIB$$0.checkUpcomingCallbacks(<generated>)
	at jdk.internal.reflect.GeneratedMethodAccessor75.invoke(Unknown Source)
	at java.base/jdk.internal.reflect.DelegatingMethodAccessorImpl.invoke(DelegatingMethodAccessorImpl.java:43)
	at java.base/java.lang.reflect.Method.invoke(Method.java:569)
	at org.springframework.scheduling.support.ScheduledMethodRunnable.runInternal(ScheduledMethodRunnable.java:130)
	at org.springframework.scheduling.support.ScheduledMethodRunnable.lambda$run$2(ScheduledMethodRunnable.java:124)
	at io.micrometer.observation.Observation.observe(Observation.java:499)
	at org.springframework.scheduling.support.ScheduledMethodRunnable.run(ScheduledMethodRunnable.java:124)
	at org.springframework.scheduling.support.DelegatingErrorHandlingRunnable.run(DelegatingErrorHandlingRunnable.java:54)
	at java.base/java.util.concurrent.Executors$RunnableAdapter.call(Executors.java:539)
	at java.base/java.util.concurrent.FutureTask.runAndReset(FutureTask.java:305)
	at java.base/java.util.concurrent.ScheduledThreadPoolExecutor$ScheduledFutureTask.run(ScheduledThreadPoolExecutor.java:305)
	at java.base/java.util.concurrent.ThreadPoolExecutor.runWorker(ThreadPoolExecutor.java:1136)
	at java.base/java.util.concurrent.ThreadPoolExecutor$Worker.run(ThreadPoolExecutor.java:635)
	at java.base/java.lang.Thread.run(Thread.java:840)
Caused by: java.net.ConnectException: Connection refused: getsockopt
	at java.base/sun.nio.ch.Net.pollConnect(Native Method)
	at java.base/sun.nio.ch.Net.pollConnectNow(Net.java:684)
	at java.base/sun.nio.ch.NioSocketImpl.timedFinishConnect(NioSocketImpl.java:547)
	at java.base/sun.nio.ch.NioSocketImpl.connect(NioSocketImpl.java:602)
	at java.base/java.net.Socket.connect(Socket.java:633)
	at java.base/sun.net.NetworkClient.doConnect(NetworkClient.java:178)
	at java.base/sun.net.www.http.HttpClient.openServer(HttpClient.java:533)
	at java.base/sun.net.www.http.HttpClient.openServer(HttpClient.java:638)
	at java.base/sun.net.www.http.HttpClient.<init>(HttpClient.java:283)
	at java.base/sun.net.www.http.HttpClient.New(HttpClient.java:386)
	at java.base/sun.net.www.http.HttpClient.New(HttpClient.java:408)
	at java.base/sun.net.www.protocol.http.HttpURLConnection.getNewHttpClient(HttpURLConnection.java:1329)
	at java.base/sun.net.www.protocol.http.HttpURLConnection.plainConnect0(HttpURLConnection.java:1262)
	at java.base/sun.net.www.protocol.http.HttpURLConnection.plainConnect(HttpURLConnection.java:1148)
	at java.base/sun.net.www.protocol.http.HttpURLConnection.connect(HttpURLConnection.java:1077)
	at java.base/sun.net.www.protocol.http.HttpURLConnection.getInputStream0(HttpURLConnection.java:1717)
	at java.base/sun.net.www.protocol.http.HttpURLConnection.getInputStream(HttpURLConnection.java:1641)
	at java.base/java.net.HttpURLConnection.getResponseCode(HttpURLConnection.java:529)
	at feign.Client$Default.convertResponse(Client.java:111)
	at feign.Client$Default.execute(Client.java:107)
	at feign.SynchronousMethodHandler.executeAndDecode(SynchronousMethodHandler.java:100)
	... 32 common frames omitted
2026-04-27 16:27:14,153 {yyyy-MM-dd HH:mm:ss} - ERROR - c.e.callcenter.Service.NotificationService - Error checking due callbacks 
 feign.RetryableException: Connection refused: getsockopt executing GET http://localhost:8081/api/callbacks/upcoming
	at feign.FeignException.errorExecuting(FeignException.java:278)
	at feign.SynchronousMethodHandler.executeAndDecode(SynchronousMethodHandler.java:110)
	at feign.SynchronousMethodHandler.invoke(SynchronousMethodHandler.java:70)
	at feign.ReflectiveFeign$FeignInvocationHandler.invoke(ReflectiveFeign.java:99)
	at jdk.proxy2/jdk.proxy2.$Proxy233.getUpcomingCallbacks(Unknown Source)
	at com.example.callcenter.Service.NotificationService.checkDueCallbacks(NotificationService.java:137)
	at java.base/jdk.internal.reflect.NativeMethodAccessorImpl.invoke0(Native Method)
	at java.base/jdk.internal.reflect.NativeMethodAccessorImpl.invoke(NativeMethodAccessorImpl.java:77)
	at java.base/jdk.internal.reflect.DelegatingMethodAccessorImpl.invoke(DelegatingMethodAccessorImpl.java:43)
	at java.base/java.lang.reflect.Method.invoke(Method.java:569)
	at org.springframework.aop.support.AopUtils.invokeJoinpointUsingReflection(AopUtils.java:351)
	at org.springframework.aop.framework.ReflectiveMethodInvocation.invokeJoinpoint(ReflectiveMethodInvocation.java:196)
	at org.springframework.aop.framework.ReflectiveMethodInvocation.proceed(ReflectiveMethodInvocation.java:163)
	at org.springframework.aop.framework.CglibAopProxy$CglibMethodInvocation.proceed(CglibAopProxy.java:765)
	at org.springframework.transaction.interceptor.TransactionInterceptor$1.proceedWithInvocation(TransactionInterceptor.java:123)
	at org.springframework.transaction.interceptor.TransactionAspectSupport.invokeWithinTransaction(TransactionAspectSupport.java:385)
	at org.springframework.transaction.interceptor.TransactionInterceptor.invoke(TransactionInterceptor.java:119)
	at org.springframework.aop.framework.ReflectiveMethodInvocation.proceed(ReflectiveMethodInvocation.java:184)
	at org.springframework.aop.framework.CglibAopProxy$CglibMethodInvocation.proceed(CglibAopProxy.java:765)
	at org.springframework.aop.framework.CglibAopProxy$DynamicAdvisedInterceptor.intercept(CglibAopProxy.java:717)
	at com.example.callcenter.Service.NotificationService$$SpringCGLIB$$0.checkDueCallbacks(<generated>)
	at java.base/jdk.internal.reflect.NativeMethodAccessorImpl.invoke0(Native Method)
	at java.base/jdk.internal.reflect.NativeMethodAccessorImpl.invoke(NativeMethodAccessorImpl.java:77)
	at java.base/jdk.internal.reflect.DelegatingMethodAccessorImpl.invoke(DelegatingMethodAccessorImpl.java:43)
	at java.base/java.lang.reflect.Method.invoke(Method.java:569)
	at org.springframework.scheduling.support.ScheduledMethodRunnable.runInternal(ScheduledMethodRunnable.java:130)
	at org.springframework.scheduling.support.ScheduledMethodRunnable.lambda$run$2(ScheduledMethodRunnable.java:124)
	at io.micrometer.observation.Observation.observe(Observation.java:499)
	at org.springframework.scheduling.support.ScheduledMethodRunnable.run(ScheduledMethodRunnable.java:124)
	at org.springframework.scheduling.support.DelegatingErrorHandlingRunnable.run(DelegatingErrorHandlingRunnable.java:54)
	at java.base/java.util.concurrent.Executors$RunnableAdapter.call(Executors.java:539)
	at java.base/java.util.concurrent.FutureTask.runAndReset(FutureTask.java:305)
	at java.base/java.util.concurrent.ScheduledThreadPoolExecutor$ScheduledFutureTask.run(ScheduledThreadPoolExecutor.java:305)
	at java.base/java.util.concurrent.ThreadPoolExecutor.runWorker(ThreadPoolExecutor.java:1136)
	at java.base/java.util.concurrent.ThreadPoolExecutor$Worker.run(ThreadPoolExecutor.java:635)
	at java.base/java.lang.Thread.run(Thread.java:840)
Caused by: java.net.ConnectException: Connection refused: getsockopt
	at java.base/sun.nio.ch.Net.pollConnect(Native Method)
	at java.base/sun.nio.ch.Net.pollConnectNow(Net.java:684)
	at java.base/sun.nio.ch.NioSocketImpl.timedFinishConnect(NioSocketImpl.java:547)
	at java.base/sun.nio.ch.NioSocketImpl.connect(NioSocketImpl.java:602)
	at java.base/java.net.Socket.connect(Socket.java:633)
	at java.base/sun.net.NetworkClient.doConnect(NetworkClient.java:178)
	at java.base/sun.net.www.http.HttpClient.openServer(HttpClient.java:533)
	at java.base/sun.net.www.http.HttpClient.openServer(HttpClient.java:638)
	at java.base/sun.net.www.http.HttpClient.<init>(HttpClient.java:283)
	at java.base/sun.net.www.http.HttpClient.New(HttpClient.java:386)
	at java.base/sun.net.www.http.HttpClient.New(HttpClient.java:408)
	at java.base/sun.net.www.protocol.http.HttpURLConnection.getNewHttpClient(HttpURLConnection.java:1329)
	at java.base/sun.net.www.protocol.http.HttpURLConnection.plainConnect0(HttpURLConnection.java:1262)
	at java.base/sun.net.www.protocol.http.HttpURLConnection.plainConnect(HttpURLConnection.java:1148)
	at java.base/sun.net.www.protocol.http.HttpURLConnection.connect(HttpURLConnection.java:1077)
	at java.base/sun.net.www.protocol.http.HttpURLConnection.getInputStream0(HttpURLConnection.java:1717)
	at java.base/sun.net.www.protocol.http.HttpURLConnection.getInputStream(HttpURLConnection.java:1641)
	at java.base/java.net.HttpURLConnection.getResponseCode(HttpURLConnection.java:529)
	at feign.Client$Default.convertResponse(Client.java:111)
	at feign.Client$Default.execute(Client.java:107)
	at feign.SynchronousMethodHandler.executeAndDecode(SynchronousMethodHandler.java:100)
	... 34 common frames omitted
2026-04-27 16:28:13,716 {yyyy-MM-dd HH:mm:ss} - INFO - c.e.callcenter.Service.NotificationService - === SCHEDULED METHOD RUNNING: checkUpcomingCallbacks === 
 2026-04-27 16:28:13,716 {yyyy-MM-dd HH:mm:ss} - INFO - c.e.callcenter.Service.NotificationService - Calling contact-service for upcoming callbacks... 
 2026-04-27 16:28:13,980 {yyyy-MM-dd HH:mm:ss} - ERROR - c.e.callcenter.Service.NotificationService - Error checking upcoming callbacks 
 feign.RetryableException: Connection refused: getsockopt executing GET http://localhost:8081/api/callbacks/upcoming
	at feign.FeignException.errorExecuting(FeignException.java:278)
	at feign.SynchronousMethodHandler.executeAndDecode(SynchronousMethodHandler.java:110)
	at feign.SynchronousMethodHandler.invoke(SynchronousMethodHandler.java:70)
	at feign.ReflectiveFeign$FeignInvocationHandler.invoke(ReflectiveFeign.java:99)
	at jdk.proxy2/jdk.proxy2.$Proxy233.getUpcomingCallbacks(Unknown Source)
	at com.example.callcenter.Service.NotificationService.checkUpcomingCallbacks(NotificationService.java:107)
	at jdk.internal.reflect.GeneratedMethodAccessor75.invoke(Unknown Source)
	at java.base/jdk.internal.reflect.DelegatingMethodAccessorImpl.invoke(DelegatingMethodAccessorImpl.java:43)
	at java.base/java.lang.reflect.Method.invoke(Method.java:569)
	at org.springframework.aop.support.AopUtils.invokeJoinpointUsingReflection(AopUtils.java:351)
	at org.springframework.aop.framework.ReflectiveMethodInvocation.invokeJoinpoint(ReflectiveMethodInvocation.java:196)
	at org.springframework.aop.framework.ReflectiveMethodInvocation.proceed(ReflectiveMethodInvocation.java:163)
	at org.springframework.aop.framework.CglibAopProxy$CglibMethodInvocation.proceed(CglibAopProxy.java:765)
	at org.springframework.transaction.interceptor.TransactionInterceptor$1.proceedWithInvocation(TransactionInterceptor.java:123)
	at org.springframework.transaction.interceptor.TransactionAspectSupport.invokeWithinTransaction(TransactionAspectSupport.java:385)
	at org.springframework.transaction.interceptor.TransactionInterceptor.invoke(TransactionInterceptor.java:119)
	at org.springframework.aop.framework.ReflectiveMethodInvocation.proceed(ReflectiveMethodInvocation.java:184)
	at org.springframework.aop.framework.CglibAopProxy$CglibMethodInvocation.proceed(CglibAopProxy.java:765)
	at org.springframework.aop.framework.CglibAopProxy$DynamicAdvisedInterceptor.intercept(CglibAopProxy.java:717)
	at com.example.callcenter.Service.NotificationService$$SpringCGLIB$$0.checkUpcomingCallbacks(<generated>)
	at jdk.internal.reflect.GeneratedMethodAccessor75.invoke(Unknown Source)
	at java.base/jdk.internal.reflect.DelegatingMethodAccessorImpl.invoke(DelegatingMethodAccessorImpl.java:43)
	at java.base/java.lang.reflect.Method.invoke(Method.java:569)
	at org.springframework.scheduling.support.ScheduledMethodRunnable.runInternal(ScheduledMethodRunnable.java:130)
	at org.springframework.scheduling.support.ScheduledMethodRunnable.lambda$run$2(ScheduledMethodRunnable.java:124)
	at io.micrometer.observation.Observation.observe(Observation.java:499)
	at org.springframework.scheduling.support.ScheduledMethodRunnable.run(ScheduledMethodRunnable.java:124)
	at org.springframework.scheduling.support.DelegatingErrorHandlingRunnable.run(DelegatingErrorHandlingRunnable.java:54)
	at java.base/java.util.concurrent.Executors$RunnableAdapter.call(Executors.java:539)
	at java.base/java.util.concurrent.FutureTask.runAndReset(FutureTask.java:305)
	at java.base/java.util.concurrent.ScheduledThreadPoolExecutor$ScheduledFutureTask.run(ScheduledThreadPoolExecutor.java:305)
	at java.base/java.util.concurrent.ThreadPoolExecutor.runWorker(ThreadPoolExecutor.java:1136)
	at java.base/java.util.concurrent.ThreadPoolExecutor$Worker.run(ThreadPoolExecutor.java:635)
	at java.base/java.lang.Thread.run(Thread.java:840)
Caused by: java.net.ConnectException: Connection refused: getsockopt
	at java.base/sun.nio.ch.Net.pollConnect(Native Method)
	at java.base/sun.nio.ch.Net.pollConnectNow(Net.java:684)
	at java.base/sun.nio.ch.NioSocketImpl.timedFinishConnect(NioSocketImpl.java:547)
	at java.base/sun.nio.ch.NioSocketImpl.connect(NioSocketImpl.java:602)
	at java.base/java.net.Socket.connect(Socket.java:633)
	at java.base/sun.net.NetworkClient.doConnect(NetworkClient.java:178)
	at java.base/sun.net.www.http.HttpClient.openServer(HttpClient.java:533)
	at java.base/sun.net.www.http.HttpClient.openServer(HttpClient.java:638)
	at java.base/sun.net.www.http.HttpClient.<init>(HttpClient.java:283)
	at java.base/sun.net.www.http.HttpClient.New(HttpClient.java:386)
	at java.base/sun.net.www.http.HttpClient.New(HttpClient.java:408)
	at java.base/sun.net.www.protocol.http.HttpURLConnection.getNewHttpClient(HttpURLConnection.java:1329)
	at java.base/sun.net.www.protocol.http.HttpURLConnection.plainConnect0(HttpURLConnection.java:1262)
	at java.base/sun.net.www.protocol.http.HttpURLConnection.plainConnect(HttpURLConnection.java:1148)
	at java.base/sun.net.www.protocol.http.HttpURLConnection.connect(HttpURLConnection.java:1077)
	at java.base/sun.net.www.protocol.http.HttpURLConnection.getInputStream0(HttpURLConnection.java:1717)
	at java.base/sun.net.www.protocol.http.HttpURLConnection.getInputStream(HttpURLConnection.java:1641)
	at java.base/java.net.HttpURLConnection.getResponseCode(HttpURLConnection.java:529)
	at feign.Client$Default.convertResponse(Client.java:111)
	at feign.Client$Default.execute(Client.java:107)
	at feign.SynchronousMethodHandler.executeAndDecode(SynchronousMethodHandler.java:100)
	... 32 common frames omitted
2026-04-27 16:29:13,712 {yyyy-MM-dd HH:mm:ss} - INFO - c.e.callcenter.Service.NotificationService - === SCHEDULED METHOD RUNNING: checkUpcomingCallbacks === 
 2026-04-27 16:29:13,712 {yyyy-MM-dd HH:mm:ss} - INFO - c.e.callcenter.Service.NotificationService - Calling contact-service for upcoming callbacks... 
 2026-04-27 16:29:13,996 {yyyy-MM-dd HH:mm:ss} - ERROR - c.e.callcenter.Service.NotificationService - Error checking upcoming callbacks 
 feign.RetryableException: Connection refused: getsockopt executing GET http://localhost:8081/api/callbacks/upcoming
	at feign.FeignException.errorExecuting(FeignException.java:278)
	at feign.SynchronousMethodHandler.executeAndDecode(SynchronousMethodHandler.java:110)
	at feign.SynchronousMethodHandler.invoke(SynchronousMethodHandler.java:70)
	at feign.ReflectiveFeign$FeignInvocationHandler.invoke(ReflectiveFeign.java:99)
	at jdk.proxy2/jdk.proxy2.$Proxy233.getUpcomingCallbacks(Unknown Source)
	at com.example.callcenter.Service.NotificationService.checkUpcomingCallbacks(NotificationService.java:107)
	at jdk.internal.reflect.GeneratedMethodAccessor75.invoke(Unknown Source)
	at java.base/jdk.internal.reflect.DelegatingMethodAccessorImpl.invoke(DelegatingMethodAccessorImpl.java:43)
	at java.base/java.lang.reflect.Method.invoke(Method.java:569)
	at org.springframework.aop.support.AopUtils.invokeJoinpointUsingReflection(AopUtils.java:351)
	at org.springframework.aop.framework.ReflectiveMethodInvocation.invokeJoinpoint(ReflectiveMethodInvocation.java:196)
	at org.springframework.aop.framework.ReflectiveMethodInvocation.proceed(ReflectiveMethodInvocation.java:163)
	at org.springframework.aop.framework.CglibAopProxy$CglibMethodInvocation.proceed(CglibAopProxy.java:765)
	at org.springframework.transaction.interceptor.TransactionInterceptor$1.proceedWithInvocation(TransactionInterceptor.java:123)
	at org.springframework.transaction.interceptor.TransactionAspectSupport.invokeWithinTransaction(TransactionAspectSupport.java:385)
	at org.springframework.transaction.interceptor.TransactionInterceptor.invoke(TransactionInterceptor.java:119)
	at org.springframework.aop.framework.ReflectiveMethodInvocation.proceed(ReflectiveMethodInvocation.java:184)
	at org.springframework.aop.framework.CglibAopProxy$CglibMethodInvocation.proceed(CglibAopProxy.java:765)
	at org.springframework.aop.framework.CglibAopProxy$DynamicAdvisedInterceptor.intercept(CglibAopProxy.java:717)
	at com.example.callcenter.Service.NotificationService$$SpringCGLIB$$0.checkUpcomingCallbacks(<generated>)
	at jdk.internal.reflect.GeneratedMethodAccessor75.invoke(Unknown Source)
	at java.base/jdk.internal.reflect.DelegatingMethodAccessorImpl.invoke(DelegatingMethodAccessorImpl.java:43)
	at java.base/java.lang.reflect.Method.invoke(Method.java:569)
	at org.springframework.scheduling.support.ScheduledMethodRunnable.runInternal(ScheduledMethodRunnable.java:130)
	at org.springframework.scheduling.support.ScheduledMethodRunnable.lambda$run$2(ScheduledMethodRunnable.java:124)
	at io.micrometer.observation.Observation.observe(Observation.java:499)
	at org.springframework.scheduling.support.ScheduledMethodRunnable.run(ScheduledMethodRunnable.java:124)
	at org.springframework.scheduling.support.DelegatingErrorHandlingRunnable.run(DelegatingErrorHandlingRunnable.java:54)
	at java.base/java.util.concurrent.Executors$RunnableAdapter.call(Executors.java:539)
	at java.base/java.util.concurrent.FutureTask.runAndReset(FutureTask.java:305)
	at java.base/java.util.concurrent.ScheduledThreadPoolExecutor$ScheduledFutureTask.run(ScheduledThreadPoolExecutor.java:305)
	at java.base/java.util.concurrent.ThreadPoolExecutor.runWorker(ThreadPoolExecutor.java:1136)
	at java.base/java.util.concurrent.ThreadPoolExecutor$Worker.run(ThreadPoolExecutor.java:635)
	at java.base/java.lang.Thread.run(Thread.java:840)
Caused by: java.net.ConnectException: Connection refused: getsockopt
	at java.base/sun.nio.ch.Net.pollConnect(Native Method)
	at java.base/sun.nio.ch.Net.pollConnectNow(Net.java:684)
	at java.base/sun.nio.ch.NioSocketImpl.timedFinishConnect(NioSocketImpl.java:547)
	at java.base/sun.nio.ch.NioSocketImpl.connect(NioSocketImpl.java:602)
	at java.base/java.net.Socket.connect(Socket.java:633)
	at java.base/sun.net.NetworkClient.doConnect(NetworkClient.java:178)
	at java.base/sun.net.www.http.HttpClient.openServer(HttpClient.java:533)
	at java.base/sun.net.www.http.HttpClient.openServer(HttpClient.java:638)
	at java.base/sun.net.www.http.HttpClient.<init>(HttpClient.java:283)
	at java.base/sun.net.www.http.HttpClient.New(HttpClient.java:386)
	at java.base/sun.net.www.http.HttpClient.New(HttpClient.java:408)
	at java.base/sun.net.www.protocol.http.HttpURLConnection.getNewHttpClient(HttpURLConnection.java:1329)
	at java.base/sun.net.www.protocol.http.HttpURLConnection.plainConnect0(HttpURLConnection.java:1262)
	at java.base/sun.net.www.protocol.http.HttpURLConnection.plainConnect(HttpURLConnection.java:1148)
	at java.base/sun.net.www.protocol.http.HttpURLConnection.connect(HttpURLConnection.java:1077)
	at java.base/sun.net.www.protocol.http.HttpURLConnection.getInputStream0(HttpURLConnection.java:1717)
	at java.base/sun.net.www.protocol.http.HttpURLConnection.getInputStream(HttpURLConnection.java:1641)
	at java.base/java.net.HttpURLConnection.getResponseCode(HttpURLConnection.java:529)
	at feign.Client$Default.convertResponse(Client.java:111)
	at feign.Client$Default.execute(Client.java:107)
	at feign.SynchronousMethodHandler.executeAndDecode(SynchronousMethodHandler.java:100)
	... 32 common frames omitted
2026-04-27 16:30:13,718 {yyyy-MM-dd HH:mm:ss} - INFO - c.e.callcenter.Service.NotificationService - === SCHEDULED METHOD RUNNING: checkUpcomingCallbacks === 
 2026-04-27 16:30:13,718 {yyyy-MM-dd HH:mm:ss} - INFO - c.e.callcenter.Service.NotificationService - Calling contact-service for upcoming callbacks... 
 2026-04-27 16:30:13,938 {yyyy-MM-dd HH:mm:ss} - ERROR - c.e.callcenter.Service.NotificationService - Error checking upcoming callbacks 
 feign.RetryableException: Connection refused: getsockopt executing GET http://localhost:8081/api/callbacks/upcoming
	at feign.FeignException.errorExecuting(FeignException.java:278)
	at feign.SynchronousMethodHandler.executeAndDecode(SynchronousMethodHandler.java:110)
	at feign.SynchronousMethodHandler.invoke(SynchronousMethodHandler.java:70)
	at feign.ReflectiveFeign$FeignInvocationHandler.invoke(ReflectiveFeign.java:99)
	at jdk.proxy2/jdk.proxy2.$Proxy233.getUpcomingCallbacks(Unknown Source)
	at com.example.callcenter.Service.NotificationService.checkUpcomingCallbacks(NotificationService.java:107)
	at jdk.internal.reflect.GeneratedMethodAccessor75.invoke(Unknown Source)
	at java.base/jdk.internal.reflect.DelegatingMethodAccessorImpl.invoke(DelegatingMethodAccessorImpl.java:43)
	at java.base/java.lang.reflect.Method.invoke(Method.java:569)
	at org.springframework.aop.support.AopUtils.invokeJoinpointUsingReflection(AopUtils.java:351)
	at org.springframework.aop.framework.ReflectiveMethodInvocation.invokeJoinpoint(ReflectiveMethodInvocation.java:196)
	at org.springframework.aop.framework.ReflectiveMethodInvocation.proceed(ReflectiveMethodInvocation.java:163)
	at org.springframework.aop.framework.CglibAopProxy$CglibMethodInvocation.proceed(CglibAopProxy.java:765)
	at org.springframework.transaction.interceptor.TransactionInterceptor$1.proceedWithInvocation(TransactionInterceptor.java:123)
	at org.springframework.transaction.interceptor.TransactionAspectSupport.invokeWithinTransaction(TransactionAspectSupport.java:385)
	at org.springframework.transaction.interceptor.TransactionInterceptor.invoke(TransactionInterceptor.java:119)
	at org.springframework.aop.framework.ReflectiveMethodInvocation.proceed(ReflectiveMethodInvocation.java:184)
	at org.springframework.aop.framework.CglibAopProxy$CglibMethodInvocation.proceed(CglibAopProxy.java:765)
	at org.springframework.aop.framework.CglibAopProxy$DynamicAdvisedInterceptor.intercept(CglibAopProxy.java:717)
	at com.example.callcenter.Service.NotificationService$$SpringCGLIB$$0.checkUpcomingCallbacks(<generated>)
	at jdk.internal.reflect.GeneratedMethodAccessor75.invoke(Unknown Source)
	at java.base/jdk.internal.reflect.DelegatingMethodAccessorImpl.invoke(DelegatingMethodAccessorImpl.java:43)
	at java.base/java.lang.reflect.Method.invoke(Method.java:569)
	at org.springframework.scheduling.support.ScheduledMethodRunnable.runInternal(ScheduledMethodRunnable.java:130)
	at org.springframework.scheduling.support.ScheduledMethodRunnable.lambda$run$2(ScheduledMethodRunnable.java:124)
	at io.micrometer.observation.Observation.observe(Observation.java:499)
	at org.springframework.scheduling.support.ScheduledMethodRunnable.run(ScheduledMethodRunnable.java:124)
	at org.springframework.scheduling.support.DelegatingErrorHandlingRunnable.run(DelegatingErrorHandlingRunnable.java:54)
	at java.base/java.util.concurrent.Executors$RunnableAdapter.call(Executors.java:539)
	at java.base/java.util.concurrent.FutureTask.runAndReset(FutureTask.java:305)
	at java.base/java.util.concurrent.ScheduledThreadPoolExecutor$ScheduledFutureTask.run(ScheduledThreadPoolExecutor.java:305)
	at java.base/java.util.concurrent.ThreadPoolExecutor.runWorker(ThreadPoolExecutor.java:1136)
	at java.base/java.util.concurrent.ThreadPoolExecutor$Worker.run(ThreadPoolExecutor.java:635)
	at java.base/java.lang.Thread.run(Thread.java:840)
Caused by: java.net.ConnectException: Connection refused: getsockopt
	at java.base/sun.nio.ch.Net.pollConnect(Native Method)
	at java.base/sun.nio.ch.Net.pollConnectNow(Net.java:684)
	at java.base/sun.nio.ch.NioSocketImpl.timedFinishConnect(NioSocketImpl.java:547)
	at java.base/sun.nio.ch.NioSocketImpl.connect(NioSocketImpl.java:602)
	at java.base/java.net.Socket.connect(Socket.java:633)
	at java.base/sun.net.NetworkClient.doConnect(NetworkClient.java:178)
	at java.base/sun.net.www.http.HttpClient.openServer(HttpClient.java:533)
	at java.base/sun.net.www.http.HttpClient.openServer(HttpClient.java:638)
	at java.base/sun.net.www.http.HttpClient.<init>(HttpClient.java:283)
	at java.base/sun.net.www.http.HttpClient.New(HttpClient.java:386)
	at java.base/sun.net.www.http.HttpClient.New(HttpClient.java:408)
	at java.base/sun.net.www.protocol.http.HttpURLConnection.getNewHttpClient(HttpURLConnection.java:1329)
	at java.base/sun.net.www.protocol.http.HttpURLConnection.plainConnect0(HttpURLConnection.java:1262)
	at java.base/sun.net.www.protocol.http.HttpURLConnection.plainConnect(HttpURLConnection.java:1148)
	at java.base/sun.net.www.protocol.http.HttpURLConnection.connect(HttpURLConnection.java:1077)
	at java.base/sun.net.www.protocol.http.HttpURLConnection.getInputStream0(HttpURLConnection.java:1717)
	at java.base/sun.net.www.protocol.http.HttpURLConnection.getInputStream(HttpURLConnection.java:1641)
	at java.base/java.net.HttpURLConnection.getResponseCode(HttpURLConnection.java:529)
	at feign.Client$Default.convertResponse(Client.java:111)
	at feign.Client$Default.execute(Client.java:107)
	at feign.SynchronousMethodHandler.executeAndDecode(SynchronousMethodHandler.java:100)
	... 32 common frames omitted
2026-04-27 16:31:13,721 {yyyy-MM-dd HH:mm:ss} - INFO - c.e.callcenter.Service.NotificationService - === SCHEDULED METHOD RUNNING: checkUpcomingCallbacks === 
 2026-04-27 16:31:13,721 {yyyy-MM-dd HH:mm:ss} - INFO - c.e.callcenter.Service.NotificationService - Calling contact-service for upcoming callbacks... 
 2026-04-27 16:31:13,908 {yyyy-MM-dd HH:mm:ss} - ERROR - c.e.callcenter.Service.NotificationService - Error checking upcoming callbacks 
 feign.RetryableException: Connection refused: getsockopt executing GET http://localhost:8081/api/callbacks/upcoming
	at feign.FeignException.errorExecuting(FeignException.java:278)
	at feign.SynchronousMethodHandler.executeAndDecode(SynchronousMethodHandler.java:110)
	at feign.SynchronousMethodHandler.invoke(SynchronousMethodHandler.java:70)
	at feign.ReflectiveFeign$FeignInvocationHandler.invoke(ReflectiveFeign.java:99)
	at jdk.proxy2/jdk.proxy2.$Proxy233.getUpcomingCallbacks(Unknown Source)
	at com.example.callcenter.Service.NotificationService.checkUpcomingCallbacks(NotificationService.java:107)
	at jdk.internal.reflect.GeneratedMethodAccessor75.invoke(Unknown Source)
	at java.base/jdk.internal.reflect.DelegatingMethodAccessorImpl.invoke(DelegatingMethodAccessorImpl.java:43)
	at java.base/java.lang.reflect.Method.invoke(Method.java:569)
	at org.springframework.aop.support.AopUtils.invokeJoinpointUsingReflection(AopUtils.java:351)
	at org.springframework.aop.framework.ReflectiveMethodInvocation.invokeJoinpoint(ReflectiveMethodInvocation.java:196)
	at org.springframework.aop.framework.ReflectiveMethodInvocation.proceed(ReflectiveMethodInvocation.java:163)
	at org.springframework.aop.framework.CglibAopProxy$CglibMethodInvocation.proceed(CglibAopProxy.java:765)
	at org.springframework.transaction.interceptor.TransactionInterceptor$1.proceedWithInvocation(TransactionInterceptor.java:123)
	at org.springframework.transaction.interceptor.TransactionAspectSupport.invokeWithinTransaction(TransactionAspectSupport.java:385)
	at org.springframework.transaction.interceptor.TransactionInterceptor.invoke(TransactionInterceptor.java:119)
	at org.springframework.aop.framework.ReflectiveMethodInvocation.proceed(ReflectiveMethodInvocation.java:184)
	at org.springframework.aop.framework.CglibAopProxy$CglibMethodInvocation.proceed(CglibAopProxy.java:765)
	at org.springframework.aop.framework.CglibAopProxy$DynamicAdvisedInterceptor.intercept(CglibAopProxy.java:717)
	at com.example.callcenter.Service.NotificationService$$SpringCGLIB$$0.checkUpcomingCallbacks(<generated>)
	at jdk.internal.reflect.GeneratedMethodAccessor75.invoke(Unknown Source)
	at java.base/jdk.internal.reflect.DelegatingMethodAccessorImpl.invoke(DelegatingMethodAccessorImpl.java:43)
	at java.base/java.lang.reflect.Method.invoke(Method.java:569)
	at org.springframework.scheduling.support.ScheduledMethodRunnable.runInternal(ScheduledMethodRunnable.java:130)
	at org.springframework.scheduling.support.ScheduledMethodRunnable.lambda$run$2(ScheduledMethodRunnable.java:124)
	at io.micrometer.observation.Observation.observe(Observation.java:499)
	at org.springframework.scheduling.support.ScheduledMethodRunnable.run(ScheduledMethodRunnable.java:124)
	at org.springframework.scheduling.support.DelegatingErrorHandlingRunnable.run(DelegatingErrorHandlingRunnable.java:54)
	at java.base/java.util.concurrent.Executors$RunnableAdapter.call(Executors.java:539)
	at java.base/java.util.concurrent.FutureTask.runAndReset(FutureTask.java:305)
	at java.base/java.util.concurrent.ScheduledThreadPoolExecutor$ScheduledFutureTask.run(ScheduledThreadPoolExecutor.java:305)
	at java.base/java.util.concurrent.ThreadPoolExecutor.runWorker(ThreadPoolExecutor.java:1136)
	at java.base/java.util.concurrent.ThreadPoolExecutor$Worker.run(ThreadPoolExecutor.java:635)
	at java.base/java.lang.Thread.run(Thread.java:840)
Caused by: java.net.ConnectException: Connection refused: getsockopt
	at java.base/sun.nio.ch.Net.pollConnect(Native Method)
	at java.base/sun.nio.ch.Net.pollConnectNow(Net.java:684)
	at java.base/sun.nio.ch.NioSocketImpl.timedFinishConnect(NioSocketImpl.java:547)
	at java.base/sun.nio.ch.NioSocketImpl.connect(NioSocketImpl.java:602)
	at java.base/java.net.Socket.connect(Socket.java:633)
	at java.base/sun.net.NetworkClient.doConnect(NetworkClient.java:178)
	at java.base/sun.net.www.http.HttpClient.openServer(HttpClient.java:533)
	at java.base/sun.net.www.http.HttpClient.openServer(HttpClient.java:638)
	at java.base/sun.net.www.http.HttpClient.<init>(HttpClient.java:283)
	at java.base/sun.net.www.http.HttpClient.New(HttpClient.java:386)
	at java.base/sun.net.www.http.HttpClient.New(HttpClient.java:408)
	at java.base/sun.net.www.protocol.http.HttpURLConnection.getNewHttpClient(HttpURLConnection.java:1329)
	at java.base/sun.net.www.protocol.http.HttpURLConnection.plainConnect0(HttpURLConnection.java:1262)
	at java.base/sun.net.www.protocol.http.HttpURLConnection.plainConnect(HttpURLConnection.java:1148)
	at java.base/sun.net.www.protocol.http.HttpURLConnection.connect(HttpURLConnection.java:1077)
	at java.base/sun.net.www.protocol.http.HttpURLConnection.getInputStream0(HttpURLConnection.java:1717)
	at java.base/sun.net.www.protocol.http.HttpURLConnection.getInputStream(HttpURLConnection.java:1641)
	at java.base/java.net.HttpURLConnection.getResponseCode(HttpURLConnection.java:529)
	at feign.Client$Default.convertResponse(Client.java:111)
	at feign.Client$Default.execute(Client.java:107)
	at feign.SynchronousMethodHandler.executeAndDecode(SynchronousMethodHandler.java:100)
	... 32 common frames omitted
2026-04-27 16:32:14,683 {yyyy-MM-dd HH:mm:ss} - INFO - c.e.callcenter.Service.NotificationService - Checking for due callbacks... 
 2026-04-27 16:32:14,699 {yyyy-MM-dd HH:mm:ss} - INFO - c.e.callcenter.Service.NotificationService - === SCHEDULED METHOD RUNNING: checkUpcomingCallbacks === 
 2026-04-27 16:32:14,699 {yyyy-MM-dd HH:mm:ss} - INFO - c.e.callcenter.Service.NotificationService - Calling contact-service for upcoming callbacks... 
 2026-04-27 16:32:14,853 {yyyy-MM-dd HH:mm:ss} - ERROR - c.e.callcenter.Service.NotificationService - Error checking upcoming callbacks 
 feign.RetryableException: Connection refused: getsockopt executing GET http://localhost:8081/api/callbacks/upcoming
	at feign.FeignException.errorExecuting(FeignException.java:278)
	at feign.SynchronousMethodHandler.executeAndDecode(SynchronousMethodHandler.java:110)
	at feign.SynchronousMethodHandler.invoke(SynchronousMethodHandler.java:70)
	at feign.ReflectiveFeign$FeignInvocationHandler.invoke(ReflectiveFeign.java:99)
	at jdk.proxy2/jdk.proxy2.$Proxy233.getUpcomingCallbacks(Unknown Source)
	at com.example.callcenter.Service.NotificationService.checkUpcomingCallbacks(NotificationService.java:107)
	at jdk.internal.reflect.GeneratedMethodAccessor75.invoke(Unknown Source)
	at java.base/jdk.internal.reflect.DelegatingMethodAccessorImpl.invoke(DelegatingMethodAccessorImpl.java:43)
	at java.base/java.lang.reflect.Method.invoke(Method.java:569)
	at org.springframework.aop.support.AopUtils.invokeJoinpointUsingReflection(AopUtils.java:351)
	at org.springframework.aop.framework.ReflectiveMethodInvocation.invokeJoinpoint(ReflectiveMethodInvocation.java:196)
	at org.springframework.aop.framework.ReflectiveMethodInvocation.proceed(ReflectiveMethodInvocation.java:163)
	at org.springframework.aop.framework.CglibAopProxy$CglibMethodInvocation.proceed(CglibAopProxy.java:765)
	at org.springframework.transaction.interceptor.TransactionInterceptor$1.proceedWithInvocation(TransactionInterceptor.java:123)
	at org.springframework.transaction.interceptor.TransactionAspectSupport.invokeWithinTransaction(TransactionAspectSupport.java:385)
	at org.springframework.transaction.interceptor.TransactionInterceptor.invoke(TransactionInterceptor.java:119)
	at org.springframework.aop.framework.ReflectiveMethodInvocation.proceed(ReflectiveMethodInvocation.java:184)
	at org.springframework.aop.framework.CglibAopProxy$CglibMethodInvocation.proceed(CglibAopProxy.java:765)
	at org.springframework.aop.framework.CglibAopProxy$DynamicAdvisedInterceptor.intercept(CglibAopProxy.java:717)
	at com.example.callcenter.Service.NotificationService$$SpringCGLIB$$0.checkUpcomingCallbacks(<generated>)
	at jdk.internal.reflect.GeneratedMethodAccessor75.invoke(Unknown Source)
	at java.base/jdk.internal.reflect.DelegatingMethodAccessorImpl.invoke(DelegatingMethodAccessorImpl.java:43)
	at java.base/java.lang.reflect.Method.invoke(Method.java:569)
	at org.springframework.scheduling.support.ScheduledMethodRunnable.runInternal(ScheduledMethodRunnable.java:130)
	at org.springframework.scheduling.support.ScheduledMethodRunnable.lambda$run$2(ScheduledMethodRunnable.java:124)
	at io.micrometer.observation.Observation.observe(Observation.java:499)
	at org.springframework.scheduling.support.ScheduledMethodRunnable.run(ScheduledMethodRunnable.java:124)
	at org.springframework.scheduling.support.DelegatingErrorHandlingRunnable.run(DelegatingErrorHandlingRunnable.java:54)
	at java.base/java.util.concurrent.Executors$RunnableAdapter.call(Executors.java:539)
	at java.base/java.util.concurrent.FutureTask.runAndReset(FutureTask.java:305)
	at java.base/java.util.concurrent.ScheduledThreadPoolExecutor$ScheduledFutureTask.run(ScheduledThreadPoolExecutor.java:305)
	at java.base/java.util.concurrent.ThreadPoolExecutor.runWorker(ThreadPoolExecutor.java:1136)
	at java.base/java.util.concurrent.ThreadPoolExecutor$Worker.run(ThreadPoolExecutor.java:635)
	at java.base/java.lang.Thread.run(Thread.java:840)
Caused by: java.net.ConnectException: Connection refused: getsockopt
	at java.base/sun.nio.ch.Net.pollConnect(Native Method)
	at java.base/sun.nio.ch.Net.pollConnectNow(Net.java:684)
	at java.base/sun.nio.ch.NioSocketImpl.timedFinishConnect(NioSocketImpl.java:547)
	at java.base/sun.nio.ch.NioSocketImpl.connect(NioSocketImpl.java:602)
	at java.base/java.net.Socket.connect(Socket.java:633)
	at java.base/sun.net.NetworkClient.doConnect(NetworkClient.java:178)
	at java.base/sun.net.www.http.HttpClient.openServer(HttpClient.java:533)
	at java.base/sun.net.www.http.HttpClient.openServer(HttpClient.java:638)
	at java.base/sun.net.www.http.HttpClient.<init>(HttpClient.java:283)
	at java.base/sun.net.www.http.HttpClient.New(HttpClient.java:386)
	at java.base/sun.net.www.http.HttpClient.New(HttpClient.java:408)
	at java.base/sun.net.www.protocol.http.HttpURLConnection.getNewHttpClient(HttpURLConnection.java:1329)
	at java.base/sun.net.www.protocol.http.HttpURLConnection.plainConnect0(HttpURLConnection.java:1262)
	at java.base/sun.net.www.protocol.http.HttpURLConnection.plainConnect(HttpURLConnection.java:1148)
	at java.base/sun.net.www.protocol.http.HttpURLConnection.connect(HttpURLConnection.java:1077)
	at java.base/sun.net.www.protocol.http.HttpURLConnection.getInputStream0(HttpURLConnection.java:1717)
	at java.base/sun.net.www.protocol.http.HttpURLConnection.getInputStream(HttpURLConnection.java:1641)
	at java.base/java.net.HttpURLConnection.getResponseCode(HttpURLConnection.java:529)
	at feign.Client$Default.convertResponse(Client.java:111)
	at feign.Client$Default.execute(Client.java:107)
	at feign.SynchronousMethodHandler.executeAndDecode(SynchronousMethodHandler.java:100)
	... 32 common frames omitted
2026-04-27 16:32:14,852 {yyyy-MM-dd HH:mm:ss} - ERROR - c.e.callcenter.Service.NotificationService - Error checking due callbacks 
 feign.RetryableException: Connection refused: getsockopt executing GET http://localhost:8081/api/callbacks/upcoming
	at feign.FeignException.errorExecuting(FeignException.java:278)
	at feign.SynchronousMethodHandler.executeAndDecode(SynchronousMethodHandler.java:110)
	at feign.SynchronousMethodHandler.invoke(SynchronousMethodHandler.java:70)
	at feign.ReflectiveFeign$FeignInvocationHandler.invoke(ReflectiveFeign.java:99)
	at jdk.proxy2/jdk.proxy2.$Proxy233.getUpcomingCallbacks(Unknown Source)
	at com.example.callcenter.Service.NotificationService.checkDueCallbacks(NotificationService.java:137)
	at java.base/jdk.internal.reflect.NativeMethodAccessorImpl.invoke0(Native Method)
	at java.base/jdk.internal.reflect.NativeMethodAccessorImpl.invoke(NativeMethodAccessorImpl.java:77)
	at java.base/jdk.internal.reflect.DelegatingMethodAccessorImpl.invoke(DelegatingMethodAccessorImpl.java:43)
	at java.base/java.lang.reflect.Method.invoke(Method.java:569)
	at org.springframework.aop.support.AopUtils.invokeJoinpointUsingReflection(AopUtils.java:351)
	at org.springframework.aop.framework.ReflectiveMethodInvocation.invokeJoinpoint(ReflectiveMethodInvocation.java:196)
	at org.springframework.aop.framework.ReflectiveMethodInvocation.proceed(ReflectiveMethodInvocation.java:163)
	at org.springframework.aop.framework.CglibAopProxy$CglibMethodInvocation.proceed(CglibAopProxy.java:765)
	at org.springframework.transaction.interceptor.TransactionInterceptor$1.proceedWithInvocation(TransactionInterceptor.java:123)
	at org.springframework.transaction.interceptor.TransactionAspectSupport.invokeWithinTransaction(TransactionAspectSupport.java:385)
	at org.springframework.transaction.interceptor.TransactionInterceptor.invoke(TransactionInterceptor.java:119)
	at org.springframework.aop.framework.ReflectiveMethodInvocation.proceed(ReflectiveMethodInvocation.java:184)
	at org.springframework.aop.framework.CglibAopProxy$CglibMethodInvocation.proceed(CglibAopProxy.java:765)
	at org.springframework.aop.framework.CglibAopProxy$DynamicAdvisedInterceptor.intercept(CglibAopProxy.java:717)
	at com.example.callcenter.Service.NotificationService$$SpringCGLIB$$0.checkDueCallbacks(<generated>)
	at java.base/jdk.internal.reflect.NativeMethodAccessorImpl.invoke0(Native Method)
	at java.base/jdk.internal.reflect.NativeMethodAccessorImpl.invoke(NativeMethodAccessorImpl.java:77)
	at java.base/jdk.internal.reflect.DelegatingMethodAccessorImpl.invoke(DelegatingMethodAccessorImpl.java:43)
	at java.base/java.lang.reflect.Method.invoke(Method.java:569)
	at org.springframework.scheduling.support.ScheduledMethodRunnable.runInternal(ScheduledMethodRunnable.java:130)
	at org.springframework.scheduling.support.ScheduledMethodRunnable.lambda$run$2(ScheduledMethodRunnable.java:124)
	at io.micrometer.observation.Observation.observe(Observation.java:499)
	at org.springframework.scheduling.support.ScheduledMethodRunnable.run(ScheduledMethodRunnable.java:124)
	at org.springframework.scheduling.support.DelegatingErrorHandlingRunnable.run(DelegatingErrorHandlingRunnable.java:54)
	at java.base/java.util.concurrent.Executors$RunnableAdapter.call(Executors.java:539)
	at java.base/java.util.concurrent.FutureTask.runAndReset(FutureTask.java:305)
	at java.base/java.util.concurrent.ScheduledThreadPoolExecutor$ScheduledFutureTask.run(ScheduledThreadPoolExecutor.java:305)
	at java.base/java.util.concurrent.ThreadPoolExecutor.runWorker(ThreadPoolExecutor.java:1136)
	at java.base/java.util.concurrent.ThreadPoolExecutor$Worker.run(ThreadPoolExecutor.java:635)
	at java.base/java.lang.Thread.run(Thread.java:840)
Caused by: java.net.ConnectException: Connection refused: getsockopt
	at java.base/sun.nio.ch.Net.pollConnect(Native Method)
	at java.base/sun.nio.ch.Net.pollConnectNow(Net.java:684)
	at java.base/sun.nio.ch.NioSocketImpl.timedFinishConnect(NioSocketImpl.java:547)
	at java.base/sun.nio.ch.NioSocketImpl.connect(NioSocketImpl.java:602)
	at java.base/java.net.Socket.connect(Socket.java:633)
	at java.base/sun.net.NetworkClient.doConnect(NetworkClient.java:178)
	at java.base/sun.net.www.http.HttpClient.openServer(HttpClient.java:533)
	at java.base/sun.net.www.http.HttpClient.openServer(HttpClient.java:638)
	at java.base/sun.net.www.http.HttpClient.<init>(HttpClient.java:283)
	at java.base/sun.net.www.http.HttpClient.New(HttpClient.java:386)
	at java.base/sun.net.www.http.HttpClient.New(HttpClient.java:408)
	at java.base/sun.net.www.protocol.http.HttpURLConnection.getNewHttpClient(HttpURLConnection.java:1329)
	at java.base/sun.net.www.protocol.http.HttpURLConnection.plainConnect0(HttpURLConnection.java:1262)
	at java.base/sun.net.www.protocol.http.HttpURLConnection.plainConnect(HttpURLConnection.java:1148)
	at java.base/sun.net.www.protocol.http.HttpURLConnection.connect(HttpURLConnection.java:1077)
	at java.base/sun.net.www.protocol.http.HttpURLConnection.getInputStream0(HttpURLConnection.java:1717)
	at java.base/sun.net.www.protocol.http.HttpURLConnection.getInputStream(HttpURLConnection.java:1641)
	at java.base/java.net.HttpURLConnection.getResponseCode(HttpURLConnection.java:529)
	at feign.Client$Default.convertResponse(Client.java:111)
	at feign.Client$Default.execute(Client.java:107)
	at feign.SynchronousMethodHandler.executeAndDecode(SynchronousMethodHandler.java:100)
	... 34 common frames omitted
2026-04-27 16:33:10,130 {yyyy-MM-dd HH:mm:ss} - INFO - o.s.w.s.config.WebSocketMessageBrokerStats - WebSocketSession[1 current WS(1)-HttpStream(0)-HttpPoll(0), 5 total, 0 closed abnormally (0 connect failure, 0 send limit, 0 transport error)], stompSubProtocol[processed CONNECT(5)-CONNECTED(4)-DISCONNECT(2)], stompBrokerRelay[null], inboundChannel[pool size = 0, active threads = 0, queued tasks = 0, completed tasks = 48], outboundChannel[pool size = 0, active threads = 0, queued tasks = 0, completed tasks = 10], sockJsScheduler[pool size = 8, active threads = 1, queued tasks = 6, completed tasks = 484] 
 2026-04-27 16:33:13,790 {yyyy-MM-dd HH:mm:ss} - INFO - c.e.callcenter.Service.NotificationService - === SCHEDULED METHOD RUNNING: checkUpcomingCallbacks === 
 2026-04-27 16:33:13,790 {yyyy-MM-dd HH:mm:ss} - INFO - c.e.callcenter.Service.NotificationService - Calling contact-service for upcoming callbacks... 
 2026-04-27 16:33:18,344 {yyyy-MM-dd HH:mm:ss} - ERROR - c.e.callcenter.Service.NotificationService - Error checking upcoming callbacks 
 feign.RetryableException: Connection refused: getsockopt executing GET http://localhost:8081/api/callbacks/upcoming
	at feign.FeignException.errorExecuting(FeignException.java:278)
	at feign.SynchronousMethodHandler.executeAndDecode(SynchronousMethodHandler.java:110)
	at feign.SynchronousMethodHandler.invoke(SynchronousMethodHandler.java:70)
	at feign.ReflectiveFeign$FeignInvocationHandler.invoke(ReflectiveFeign.java:99)
	at jdk.proxy2/jdk.proxy2.$Proxy233.getUpcomingCallbacks(Unknown Source)
	at com.example.callcenter.Service.NotificationService.checkUpcomingCallbacks(NotificationService.java:107)
	at jdk.internal.reflect.GeneratedMethodAccessor75.invoke(Unknown Source)
	at java.base/jdk.internal.reflect.DelegatingMethodAccessorImpl.invoke(DelegatingMethodAccessorImpl.java:43)
	at java.base/java.lang.reflect.Method.invoke(Method.java:569)
	at org.springframework.aop.support.AopUtils.invokeJoinpointUsingReflection(AopUtils.java:351)
	at org.springframework.aop.framework.ReflectiveMethodInvocation.invokeJoinpoint(ReflectiveMethodInvocation.java:196)
	at org.springframework.aop.framework.ReflectiveMethodInvocation.proceed(ReflectiveMethodInvocation.java:163)
	at org.springframework.aop.framework.CglibAopProxy$CglibMethodInvocation.proceed(CglibAopProxy.java:765)
	at org.springframework.transaction.interceptor.TransactionInterceptor$1.proceedWithInvocation(TransactionInterceptor.java:123)
	at org.springframework.transaction.interceptor.TransactionAspectSupport.invokeWithinTransaction(TransactionAspectSupport.java:385)
	at org.springframework.transaction.interceptor.TransactionInterceptor.invoke(TransactionInterceptor.java:119)
	at org.springframework.aop.framework.ReflectiveMethodInvocation.proceed(ReflectiveMethodInvocation.java:184)
	at org.springframework.aop.framework.CglibAopProxy$CglibMethodInvocation.proceed(CglibAopProxy.java:765)
	at org.springframework.aop.framework.CglibAopProxy$DynamicAdvisedInterceptor.intercept(CglibAopProxy.java:717)
	at com.example.callcenter.Service.NotificationService$$SpringCGLIB$$0.checkUpcomingCallbacks(<generated>)
	at jdk.internal.reflect.GeneratedMethodAccessor75.invoke(Unknown Source)
	at java.base/jdk.internal.reflect.DelegatingMethodAccessorImpl.invoke(DelegatingMethodAccessorImpl.java:43)
	at java.base/java.lang.reflect.Method.invoke(Method.java:569)
	at org.springframework.scheduling.support.ScheduledMethodRunnable.runInternal(ScheduledMethodRunnable.java:130)
	at org.springframework.scheduling.support.ScheduledMethodRunnable.lambda$run$2(ScheduledMethodRunnable.java:124)
	at io.micrometer.observation.Observation.observe(Observation.java:499)
	at org.springframework.scheduling.support.ScheduledMethodRunnable.run(ScheduledMethodRunnable.java:124)
	at org.springframework.scheduling.support.DelegatingErrorHandlingRunnable.run(DelegatingErrorHandlingRunnable.java:54)
	at java.base/java.util.concurrent.Executors$RunnableAdapter.call(Executors.java:539)
	at java.base/java.util.concurrent.FutureTask.runAndReset(FutureTask.java:305)
	at java.base/java.util.concurrent.ScheduledThreadPoolExecutor$ScheduledFutureTask.run(ScheduledThreadPoolExecutor.java:305)
	at java.base/java.util.concurrent.ThreadPoolExecutor.runWorker(ThreadPoolExecutor.java:1136)
	at java.base/java.util.concurrent.ThreadPoolExecutor$Worker.run(ThreadPoolExecutor.java:635)
	at java.base/java.lang.Thread.run(Thread.java:840)
Caused by: java.net.ConnectException: Connection refused: getsockopt
	at java.base/sun.nio.ch.Net.pollConnect(Native Method)
	at java.base/sun.nio.ch.Net.pollConnectNow(Net.java:684)
	at java.base/sun.nio.ch.NioSocketImpl.timedFinishConnect(NioSocketImpl.java:547)
	at java.base/sun.nio.ch.NioSocketImpl.connect(NioSocketImpl.java:602)
	at java.base/java.net.Socket.connect(Socket.java:633)
	at java.base/sun.net.NetworkClient.doConnect(NetworkClient.java:178)
	at java.base/sun.net.www.http.HttpClient.openServer(HttpClient.java:533)
	at java.base/sun.net.www.http.HttpClient.openServer(HttpClient.java:638)
	at java.base/sun.net.www.http.HttpClient.<init>(HttpClient.java:283)
	at java.base/sun.net.www.http.HttpClient.New(HttpClient.java:386)
	at java.base/sun.net.www.http.HttpClient.New(HttpClient.java:408)
	at java.base/sun.net.www.protocol.http.HttpURLConnection.getNewHttpClient(HttpURLConnection.java:1329)
	at java.base/sun.net.www.protocol.http.HttpURLConnection.plainConnect0(HttpURLConnection.java:1262)
	at java.base/sun.net.www.protocol.http.HttpURLConnection.plainConnect(HttpURLConnection.java:1148)
	at java.base/sun.net.www.protocol.http.HttpURLConnection.connect(HttpURLConnection.java:1077)
	at java.base/sun.net.www.protocol.http.HttpURLConnection.getInputStream0(HttpURLConnection.java:1717)
	at java.base/sun.net.www.protocol.http.HttpURLConnection.getInputStream(HttpURLConnection.java:1641)
	at java.base/java.net.HttpURLConnection.getResponseCode(HttpURLConnection.java:529)
	at feign.Client$Default.convertResponse(Client.java:111)
	at feign.Client$Default.execute(Client.java:107)
	at feign.SynchronousMethodHandler.executeAndDecode(SynchronousMethodHandler.java:100)
	... 32 common frames omitted
2026-04-27 16:34:13,709 {yyyy-MM-dd HH:mm:ss} - INFO - c.e.callcenter.Service.NotificationService - === SCHEDULED METHOD RUNNING: checkUpcomingCallbacks === 
 2026-04-27 16:34:13,709 {yyyy-MM-dd HH:mm:ss} - INFO - c.e.callcenter.Service.NotificationService - Calling contact-service for upcoming callbacks... 
 2026-04-27 16:34:13,897 {yyyy-MM-dd HH:mm:ss} - ERROR - c.e.callcenter.Service.NotificationService - Error checking upcoming callbacks 
 feign.RetryableException: Connection refused: getsockopt executing GET http://localhost:8081/api/callbacks/upcoming
	at feign.FeignException.errorExecuting(FeignException.java:278)
	at feign.SynchronousMethodHandler.executeAndDecode(SynchronousMethodHandler.java:110)
	at feign.SynchronousMethodHandler.invoke(SynchronousMethodHandler.java:70)
	at feign.ReflectiveFeign$FeignInvocationHandler.invoke(ReflectiveFeign.java:99)
	at jdk.proxy2/jdk.proxy2.$Proxy233.getUpcomingCallbacks(Unknown Source)
	at com.example.callcenter.Service.NotificationService.checkUpcomingCallbacks(NotificationService.java:107)
	at jdk.internal.reflect.GeneratedMethodAccessor75.invoke(Unknown Source)
	at java.base/jdk.internal.reflect.DelegatingMethodAccessorImpl.invoke(DelegatingMethodAccessorImpl.java:43)
	at java.base/java.lang.reflect.Method.invoke(Method.java:569)
	at org.springframework.aop.support.AopUtils.invokeJoinpointUsingReflection(AopUtils.java:351)
	at org.springframework.aop.framework.ReflectiveMethodInvocation.invokeJoinpoint(ReflectiveMethodInvocation.java:196)
	at org.springframework.aop.framework.ReflectiveMethodInvocation.proceed(ReflectiveMethodInvocation.java:163)
	at org.springframework.aop.framework.CglibAopProxy$CglibMethodInvocation.proceed(CglibAopProxy.java:765)
	at org.springframework.transaction.interceptor.TransactionInterceptor$1.proceedWithInvocation(TransactionInterceptor.java:123)
	at org.springframework.transaction.interceptor.TransactionAspectSupport.invokeWithinTransaction(TransactionAspectSupport.java:385)
	at org.springframework.transaction.interceptor.TransactionInterceptor.invoke(TransactionInterceptor.java:119)
	at org.springframework.aop.framework.ReflectiveMethodInvocation.proceed(ReflectiveMethodInvocation.java:184)
	at org.springframework.aop.framework.CglibAopProxy$CglibMethodInvocation.proceed(CglibAopProxy.java:765)
	at org.springframework.aop.framework.CglibAopProxy$DynamicAdvisedInterceptor.intercept(CglibAopProxy.java:717)
	at com.example.callcenter.Service.NotificationService$$SpringCGLIB$$0.checkUpcomingCallbacks(<generated>)
	at jdk.internal.reflect.GeneratedMethodAccessor75.invoke(Unknown Source)
	at java.base/jdk.internal.reflect.DelegatingMethodAccessorImpl.invoke(DelegatingMethodAccessorImpl.java:43)
	at java.base/java.lang.reflect.Method.invoke(Method.java:569)
	at org.springframework.scheduling.support.ScheduledMethodRunnable.runInternal(ScheduledMethodRunnable.java:130)
	at org.springframework.scheduling.support.ScheduledMethodRunnable.lambda$run$2(ScheduledMethodRunnable.java:124)
	at io.micrometer.observation.Observation.observe(Observation.java:499)
	at org.springframework.scheduling.support.ScheduledMethodRunnable.run(ScheduledMethodRunnable.java:124)
	at org.springframework.scheduling.support.DelegatingErrorHandlingRunnable.run(DelegatingErrorHandlingRunnable.java:54)
	at java.base/java.util.concurrent.Executors$RunnableAdapter.call(Executors.java:539)
	at java.base/java.util.concurrent.FutureTask.runAndReset(FutureTask.java:305)
	at java.base/java.util.concurrent.ScheduledThreadPoolExecutor$ScheduledFutureTask.run(ScheduledThreadPoolExecutor.java:305)
	at java.base/java.util.concurrent.ThreadPoolExecutor.runWorker(ThreadPoolExecutor.java:1136)
	at java.base/java.util.concurrent.ThreadPoolExecutor$Worker.run(ThreadPoolExecutor.java:635)
	at java.base/java.lang.Thread.run(Thread.java:840)
Caused by: java.net.ConnectException: Connection refused: getsockopt
	at java.base/sun.nio.ch.Net.pollConnect(Native Method)
	at java.base/sun.nio.ch.Net.pollConnectNow(Net.java:684)
	at java.base/sun.nio.ch.NioSocketImpl.timedFinishConnect(NioSocketImpl.java:547)
	at java.base/sun.nio.ch.NioSocketImpl.connect(NioSocketImpl.java:602)
	at java.base/java.net.Socket.connect(Socket.java:633)
	at java.base/sun.net.NetworkClient.doConnect(NetworkClient.java:178)
	at java.base/sun.net.www.http.HttpClient.openServer(HttpClient.java:533)
	at java.base/sun.net.www.http.HttpClient.openServer(HttpClient.java:638)
	at java.base/sun.net.www.http.HttpClient.<init>(HttpClient.java:283)
	at java.base/sun.net.www.http.HttpClient.New(HttpClient.java:386)
	at java.base/sun.net.www.http.HttpClient.New(HttpClient.java:408)
	at java.base/sun.net.www.protocol.http.HttpURLConnection.getNewHttpClient(HttpURLConnection.java:1329)
	at java.base/sun.net.www.protocol.http.HttpURLConnection.plainConnect0(HttpURLConnection.java:1262)
	at java.base/sun.net.www.protocol.http.HttpURLConnection.plainConnect(HttpURLConnection.java:1148)
	at java.base/sun.net.www.protocol.http.HttpURLConnection.connect(HttpURLConnection.java:1077)
	at java.base/sun.net.www.protocol.http.HttpURLConnection.getInputStream0(HttpURLConnection.java:1717)
	at java.base/sun.net.www.protocol.http.HttpURLConnection.getInputStream(HttpURLConnection.java:1641)
	at java.base/java.net.HttpURLConnection.getResponseCode(HttpURLConnection.java:529)
	at feign.Client$Default.convertResponse(Client.java:111)
	at feign.Client$Default.execute(Client.java:107)
	at feign.SynchronousMethodHandler.executeAndDecode(SynchronousMethodHandler.java:100)
	... 32 common frames omitted
2026-04-27 16:35:13,818 {yyyy-MM-dd HH:mm:ss} - INFO - c.e.callcenter.Service.NotificationService - === SCHEDULED METHOD RUNNING: checkUpcomingCallbacks === 
 2026-04-27 16:35:13,818 {yyyy-MM-dd HH:mm:ss} - INFO - c.e.callcenter.Service.NotificationService - Calling contact-service for upcoming callbacks... 
 2026-04-27 16:35:14,017 {yyyy-MM-dd HH:mm:ss} - ERROR - c.e.callcenter.Service.NotificationService - Error checking upcoming callbacks 
 feign.RetryableException: Connection refused: getsockopt executing GET http://localhost:8081/api/callbacks/upcoming
	at feign.FeignException.errorExecuting(FeignException.java:278)
	at feign.SynchronousMethodHandler.executeAndDecode(SynchronousMethodHandler.java:110)
	at feign.SynchronousMethodHandler.invoke(SynchronousMethodHandler.java:70)
	at feign.ReflectiveFeign$FeignInvocationHandler.invoke(ReflectiveFeign.java:99)
	at jdk.proxy2/jdk.proxy2.$Proxy233.getUpcomingCallbacks(Unknown Source)
	at com.example.callcenter.Service.NotificationService.checkUpcomingCallbacks(NotificationService.java:107)
	at jdk.internal.reflect.GeneratedMethodAccessor75.invoke(Unknown Source)
	at java.base/jdk.internal.reflect.DelegatingMethodAccessorImpl.invoke(DelegatingMethodAccessorImpl.java:43)
	at java.base/java.lang.reflect.Method.invoke(Method.java:569)
	at org.springframework.aop.support.AopUtils.invokeJoinpointUsingReflection(AopUtils.java:351)
	at org.springframework.aop.framework.ReflectiveMethodInvocation.invokeJoinpoint(ReflectiveMethodInvocation.java:196)
	at org.springframework.aop.framework.ReflectiveMethodInvocation.proceed(ReflectiveMethodInvocation.java:163)
	at org.springframework.aop.framework.CglibAopProxy$CglibMethodInvocation.proceed(CglibAopProxy.java:765)
	at org.springframework.transaction.interceptor.TransactionInterceptor$1.proceedWithInvocation(TransactionInterceptor.java:123)
	at org.springframework.transaction.interceptor.TransactionAspectSupport.invokeWithinTransaction(TransactionAspectSupport.java:385)
	at org.springframework.transaction.interceptor.TransactionInterceptor.invoke(TransactionInterceptor.java:119)
	at org.springframework.aop.framework.ReflectiveMethodInvocation.proceed(ReflectiveMethodInvocation.java:184)
	at org.springframework.aop.framework.CglibAopProxy$CglibMethodInvocation.proceed(CglibAopProxy.java:765)
	at org.springframework.aop.framework.CglibAopProxy$DynamicAdvisedInterceptor.intercept(CglibAopProxy.java:717)
	at com.example.callcenter.Service.NotificationService$$SpringCGLIB$$0.checkUpcomingCallbacks(<generated>)
	at jdk.internal.reflect.GeneratedMethodAccessor75.invoke(Unknown Source)
	at java.base/jdk.internal.reflect.DelegatingMethodAccessorImpl.invoke(DelegatingMethodAccessorImpl.java:43)
	at java.base/java.lang.reflect.Method.invoke(Method.java:569)
	at org.springframework.scheduling.support.ScheduledMethodRunnable.runInternal(ScheduledMethodRunnable.java:130)
	at org.springframework.scheduling.support.ScheduledMethodRunnable.lambda$run$2(ScheduledMethodRunnable.java:124)
	at io.micrometer.observation.Observation.observe(Observation.java:499)
	at org.springframework.scheduling.support.ScheduledMethodRunnable.run(ScheduledMethodRunnable.java:124)
	at org.springframework.scheduling.support.DelegatingErrorHandlingRunnable.run(DelegatingErrorHandlingRunnable.java:54)
	at java.base/java.util.concurrent.Executors$RunnableAdapter.call(Executors.java:539)
	at java.base/java.util.concurrent.FutureTask.runAndReset(FutureTask.java:305)
	at java.base/java.util.concurrent.ScheduledThreadPoolExecutor$ScheduledFutureTask.run(ScheduledThreadPoolExecutor.java:305)
	at java.base/java.util.concurrent.ThreadPoolExecutor.runWorker(ThreadPoolExecutor.java:1136)
	at java.base/java.util.concurrent.ThreadPoolExecutor$Worker.run(ThreadPoolExecutor.java:635)
	at java.base/java.lang.Thread.run(Thread.java:840)
Caused by: java.net.ConnectException: Connection refused: getsockopt
	at java.base/sun.nio.ch.Net.pollConnect(Native Method)
	at java.base/sun.nio.ch.Net.pollConnectNow(Net.java:684)
	at java.base/sun.nio.ch.NioSocketImpl.timedFinishConnect(NioSocketImpl.java:547)
	at java.base/sun.nio.ch.NioSocketImpl.connect(NioSocketImpl.java:602)
	at java.base/java.net.Socket.connect(Socket.java:633)
	at java.base/sun.net.NetworkClient.doConnect(NetworkClient.java:178)
	at java.base/sun.net.www.http.HttpClient.openServer(HttpClient.java:533)
	at java.base/sun.net.www.http.HttpClient.openServer(HttpClient.java:638)
	at java.base/sun.net.www.http.HttpClient.<init>(HttpClient.java:283)
	at java.base/sun.net.www.http.HttpClient.New(HttpClient.java:386)
	at java.base/sun.net.www.http.HttpClient.New(HttpClient.java:408)
	at java.base/sun.net.www.protocol.http.HttpURLConnection.getNewHttpClient(HttpURLConnection.java:1329)
	at java.base/sun.net.www.protocol.http.HttpURLConnection.plainConnect0(HttpURLConnection.java:1262)
	at java.base/sun.net.www.protocol.http.HttpURLConnection.plainConnect(HttpURLConnection.java:1148)
	at java.base/sun.net.www.protocol.http.HttpURLConnection.connect(HttpURLConnection.java:1077)
	at java.base/sun.net.www.protocol.http.HttpURLConnection.getInputStream0(HttpURLConnection.java:1717)
	at java.base/sun.net.www.protocol.http.HttpURLConnection.getInputStream(HttpURLConnection.java:1641)
	at java.base/java.net.HttpURLConnection.getResponseCode(HttpURLConnection.java:529)
	at feign.Client$Default.convertResponse(Client.java:111)
	at feign.Client$Default.execute(Client.java:107)
	at feign.SynchronousMethodHandler.executeAndDecode(SynchronousMethodHandler.java:100)
	... 32 common frames omitted
2026-04-27 16:36:13,704 {yyyy-MM-dd HH:mm:ss} - INFO - c.e.callcenter.Service.NotificationService - === SCHEDULED METHOD RUNNING: checkUpcomingCallbacks === 
 2026-04-27 16:36:13,704 {yyyy-MM-dd HH:mm:ss} - INFO - c.e.callcenter.Service.NotificationService - Calling contact-service for upcoming callbacks... 
 2026-04-27 16:36:13,919 {yyyy-MM-dd HH:mm:ss} - ERROR - c.e.callcenter.Service.NotificationService - Error checking upcoming callbacks 
 feign.RetryableException: Connection refused: getsockopt executing GET http://localhost:8081/api/callbacks/upcoming
	at feign.FeignException.errorExecuting(FeignException.java:278)
	at feign.SynchronousMethodHandler.executeAndDecode(SynchronousMethodHandler.java:110)
	at feign.SynchronousMethodHandler.invoke(SynchronousMethodHandler.java:70)
	at feign.ReflectiveFeign$FeignInvocationHandler.invoke(ReflectiveFeign.java:99)
	at jdk.proxy2/jdk.proxy2.$Proxy233.getUpcomingCallbacks(Unknown Source)
	at com.example.callcenter.Service.NotificationService.checkUpcomingCallbacks(NotificationService.java:107)
	at jdk.internal.reflect.GeneratedMethodAccessor75.invoke(Unknown Source)
	at java.base/jdk.internal.reflect.DelegatingMethodAccessorImpl.invoke(DelegatingMethodAccessorImpl.java:43)
	at java.base/java.lang.reflect.Method.invoke(Method.java:569)
	at org.springframework.aop.support.AopUtils.invokeJoinpointUsingReflection(AopUtils.java:351)
	at org.springframework.aop.framework.ReflectiveMethodInvocation.invokeJoinpoint(ReflectiveMethodInvocation.java:196)
	at org.springframework.aop.framework.ReflectiveMethodInvocation.proceed(ReflectiveMethodInvocation.java:163)
	at org.springframework.aop.framework.CglibAopProxy$CglibMethodInvocation.proceed(CglibAopProxy.java:765)
	at org.springframework.transaction.interceptor.TransactionInterceptor$1.proceedWithInvocation(TransactionInterceptor.java:123)
	at org.springframework.transaction.interceptor.TransactionAspectSupport.invokeWithinTransaction(TransactionAspectSupport.java:385)
	at org.springframework.transaction.interceptor.TransactionInterceptor.invoke(TransactionInterceptor.java:119)
	at org.springframework.aop.framework.ReflectiveMethodInvocation.proceed(ReflectiveMethodInvocation.java:184)
	at org.springframework.aop.framework.CglibAopProxy$CglibMethodInvocation.proceed(CglibAopProxy.java:765)
	at org.springframework.aop.framework.CglibAopProxy$DynamicAdvisedInterceptor.intercept(CglibAopProxy.java:717)
	at com.example.callcenter.Service.NotificationService$$SpringCGLIB$$0.checkUpcomingCallbacks(<generated>)
	at jdk.internal.reflect.GeneratedMethodAccessor75.invoke(Unknown Source)
	at java.base/jdk.internal.reflect.DelegatingMethodAccessorImpl.invoke(DelegatingMethodAccessorImpl.java:43)
	at java.base/java.lang.reflect.Method.invoke(Method.java:569)
	at org.springframework.scheduling.support.ScheduledMethodRunnable.runInternal(ScheduledMethodRunnable.java:130)
	at org.springframework.scheduling.support.ScheduledMethodRunnable.lambda$run$2(ScheduledMethodRunnable.java:124)
	at io.micrometer.observation.Observation.observe(Observation.java:499)
	at org.springframework.scheduling.support.ScheduledMethodRunnable.run(ScheduledMethodRunnable.java:124)
	at org.springframework.scheduling.support.DelegatingErrorHandlingRunnable.run(DelegatingErrorHandlingRunnable.java:54)
	at java.base/java.util.concurrent.Executors$RunnableAdapter.call(Executors.java:539)
	at java.base/java.util.concurrent.FutureTask.runAndReset(FutureTask.java:305)
	at java.base/java.util.concurrent.ScheduledThreadPoolExecutor$ScheduledFutureTask.run(ScheduledThreadPoolExecutor.java:305)
	at java.base/java.util.concurrent.ThreadPoolExecutor.runWorker(ThreadPoolExecutor.java:1136)
	at java.base/java.util.concurrent.ThreadPoolExecutor$Worker.run(ThreadPoolExecutor.java:635)
	at java.base/java.lang.Thread.run(Thread.java:840)
Caused by: java.net.ConnectException: Connection refused: getsockopt
	at java.base/sun.nio.ch.Net.pollConnect(Native Method)
	at java.base/sun.nio.ch.Net.pollConnectNow(Net.java:684)
	at java.base/sun.nio.ch.NioSocketImpl.timedFinishConnect(NioSocketImpl.java:547)
	at java.base/sun.nio.ch.NioSocketImpl.connect(NioSocketImpl.java:602)
	at java.base/java.net.Socket.connect(Socket.java:633)
	at java.base/sun.net.NetworkClient.doConnect(NetworkClient.java:178)
	at java.base/sun.net.www.http.HttpClient.openServer(HttpClient.java:533)
	at java.base/sun.net.www.http.HttpClient.openServer(HttpClient.java:638)
	at java.base/sun.net.www.http.HttpClient.<init>(HttpClient.java:283)
	at java.base/sun.net.www.http.HttpClient.New(HttpClient.java:386)
	at java.base/sun.net.www.http.HttpClient.New(HttpClient.java:408)
	at java.base/sun.net.www.protocol.http.HttpURLConnection.getNewHttpClient(HttpURLConnection.java:1329)
	at java.base/sun.net.www.protocol.http.HttpURLConnection.plainConnect0(HttpURLConnection.java:1262)
	at java.base/sun.net.www.protocol.http.HttpURLConnection.plainConnect(HttpURLConnection.java:1148)
	at java.base/sun.net.www.protocol.http.HttpURLConnection.connect(HttpURLConnection.java:1077)
	at java.base/sun.net.www.protocol.http.HttpURLConnection.getInputStream0(HttpURLConnection.java:1717)
	at java.base/sun.net.www.protocol.http.HttpURLConnection.getInputStream(HttpURLConnection.java:1641)
	at java.base/java.net.HttpURLConnection.getResponseCode(HttpURLConnection.java:529)
	at feign.Client$Default.convertResponse(Client.java:111)
	at feign.Client$Default.execute(Client.java:107)
	at feign.SynchronousMethodHandler.executeAndDecode(SynchronousMethodHandler.java:100)
	... 32 common frames omitted
