[INFO] Scanning for projects...
[WARNING] 
[WARNING] Some problems were encountered while building the effective model for com.example:callcenter:jar:0.0.1-SNAPSHOT
[WARNING] 'dependencies.dependency.(groupId:artifactId:type:classifier)' must be unique: org.projectlombok:lombok:jar -> version (?) vs 1.18.22 @ line 133, column 21
[WARNING] 'dependencies.dependency.(groupId:artifactId:type:classifier)' must be unique: org.springframework.boot:spring-boot-starter-security:jar -> duplicate declaration of version (?) @ line 151, column 21
[WARNING] 'dependencies.dependency.(groupId:artifactId:type:classifier)' must be unique: org.springframework.boot:spring-boot-starter-oauth2-resource-server:jar -> duplicate declaration of version (?) @ line 155, column 21
[WARNING] 'dependencies.dependency.(groupId:artifactId:type:classifier)' must be unique: org.springframework.security:spring-security-oauth2-jose:jar -> duplicate declaration of version (?) @ line 160, column 21
[WARNING] 
[WARNING] It is highly recommended to fix these problems because they threaten the stability of your build.
[WARNING] 
[WARNING] For this reason, future Maven versions might no longer support building such malformed projects.
[WARNING] 
[INFO] 
[INFO] -----------------------< com.example:callcenter >-----------------------
[INFO] Building CallCenter 0.0.1-SNAPSHOT
[INFO]   from pom.xml
[INFO] --------------------------------[ jar ]---------------------------------
[INFO] 
[INFO] >>> spring-boot:3.2.3:run (default-cli) > test-compile @ callcenter >>>
[INFO] 
[INFO] --- jacoco:0.8.11:prepare-agent (default) @ callcenter ---
[INFO] argLine set to -javaagent:C:\\Users\\Abir\\.m2\\repository\\org\\jacoco\\org.jacoco.agent\\0.8.11\\org.jacoco.agent-0.8.11-runtime.jar=destfile=C:\\Users\\Abir\\callcenter-service\\target\\jacoco.exec
[INFO] 
[INFO] --- resources:3.3.1:resources (default-resources) @ callcenter ---
[INFO] Copying 2 resources from src\main\resources to target\classes
[INFO] Copying 7 resources from src\main\resources to target\classes
[INFO] 
[INFO] --- kotlin:2.2.20:compile (compile) @ callcenter ---
[INFO] No sources to compile
[INFO] 
[INFO] --- compiler:3.8.1:compile (compile) @ callcenter ---
[INFO] Changes detected - recompiling the module!
[INFO] Compiling 94 source files to C:\Users\Abir\callcenter-service\target\classes
[INFO] /C:/Users/Abir/callcenter-service/src/main/java/com/example/callcenter/Controller/AuthController.java: C:\Users\Abir\callcenter-service\src\main\java\com\example\callcenter\Controller\AuthController.java uses unchecked or unsafe operations.
[INFO] /C:/Users/Abir/callcenter-service/src/main/java/com/example/callcenter/Controller/AuthController.java: Recompile with -Xlint:unchecked for details.
[INFO] 
[INFO] --- resources:3.3.1:testResources (default-testResources) @ callcenter ---
[INFO] skip non existing resourceDirectory C:\Users\Abir\callcenter-service\src\test\resources
[INFO] 
[INFO] --- kotlin:2.2.20:test-compile (test-compile) @ callcenter ---
[INFO] No sources to compile
[INFO] 
[INFO] --- compiler:3.8.1:testCompile (testCompile) @ callcenter ---
[INFO] Changes detected - recompiling the module!
[INFO] Compiling 2 source files to C:\Users\Abir\callcenter-service\target\test-classes
[INFO] 
[INFO] <<< spring-boot:3.2.3:run (default-cli) < test-compile @ callcenter <<<
[INFO] 
[INFO] 
[INFO] --- spring-boot:3.2.3:run (default-cli) @ callcenter ---
[INFO] Attaching agents: []

  .   ____          _            __ _ _
 /\\ / ___'_ __ _ _(_)_ __  __ _ \ \ \ \
( ( )\___ | '_ | '_| | '_ \/ _` | \ \ \ \
 \\/  ___)| |_)| | | | | || (_| |  ) ) ) )
  '  |____| .__|_| |_|_| |_\__, | / / / /
 =========|_|==============|___/=/_/_/_/
 :: Spring Boot ::                (v3.2.3)

2026-04-15 15:38:20,691 {yyyy-MM-dd HH:mm:ss} - INFO - com.example.callcenter.CallCenterApplication - Starting CallCenterApplication using Java 17.0.18 with PID 10552 (C:\Users\Abir\callcenter-service\target\classes started by Abir in C:\Users\Abir\callcenter-service) 
 2026-04-15 15:38:20,695 {yyyy-MM-dd HH:mm:ss} - INFO - com.example.callcenter.CallCenterApplication - No active profile set, falling back to 1 default profile: "default" 
 2026-04-15 15:38:22,557 {yyyy-MM-dd HH:mm:ss} - INFO - o.s.d.r.c.RepositoryConfigurationDelegate - Bootstrapping Spring Data JPA repositories in DEFAULT mode. 
 2026-04-15 15:38:22,950 {yyyy-MM-dd HH:mm:ss} - INFO - o.s.d.r.c.RepositoryConfigurationDelegate - Finished Spring Data repository scanning in 383 ms. Found 11 JPA repository interfaces. 
 2026-04-15 15:38:23,535 {yyyy-MM-dd HH:mm:ss} - INFO - o.s.cloud.context.scope.GenericScope - BeanFactory id=841dfeb6-1d81-3dff-9484-82e32841ab29 
 2026-04-15 15:38:23,890 {yyyy-MM-dd HH:mm:ss} - WARN - o.s.c.s.PostProcessorRegistrationDelegate$BeanPostProcessorChecker - Bean 'org.springframework.cloud.client.loadbalancer.LoadBalancerAutoConfiguration$RetryInterceptorAutoConfiguration' of type [org.springframework.cloud.client.loadbalancer.LoadBalancerAutoConfiguration$RetryInterceptorAutoConfiguration] is not eligible for getting processed by all BeanPostProcessors (for example: not eligible for auto-proxying). The currently created BeanPostProcessor [lbRestClientPostProcessor] is declared through a non-static factory method on that class; consider declaring it as static instead. 
 2026-04-15 15:38:23,894 {yyyy-MM-dd HH:mm:ss} - WARN - o.s.c.s.PostProcessorRegistrationDelegate$BeanPostProcessorChecker - Bean 'org.springframework.cloud.loadbalancer.config.BlockingLoadBalancerClientAutoConfiguration' of type [org.springframework.cloud.loadbalancer.config.BlockingLoadBalancerClientAutoConfiguration] is not eligible for getting processed by all BeanPostProcessors (for example: not eligible for auto-proxying). Is this bean getting eagerly injected into a currently created BeanPostProcessor [lbRestClientPostProcessor]? Check the corresponding BeanPostProcessor declaration and its dependencies. 
 2026-04-15 15:38:23,896 {yyyy-MM-dd HH:mm:ss} - WARN - o.s.c.s.PostProcessorRegistrationDelegate$BeanPostProcessorChecker - Bean 'org.springframework.cloud.loadbalancer.config.LoadBalancerAutoConfiguration' of type [org.springframework.cloud.loadbalancer.config.LoadBalancerAutoConfiguration] is not eligible for getting processed by all BeanPostProcessors (for example: not eligible for auto-proxying). Is this bean getting eagerly injected into a currently created BeanPostProcessor [lbRestClientPostProcessor]? Check the corresponding BeanPostProcessor declaration and its dependencies. 
 2026-04-15 15:38:23,907 {yyyy-MM-dd HH:mm:ss} - WARN - o.s.c.s.PostProcessorRegistrationDelegate$BeanPostProcessorChecker - Bean 'org.springframework.cloud.commons.config.CommonsConfigAutoConfiguration' of type [org.springframework.cloud.commons.config.CommonsConfigAutoConfiguration] is not eligible for getting processed by all BeanPostProcessors (for example: not eligible for auto-proxying). Is this bean getting eagerly injected into a currently created BeanPostProcessor [lbRestClientPostProcessor]? Check the corresponding BeanPostProcessor declaration and its dependencies. 
 2026-04-15 15:38:23,909 {yyyy-MM-dd HH:mm:ss} - WARN - o.s.c.s.PostProcessorRegistrationDelegate$BeanPostProcessorChecker - Bean 'org.springframework.cloud.client.loadbalancer.LoadBalancerDefaultMappingsProviderAutoConfiguration' of type [org.springframework.cloud.client.loadbalancer.LoadBalancerDefaultMappingsProviderAutoConfiguration] is not eligible for getting processed by all BeanPostProcessors (for example: not eligible for auto-proxying). Is this bean getting eagerly injected into a currently created BeanPostProcessor [lbRestClientPostProcessor]? Check the corresponding BeanPostProcessor declaration and its dependencies. 
 2026-04-15 15:38:23,910 {yyyy-MM-dd HH:mm:ss} - WARN - o.s.c.s.PostProcessorRegistrationDelegate$BeanPostProcessorChecker - Bean 'loadBalancerClientsDefaultsMappingsProvider' of type [org.springframework.cloud.client.loadbalancer.LoadBalancerDefaultMappingsProviderAutoConfiguration$$Lambda$636/0x0000014dcd47f110] is not eligible for getting processed by all BeanPostProcessors (for example: not eligible for auto-proxying). Is this bean getting eagerly injected into a currently created BeanPostProcessor [lbRestClientPostProcessor]? Check the corresponding BeanPostProcessor declaration and its dependencies. 
 2026-04-15 15:38:23,913 {yyyy-MM-dd HH:mm:ss} - WARN - o.s.c.s.PostProcessorRegistrationDelegate$BeanPostProcessorChecker - Bean 'defaultsBindHandlerAdvisor' of type [org.springframework.cloud.commons.config.DefaultsBindHandlerAdvisor] is not eligible for getting processed by all BeanPostProcessors (for example: not eligible for auto-proxying). Is this bean getting eagerly injected into a currently created BeanPostProcessor [lbRestClientPostProcessor]? Check the corresponding BeanPostProcessor declaration and its dependencies. 
 2026-04-15 15:38:23,920 {yyyy-MM-dd HH:mm:ss} - WARN - o.s.c.s.PostProcessorRegistrationDelegate$BeanPostProcessorChecker - Bean 'spring.cloud.loadbalancer-org.springframework.cloud.client.loadbalancer.LoadBalancerClientsProperties' of type [org.springframework.cloud.client.loadbalancer.LoadBalancerClientsProperties] is not eligible for getting processed by all BeanPostProcessors (for example: not eligible for auto-proxying). Is this bean getting eagerly injected into a currently created BeanPostProcessor [lbRestClientPostProcessor]? Check the corresponding BeanPostProcessor declaration and its dependencies. 
 2026-04-15 15:38:23,926 {yyyy-MM-dd HH:mm:ss} - WARN - o.s.c.s.PostProcessorRegistrationDelegate$BeanPostProcessorChecker - Bean 'default.org.springframework.cloud.loadbalancer.config.LoadBalancerAutoConfiguration.LoadBalancerClientSpecification' of type [org.springframework.cloud.loadbalancer.annotation.LoadBalancerClientSpecification] is not eligible for getting processed by all BeanPostProcessors (for example: not eligible for auto-proxying). Is this bean getting eagerly injected into a currently created BeanPostProcessor [lbRestClientPostProcessor]? Check the corresponding BeanPostProcessor declaration and its dependencies. 
 2026-04-15 15:38:23,928 {yyyy-MM-dd HH:mm:ss} - WARN - o.s.c.s.PostProcessorRegistrationDelegate$BeanPostProcessorChecker - Bean 'default.org.springframework.cloud.loadbalancer.config.BlockingLoadBalancerClientAutoConfiguration.LoadBalancerClientSpecification' of type [org.springframework.cloud.loadbalancer.annotation.LoadBalancerClientSpecification] is not eligible for getting processed by all BeanPostProcessors (for example: not eligible for auto-proxying). Is this bean getting eagerly injected into a currently created BeanPostProcessor [lbRestClientPostProcessor]? Check the corresponding BeanPostProcessor declaration and its dependencies. 
 2026-04-15 15:38:23,930 {yyyy-MM-dd HH:mm:ss} - WARN - o.s.c.s.PostProcessorRegistrationDelegate$BeanPostProcessorChecker - Bean 'default.org.springframework.cloud.netflix.eureka.loadbalancer.LoadBalancerEurekaAutoConfiguration.LoadBalancerClientSpecification' of type [org.springframework.cloud.loadbalancer.annotation.LoadBalancerClientSpecification] is not eligible for getting processed by all BeanPostProcessors (for example: not eligible for auto-proxying). Is this bean getting eagerly injected into a currently created BeanPostProcessor [lbRestClientPostProcessor]? Check the corresponding BeanPostProcessor declaration and its dependencies. 
 2026-04-15 15:38:23,930 {yyyy-MM-dd HH:mm:ss} - WARN - o.s.c.s.PostProcessorRegistrationDelegate$BeanPostProcessorChecker - Bean 'loadBalancerClientFactory' of type [org.springframework.cloud.loadbalancer.support.LoadBalancerClientFactory] is not eligible for getting processed by all BeanPostProcessors (for example: not eligible for auto-proxying). Is this bean getting eagerly injected into a currently created BeanPostProcessor [lbRestClientPostProcessor]? Check the corresponding BeanPostProcessor declaration and its dependencies. 
 2026-04-15 15:38:23,939 {yyyy-MM-dd HH:mm:ss} - WARN - o.s.c.s.PostProcessorRegistrationDelegate$BeanPostProcessorChecker - Bean 'blockingLoadBalancerClient' of type [org.springframework.cloud.loadbalancer.blocking.client.BlockingLoadBalancerClient] is not eligible for getting processed by all BeanPostProcessors (for example: not eligible for auto-proxying). Is this bean getting eagerly injected into a currently created BeanPostProcessor [lbRestClientPostProcessor]? Check the corresponding BeanPostProcessor declaration and its dependencies. 
 2026-04-15 15:38:23,947 {yyyy-MM-dd HH:mm:ss} - WARN - o.s.c.s.PostProcessorRegistrationDelegate$BeanPostProcessorChecker - Bean 'loadBalancerServiceInstanceCookieTransformer' of type [org.springframework.cloud.loadbalancer.core.LoadBalancerServiceInstanceCookieTransformer] is not eligible for getting processed by all BeanPostProcessors (for example: not eligible for auto-proxying). Is this bean getting eagerly injected into a currently created BeanPostProcessor [lbRestClientPostProcessor]? Check the corresponding BeanPostProcessor declaration and its dependencies. 
 2026-04-15 15:38:23,949 {yyyy-MM-dd HH:mm:ss} - WARN - o.s.c.s.PostProcessorRegistrationDelegate$BeanPostProcessorChecker - Bean 'xForwarderHeadersTransformer' of type [org.springframework.cloud.loadbalancer.blocking.XForwardedHeadersTransformer] is not eligible for getting processed by all BeanPostProcessors (for example: not eligible for auto-proxying). Is this bean getting eagerly injected into a currently created BeanPostProcessor [lbRestClientPostProcessor]? Check the corresponding BeanPostProcessor declaration and its dependencies. 
 2026-04-15 15:38:23,951 {yyyy-MM-dd HH:mm:ss} - WARN - o.s.c.s.PostProcessorRegistrationDelegate$BeanPostProcessorChecker - Bean 'org.springframework.cloud.client.loadbalancer.LoadBalancerAutoConfiguration' of type [org.springframework.cloud.client.loadbalancer.LoadBalancerAutoConfiguration] is not eligible for getting processed by all BeanPostProcessors (for example: not eligible for auto-proxying). Is this bean getting eagerly injected into a currently created BeanPostProcessor [lbRestClientPostProcessor]? Check the corresponding BeanPostProcessor declaration and its dependencies. 
 2026-04-15 15:38:23,953 {yyyy-MM-dd HH:mm:ss} - WARN - o.s.c.s.PostProcessorRegistrationDelegate$BeanPostProcessorChecker - Bean 'loadBalancerRequestFactory' of type [org.springframework.cloud.client.loadbalancer.LoadBalancerRequestFactory] is not eligible for getting processed by all BeanPostProcessors (for example: not eligible for auto-proxying). Is this bean getting eagerly injected into a currently created BeanPostProcessor [lbRestClientPostProcessor]? Check the corresponding BeanPostProcessor declaration and its dependencies. 
 2026-04-15 15:38:23,955 {yyyy-MM-dd HH:mm:ss} - WARN - o.s.c.s.PostProcessorRegistrationDelegate$BeanPostProcessorChecker - Bean 'org.springframework.cloud.loadbalancer.config.BlockingLoadBalancerClientAutoConfiguration$BlockingLoadBalancerRetryConfig' of type [org.springframework.cloud.loadbalancer.config.BlockingLoadBalancerClientAutoConfiguration$BlockingLoadBalancerRetryConfig$$SpringCGLIB$$0] is not eligible for getting processed by all BeanPostProcessors (for example: not eligible for auto-proxying). Is this bean getting eagerly injected into a currently created BeanPostProcessor [lbRestClientPostProcessor]? Check the corresponding BeanPostProcessor declaration and its dependencies. 
 2026-04-15 15:38:23,960 {yyyy-MM-dd HH:mm:ss} - WARN - o.s.c.s.PostProcessorRegistrationDelegate$BeanPostProcessorChecker - Bean 'loadBalancedRetryFactory' of type [org.springframework.cloud.loadbalancer.blocking.retry.BlockingLoadBalancedRetryFactory] is not eligible for getting processed by all BeanPostProcessors (for example: not eligible for auto-proxying). Is this bean getting eagerly injected into a currently created BeanPostProcessor [lbRestClientPostProcessor]? Check the corresponding BeanPostProcessor declaration and its dependencies. 
 2026-04-15 15:38:23,963 {yyyy-MM-dd HH:mm:ss} - WARN - o.s.c.s.PostProcessorRegistrationDelegate$BeanPostProcessorChecker - Bean 'loadBalancerInterceptor' of type [org.springframework.cloud.client.loadbalancer.RetryLoadBalancerInterceptor] is not eligible for getting processed by all BeanPostProcessors (for example: not eligible for auto-proxying). Is this bean getting eagerly injected into a currently created BeanPostProcessor [lbRestClientPostProcessor]? Check the corresponding BeanPostProcessor declaration and its dependencies. 
 2026-04-15 15:38:23,967 {yyyy-MM-dd HH:mm:ss} - WARN - o.s.c.s.PostProcessorRegistrationDelegate$BeanPostProcessorChecker - Bean 'org.springframework.cloud.client.loadbalancer.reactive.LoadBalancerBeanPostProcessorAutoConfiguration' of type [org.springframework.cloud.client.loadbalancer.reactive.LoadBalancerBeanPostProcessorAutoConfiguration] is not eligible for getting processed by all BeanPostProcessors (for example: not eligible for auto-proxying). The currently created BeanPostProcessor [loadBalancerWebClientBuilderBeanPostProcessor] is declared through a non-static factory method on that class; consider declaring it as static instead. 
 2026-04-15 15:38:23,970 {yyyy-MM-dd HH:mm:ss} - WARN - o.s.c.s.PostProcessorRegistrationDelegate$BeanPostProcessorChecker - Bean 'org.springframework.cloud.client.loadbalancer.reactive.LoadBalancerBeanPostProcessorAutoConfiguration$ReactorDeferringLoadBalancerFilterConfig' of type [org.springframework.cloud.client.loadbalancer.reactive.LoadBalancerBeanPostProcessorAutoConfiguration$ReactorDeferringLoadBalancerFilterConfig] is not eligible for getting processed by all BeanPostProcessors (for example: not eligible for auto-proxying). Is this bean getting eagerly injected into a currently created BeanPostProcessor [loadBalancerWebClientBuilderBeanPostProcessor]? Check the corresponding BeanPostProcessor declaration and its dependencies. 
 2026-04-15 15:38:23,973 {yyyy-MM-dd HH:mm:ss} - WARN - o.s.c.s.PostProcessorRegistrationDelegate$BeanPostProcessorChecker - Bean 'reactorDeferringLoadBalancerExchangeFilterFunction' of type [org.springframework.cloud.client.loadbalancer.reactive.DeferringLoadBalancerExchangeFilterFunction] is not eligible for getting processed by all BeanPostProcessors (for example: not eligible for auto-proxying). Is this bean getting eagerly injected into a currently created BeanPostProcessor [loadBalancerWebClientBuilderBeanPostProcessor]? Check the corresponding BeanPostProcessor declaration and its dependencies. 
 2026-04-15 15:38:24,345 {yyyy-MM-dd HH:mm:ss} - INFO - o.s.boot.web.embedded.tomcat.TomcatWebServer - Tomcat initialized with port 8082 (http) 
 2026-04-15 15:38:24,361 {yyyy-MM-dd HH:mm:ss} - INFO - org.apache.catalina.core.StandardService - Starting service [Tomcat] 
 2026-04-15 15:38:24,361 {yyyy-MM-dd HH:mm:ss} - INFO - org.apache.catalina.core.StandardEngine - Starting Servlet engine: [Apache Tomcat/10.1.19] 
 2026-04-15 15:38:24,462 {yyyy-MM-dd HH:mm:ss} - INFO - o.a.c.c.C.[Tomcat].[localhost].[/api] - Initializing Spring embedded WebApplicationContext 
 2026-04-15 15:38:24,463 {yyyy-MM-dd HH:mm:ss} - INFO - o.s.b.w.s.c.ServletWebServerApplicationContext - Root WebApplicationContext: initialization completed in 3712 ms 
 2026-04-15 15:38:24,955 {yyyy-MM-dd HH:mm:ss} - INFO - org.hibernate.jpa.internal.util.LogHelper - HHH000204: Processing PersistenceUnitInfo [name: default] 
 2026-04-15 15:38:25,038 {yyyy-MM-dd HH:mm:ss} - INFO - org.hibernate.Version - HHH000412: Hibernate ORM core version 6.4.4.Final 
 2026-04-15 15:38:25,087 {yyyy-MM-dd HH:mm:ss} - INFO - o.h.cache.internal.RegionFactoryInitiator - HHH000026: Second-level cache disabled 
 2026-04-15 15:38:25,439 {yyyy-MM-dd HH:mm:ss} - INFO - o.s.o.j.p.SpringPersistenceUnitInfo - No LoadTimeWeaver setup: ignoring JPA class transformer 
 2026-04-15 15:38:25,469 {yyyy-MM-dd HH:mm:ss} - INFO - com.zaxxer.hikari.HikariDataSource - HikariPool-1 - Starting... 
 2026-04-15 15:38:27,058 {yyyy-MM-dd HH:mm:ss} - INFO - com.zaxxer.hikari.pool.HikariPool - HikariPool-1 - Added connection com.mysql.cj.jdbc.ConnectionImpl@71ce19ee 
 2026-04-15 15:38:27,060 {yyyy-MM-dd HH:mm:ss} - INFO - com.zaxxer.hikari.HikariDataSource - HikariPool-1 - Start completed. 
 2026-04-15 15:38:29,203 {yyyy-MM-dd HH:mm:ss} - INFO - o.h.e.t.j.p.internal.JtaPlatformInitiator - HHH000489: No JTA platform available (set 'hibernate.transaction.jta.platform' to enable JTA platform integration) 
 2026-04-15 15:38:29,913 {yyyy-MM-dd HH:mm:ss} - DEBUG - org.hibernate.SQL - alter table request modify column category_request enum ('RECLAMATION','PRODUIT','DEVIS','COMMANDE','INTERVENTION') 
 Hibernate: alter table request modify column category_request enum ('RECLAMATION','PRODUIT','DEVIS','COMMANDE','INTERVENTION')
2026-04-15 15:38:30,306 {yyyy-MM-dd HH:mm:ss} - DEBUG - org.hibernate.SQL - alter table request modify column request_type enum ('STATISTICS','INFORMATION') 
 Hibernate: alter table request modify column request_type enum ('STATISTICS','INFORMATION')
2026-04-15 15:38:30,626 {yyyy-MM-dd HH:mm:ss} - DEBUG - org.hibernate.SQL - alter table request modify column status enum ('PENDING','APPROVED','REJECTED','IN_PROGRESS','ASSIGNED','RESOLVED','CLOSED','AUTO_GENERATED') 
 Hibernate: alter table request modify column status enum ('PENDING','APPROVED','REJECTED','IN_PROGRESS','ASSIGNED','RESOLVED','CLOSED','AUTO_GENERATED')
2026-04-15 15:38:31,460 {yyyy-MM-dd HH:mm:ss} - DEBUG - org.hibernate.SQL - alter table user modify column role enum ('SURVEY_REQUESTER','AGENT','MANAGER','ADMIN') 
 Hibernate: alter table user modify column role enum ('SURVEY_REQUESTER','AGENT','MANAGER','ADMIN')
2026-04-15 15:38:40,041 {yyyy-MM-dd HH:mm:ss} - INFO - o.s.o.j.LocalContainerEntityManagerFactoryBean - Initialized JPA EntityManagerFactory for persistence unit 'default' 
 2026-04-15 15:38:40,834 {yyyy-MM-dd HH:mm:ss} - INFO - o.s.d.j.repository.query.QueryEnhancerFactory - Hibernate is in classpath; If applicable, HQL parser will be used. 
 2026-04-15 15:38:43,627 {yyyy-MM-dd HH:mm:ss} - INFO - o.s.cloud.openfeign.FeignClientFactoryBean - For 'contact-service' URL not provided. Will try picking an instance via load-balancing. 
 2026-04-15 15:38:45,299 {yyyy-MM-dd HH:mm:ss} - ERROR - c.e.callcenter.Service.MinioStorageService - MinIO init error: The Access Key Id you provided does not exist in our records. 
 2026-04-15 15:38:49,208 {yyyy-MM-dd HH:mm:ss} - INFO - o.s.cloud.commons.util.InetUtils - Cannot determine local hostname 
 2026-04-15 15:38:50,425 {yyyy-MM-dd HH:mm:ss} - INFO - o.s.cloud.commons.util.InetUtils - Cannot determine local hostname 
 2026-04-15 15:38:50,506 {yyyy-MM-dd HH:mm:ss} - INFO - o.s.b.a.endpoint.web.EndpointLinksResolver - Exposing 1 endpoint(s) beneath base path '/actuator' 
 2026-04-15 15:38:50,758 {yyyy-MM-dd HH:mm:ss} - INFO - o.s.security.web.DefaultSecurityFilterChain - Will secure any request with [org.springframework.security.web.session.DisableEncodeUrlFilter@72df13c3, org.springframework.security.web.context.request.async.WebAsyncManagerIntegrationFilter@6cd3410f, org.springframework.security.web.context.SecurityContextHolderFilter@49611a51, org.springframework.security.web.header.HeaderWriterFilter@778324fd, org.springframework.web.filter.CorsFilter@9afefea, org.springframework.security.web.authentication.logout.LogoutFilter@557415ec, org.springframework.security.oauth2.server.resource.web.authentication.BearerTokenAuthenticationFilter@5f96ea5, org.springframework.security.web.savedrequest.RequestCacheAwareFilter@34ffb529, org.springframework.security.web.servletapi.SecurityContextHolderAwareRequestFilter@4f0a81f6, org.springframework.security.web.authentication.AnonymousAuthenticationFilter@5b95c0ba, org.springframework.security.web.session.SessionManagementFilter@4d0648d8, org.springframework.security.web.access.ExceptionTranslationFilter@9ccdd34, org.springframework.security.web.access.intercept.AuthorizationFilter@189d3670] 
 2026-04-15 15:38:54,506 {yyyy-MM-dd HH:mm:ss} - INFO - o.s.cloud.commons.util.InetUtils - Cannot determine local hostname 
 2026-04-15 15:38:54,522 {yyyy-MM-dd HH:mm:ss} - INFO - o.s.c.n.e.c.DiscoveryClientOptionalArgsConfiguration - Eureka HTTP Client uses RestTemplate. 
 2026-04-15 15:38:54,565 {yyyy-MM-dd HH:mm:ss} - WARN - o.s.c.l.c.LoadBalancerCacheAutoConfiguration$LoadBalancerCaffeineWarnLogger - Spring Cloud LoadBalancer is currently working with the default cache. While this cache implementation is useful for development and tests, it's recommended to use Caffeine cache in production.You can switch to using Caffeine cache, by adding it and org.springframework.cache.caffeine.CaffeineCacheManager to the classpath. 
 2026-04-15 15:38:54,642 {yyyy-MM-dd HH:mm:ss} - INFO - o.s.cloud.netflix.eureka.InstanceInfoFactory - Setting initial instance status as: STARTING 
 2026-04-15 15:38:54,745 {yyyy-MM-dd HH:mm:ss} - INFO - com.netflix.discovery.DiscoveryClient - Initializing Eureka in region us-east-1 
 2026-04-15 15:38:54,750 {yyyy-MM-dd HH:mm:ss} - INFO - c.n.d.s.resolver.aws.ConfigClusterResolver - Resolving eureka endpoints via configuration 
 2026-04-15 15:38:54,767 {yyyy-MM-dd HH:mm:ss} - INFO - com.netflix.discovery.DiscoveryClient - Disable delta property : false 
 2026-04-15 15:38:54,767 {yyyy-MM-dd HH:mm:ss} - INFO - com.netflix.discovery.DiscoveryClient - Single vip registry refresh property : null 
 2026-04-15 15:38:54,767 {yyyy-MM-dd HH:mm:ss} - INFO - com.netflix.discovery.DiscoveryClient - Force full registry fetch : false 
 2026-04-15 15:38:54,767 {yyyy-MM-dd HH:mm:ss} - INFO - com.netflix.discovery.DiscoveryClient - Application is null : false 
 2026-04-15 15:38:54,767 {yyyy-MM-dd HH:mm:ss} - INFO - com.netflix.discovery.DiscoveryClient - Registered Applications size is zero : true 
 2026-04-15 15:38:54,767 {yyyy-MM-dd HH:mm:ss} - INFO - com.netflix.discovery.DiscoveryClient - Application version is -1: true 
 2026-04-15 15:38:54,767 {yyyy-MM-dd HH:mm:ss} - INFO - com.netflix.discovery.DiscoveryClient - Getting all instance registry info from the eureka server 
 2026-04-15 15:38:54,994 {yyyy-MM-dd HH:mm:ss} - INFO - com.netflix.discovery.DiscoveryClient - The response status is 200 
 2026-04-15 15:38:54,997 {yyyy-MM-dd HH:mm:ss} - INFO - com.netflix.discovery.DiscoveryClient - Starting heartbeat executor: renew interval is: 30 
 2026-04-15 15:38:55,000 {yyyy-MM-dd HH:mm:ss} - INFO - com.netflix.discovery.InstanceInfoReplicator - InstanceInfoReplicator onDemand update allowed rate per min is 4 
 2026-04-15 15:38:55,004 {yyyy-MM-dd HH:mm:ss} - INFO - com.netflix.discovery.DiscoveryClient - Discovery Client initialized at timestamp 1776260335003 with initial instances count: 3 
 2026-04-15 15:38:55,011 {yyyy-MM-dd HH:mm:ss} - INFO - o.s.c.n.e.s.EurekaServiceRegistry - Registering application CALLCENTER with eureka with status UP 
 2026-04-15 15:38:55,011 {yyyy-MM-dd HH:mm:ss} - INFO - com.netflix.discovery.DiscoveryClient - Saw local status change event StatusChangeEvent [timestamp=1776260335011, current=UP, previous=STARTING] 
 2026-04-15 15:38:55,013 {yyyy-MM-dd HH:mm:ss} - INFO - com.netflix.discovery.DiscoveryClient - DiscoveryClient_CALLCENTER/localhost:CallCenter:8082: registering service... 
 2026-04-15 15:38:55,049 {yyyy-MM-dd HH:mm:ss} - INFO - o.s.boot.web.embedded.tomcat.TomcatWebServer - Tomcat started on port 8082 (http) with context path '/api' 
 2026-04-15 15:38:55,051 {yyyy-MM-dd HH:mm:ss} - INFO - o.s.c.n.e.s.EurekaAutoServiceRegistration - Updating port to 8082 
 2026-04-15 15:38:55,091 {yyyy-MM-dd HH:mm:ss} - INFO - com.netflix.discovery.DiscoveryClient - DiscoveryClient_CALLCENTER/localhost:CallCenter:8082 - registration status: 204 
 2026-04-15 15:38:56,189 {yyyy-MM-dd HH:mm:ss} - INFO - o.s.cloud.commons.util.InetUtils - Cannot determine local hostname 
 2026-04-15 15:38:57,276 {yyyy-MM-dd HH:mm:ss} - INFO - o.s.cloud.commons.util.InetUtils - Cannot determine local hostname 
 2026-04-15 15:38:57,279 {yyyy-MM-dd HH:mm:ss} - INFO - o.s.m.simp.broker.SimpleBrokerMessageHandler - Starting... 
 2026-04-15 15:38:57,280 {yyyy-MM-dd HH:mm:ss} - INFO - o.s.m.simp.broker.SimpleBrokerMessageHandler - BrokerAvailabilityEvent[available=true, SimpleBrokerMessageHandler [org.springframework.messaging.simp.broker.DefaultSubscriptionRegistry@18435ed6]] 
 2026-04-15 15:38:57,281 {yyyy-MM-dd HH:mm:ss} - INFO - o.s.m.simp.broker.SimpleBrokerMessageHandler - Started. 
 2026-04-15 15:38:57,335 {yyyy-MM-dd HH:mm:ss} - INFO - com.example.callcenter.CallCenterApplication - Started CallCenterApplication in 38.258 seconds (process running for 39.003) 
 2026-04-15 15:38:57,638 {yyyy-MM-dd HH:mm:ss} - INFO - c.e.callcenter.Service.NotificationService - Checking for due callbacks... 
 2026-04-15 15:38:57,680 {yyyy-MM-dd HH:mm:ss} - INFO - c.e.callcenter.Service.NotificationService - === SCHEDULED METHOD RUNNING: checkUpcomingCallbacks === 
 2026-04-15 15:38:57,680 {yyyy-MM-dd HH:mm:ss} - INFO - c.e.callcenter.Service.NotificationService - Calling contact-service for upcoming callbacks... 
 Feign: impossible d'obtenir le token Keycloak : 401 Unauthorized: [no body]
Feign: impossible d'obtenir le token Keycloak : 401 Unauthorized: [no body]
2026-04-15 15:38:59,524 {yyyy-MM-dd HH:mm:ss} - INFO - c.e.callcenter.Service.NotificationService - Received 0 upcoming callbacks 
 2026-04-15 15:38:59,524 {yyyy-MM-dd HH:mm:ss} - INFO - c.e.callcenter.Service.NotificationService - No upcoming callbacks found 
 2026-04-15 15:38:59,560 {yyyy-MM-dd HH:mm:ss} - INFO - o.a.c.c.C.[Tomcat].[localhost].[/api] - Initializing Spring DispatcherServlet 'dispatcherServlet' 
 2026-04-15 15:38:59,560 {yyyy-MM-dd HH:mm:ss} - INFO - o.s.web.servlet.DispatcherServlet - Initializing Servlet 'dispatcherServlet' 
 2026-04-15 15:38:59,563 {yyyy-MM-dd HH:mm:ss} - INFO - o.s.web.servlet.DispatcherServlet - Completed initialization in 3 ms 
 2026-04-15 15:39:54,609 {yyyy-MM-dd HH:mm:ss} - INFO - o.s.w.s.config.WebSocketMessageBrokerStats - WebSocketSession[1 current WS(1)-HttpStream(0)-HttpPoll(0), 1 total, 0 closed abnormally (0 connect failure, 0 send limit, 0 transport error)], stompSubProtocol[processed CONNECT(1)-CONNECTED(1)-DISCONNECT(0)], stompBrokerRelay[null], inboundChannel[pool size = 6, active threads = 0, queued tasks = 0, completed tasks = 6], outboundChannel[pool size = 1, active threads = 0, queued tasks = 0, completed tasks = 1], sockJsScheduler[pool size = 8, active threads = 1, queued tasks = 5, completed tasks = 15] 
 2026-04-15 15:39:57,543 {yyyy-MM-dd HH:mm:ss} - INFO - c.e.callcenter.Service.NotificationService - === SCHEDULED METHOD RUNNING: checkUpcomingCallbacks === 
 2026-04-15 15:39:57,543 {yyyy-MM-dd HH:mm:ss} - INFO - c.e.callcenter.Service.NotificationService - Calling contact-service for upcoming callbacks... 
 Feign: impossible d'obtenir le token Keycloak : 401 Unauthorized: [no body]
2026-04-15 15:39:58,457 {yyyy-MM-dd HH:mm:ss} - INFO - c.e.callcenter.Service.NotificationService - Received 0 upcoming callbacks 
 2026-04-15 15:39:58,457 {yyyy-MM-dd HH:mm:ss} - INFO - c.e.callcenter.Service.NotificationService - No upcoming callbacks found 
 2026-04-15 15:40:57,482 {yyyy-MM-dd HH:mm:ss} - INFO - c.e.callcenter.Service.NotificationService - === SCHEDULED METHOD RUNNING: checkUpcomingCallbacks === 
 2026-04-15 15:40:57,482 {yyyy-MM-dd HH:mm:ss} - INFO - c.e.callcenter.Service.NotificationService - Calling contact-service for upcoming callbacks... 
 Feign: impossible d'obtenir le token Keycloak : 401 Unauthorized: [no body]
2026-04-15 15:40:58,130 {yyyy-MM-dd HH:mm:ss} - INFO - c.e.callcenter.Service.NotificationService - Received 0 upcoming callbacks 
 2026-04-15 15:40:58,130 {yyyy-MM-dd HH:mm:ss} - INFO - c.e.callcenter.Service.NotificationService - No upcoming callbacks found 
 2026-04-15 15:41:57,386 {yyyy-MM-dd HH:mm:ss} - INFO - c.e.callcenter.Service.NotificationService - === SCHEDULED METHOD RUNNING: checkUpcomingCallbacks === 
 2026-04-15 15:41:57,386 {yyyy-MM-dd HH:mm:ss} - INFO - c.e.callcenter.Service.NotificationService - Calling contact-service for upcoming callbacks... 
 Feign: impossible d'obtenir le token Keycloak : 401 Unauthorized: [no body]
2026-04-15 15:41:57,741 {yyyy-MM-dd HH:mm:ss} - INFO - c.e.callcenter.Service.NotificationService - Received 0 upcoming callbacks 
 2026-04-15 15:41:57,741 {yyyy-MM-dd HH:mm:ss} - INFO - c.e.callcenter.Service.NotificationService - No upcoming callbacks found 
 2026-04-15 15:42:57,383 {yyyy-MM-dd HH:mm:ss} - INFO - c.e.callcenter.Service.NotificationService - === SCHEDULED METHOD RUNNING: checkUpcomingCallbacks === 
 2026-04-15 15:42:57,383 {yyyy-MM-dd HH:mm:ss} - INFO - c.e.callcenter.Service.NotificationService - Calling contact-service for upcoming callbacks... 
 Feign: impossible d'obtenir le token Keycloak : 401 Unauthorized: [no body]
2026-04-15 15:42:57,767 {yyyy-MM-dd HH:mm:ss} - INFO - c.e.callcenter.Service.NotificationService - Received 0 upcoming callbacks 
 2026-04-15 15:42:57,767 {yyyy-MM-dd HH:mm:ss} - INFO - c.e.callcenter.Service.NotificationService - No upcoming callbacks found 
 2026-04-15 15:43:54,785 {yyyy-MM-dd HH:mm:ss} - INFO - c.n.d.s.resolver.aws.ConfigClusterResolver - Resolving eureka endpoints via configuration 
 2026-04-15 15:43:57,407 {yyyy-MM-dd HH:mm:ss} - INFO - c.e.callcenter.Service.NotificationService - === SCHEDULED METHOD RUNNING: checkUpcomingCallbacks === 
 2026-04-15 15:43:57,407 {yyyy-MM-dd HH:mm:ss} - INFO - c.e.callcenter.Service.NotificationService - Calling contact-service for upcoming callbacks... 
 2026-04-15 15:43:57,438 {yyyy-MM-dd HH:mm:ss} - INFO - c.e.callcenter.Service.NotificationService - Checking for due callbacks... 
 Feign: impossible d'obtenir le token Keycloak : 401 Unauthorized: [no body]
Feign: impossible d'obtenir le token Keycloak : 401 Unauthorized: [no body]
2026-04-15 15:43:57,899 {yyyy-MM-dd HH:mm:ss} - INFO - c.e.callcenter.Service.NotificationService - Received 0 upcoming callbacks 
 2026-04-15 15:43:57,899 {yyyy-MM-dd HH:mm:ss} - INFO - c.e.callcenter.Service.NotificationService - No upcoming callbacks found 
 2026-04-15 15:44:57,462 {yyyy-MM-dd HH:mm:ss} - INFO - c.e.callcenter.Service.NotificationService - === SCHEDULED METHOD RUNNING: checkUpcomingCallbacks === 
 2026-04-15 15:44:57,462 {yyyy-MM-dd HH:mm:ss} - INFO - c.e.callcenter.Service.NotificationService - Calling contact-service for upcoming callbacks... 
 Feign: impossible d'obtenir le token Keycloak : 401 Unauthorized: [no body]
2026-04-15 15:44:57,761 {yyyy-MM-dd HH:mm:ss} - INFO - c.e.callcenter.Service.NotificationService - Received 0 upcoming callbacks 
 2026-04-15 15:44:57,761 {yyyy-MM-dd HH:mm:ss} - INFO - c.e.callcenter.Service.NotificationService - No upcoming callbacks found 
 2026-04-15 15:45:57,394 {yyyy-MM-dd HH:mm:ss} - INFO - c.e.callcenter.Service.NotificationService - === SCHEDULED METHOD RUNNING: checkUpcomingCallbacks === 
 2026-04-15 15:45:57,395 {yyyy-MM-dd HH:mm:ss} - INFO - c.e.callcenter.Service.NotificationService - Calling contact-service for upcoming callbacks... 
 Feign: impossible d'obtenir le token Keycloak : 401 Unauthorized: [no body]
2026-04-15 15:45:57,801 {yyyy-MM-dd HH:mm:ss} - INFO - c.e.callcenter.Service.NotificationService - Received 0 upcoming callbacks 
 2026-04-15 15:45:57,802 {yyyy-MM-dd HH:mm:ss} - INFO - c.e.callcenter.Service.NotificationService - No upcoming callbacks found 
 2026-04-15 15:46:57,396 {yyyy-MM-dd HH:mm:ss} - INFO - c.e.callcenter.Service.NotificationService - === SCHEDULED METHOD RUNNING: checkUpcomingCallbacks === 
 2026-04-15 15:46:57,396 {yyyy-MM-dd HH:mm:ss} - INFO - c.e.callcenter.Service.NotificationService - Calling contact-service for upcoming callbacks... 
 Feign: impossible d'obtenir le token Keycloak : 401 Unauthorized: [no body]
2026-04-15 15:46:57,770 {yyyy-MM-dd HH:mm:ss} - INFO - c.e.callcenter.Service.NotificationService - Received 0 upcoming callbacks 
 2026-04-15 15:46:57,770 {yyyy-MM-dd HH:mm:ss} - INFO - c.e.callcenter.Service.NotificationService - No upcoming callbacks found 
 2026-04-15 15:47:57,387 {yyyy-MM-dd HH:mm:ss} - INFO - c.e.callcenter.Service.NotificationService - === SCHEDULED METHOD RUNNING: checkUpcomingCallbacks === 
 2026-04-15 15:47:57,387 {yyyy-MM-dd HH:mm:ss} - INFO - c.e.callcenter.Service.NotificationService - Calling contact-service for upcoming callbacks... 
 Feign: impossible d'obtenir le token Keycloak : 401 Unauthorized: [no body]
2026-04-15 15:47:58,129 {yyyy-MM-dd HH:mm:ss} - INFO - c.e.callcenter.Service.NotificationService - Received 0 upcoming callbacks 
 2026-04-15 15:47:58,129 {yyyy-MM-dd HH:mm:ss} - INFO - c.e.callcenter.Service.NotificationService - No upcoming callbacks found 
 2026-04-15 15:48:56,675 {yyyy-MM-dd HH:mm:ss} - INFO - c.n.d.s.resolver.aws.ConfigClusterResolver - Resolving eureka endpoints via configuration 
 2026-04-15 15:48:57,418 {yyyy-MM-dd HH:mm:ss} - INFO - c.e.callcenter.Service.NotificationService - === SCHEDULED METHOD RUNNING: checkUpcomingCallbacks === 
 2026-04-15 15:48:57,418 {yyyy-MM-dd HH:mm:ss} - INFO - c.e.callcenter.Service.NotificationService - Calling contact-service for upcoming callbacks... 
 2026-04-15 15:48:57,463 {yyyy-MM-dd HH:mm:ss} - INFO - c.e.callcenter.Service.NotificationService - Checking for due callbacks... 
 Feign: impossible d'obtenir le token Keycloak : 401 Unauthorized: [no body]
Feign: impossible d'obtenir le token Keycloak : 401 Unauthorized: [no body]
2026-04-15 15:48:57,950 {yyyy-MM-dd HH:mm:ss} - INFO - c.e.callcenter.Service.NotificationService - Received 0 upcoming callbacks 
 2026-04-15 15:48:57,950 {yyyy-MM-dd HH:mm:ss} - INFO - c.e.callcenter.Service.NotificationService - No upcoming callbacks found 
 2026-04-15 15:49:57,405 {yyyy-MM-dd HH:mm:ss} - INFO - c.e.callcenter.Service.NotificationService - === SCHEDULED METHOD RUNNING: checkUpcomingCallbacks === 
 2026-04-15 15:49:57,405 {yyyy-MM-dd HH:mm:ss} - INFO - c.e.callcenter.Service.NotificationService - Calling contact-service for upcoming callbacks... 
 Feign: impossible d'obtenir le token Keycloak : 401 Unauthorized: [no body]
2026-04-15 15:49:57,822 {yyyy-MM-dd HH:mm:ss} - INFO - c.e.callcenter.Service.NotificationService - Received 0 upcoming callbacks 
 2026-04-15 15:49:57,822 {yyyy-MM-dd HH:mm:ss} - INFO - c.e.callcenter.Service.NotificationService - No upcoming callbacks found 
 2026-04-15 15:50:41,360 {yyyy-MM-dd HH:mm:ss} - DEBUG - org.hibernate.SQL - select u1_0.id_user,u1_0.email,u1_0.enabled,u1_0.full_name,u1_0.role,u1_0.username from user u1_0 where u1_0.username=? 
 Hibernate: select u1_0.id_user,u1_0.email,u1_0.enabled,u1_0.full_name,u1_0.role,u1_0.username from user u1_0 where u1_0.username=?
2026-04-15 15:50:42,372 {yyyy-MM-dd HH:mm:ss} - DEBUG - org.hibernate.SQL - select r1_0.idr,a1_0.id_user,a1_0.email,a1_0.enabled,a1_0.full_name,a1_0.role,a1_0.username,r1_0.attachment_path,r1_0.category_request,r1_0.created_at,r1_0.deadline,r1_0.description,r1_0.note,r1_0.priority,r2_0.id,r2_0.ai_generated_date,r2_0.ai_insights_data,r2_0.approved_date,r2_0.contact_rate,r2_0.contacted_contacts,r2_0.generated_date,r2_0.pdf_path,r2_0.request_idr,r2_0.request_title,r2_0.request_type,r2_0.sent_date,r2_0.statistics_data,r2_0.status,r2_0.total_contacts,r1_0.request_type,r1_0.status,r1_0.title,r1_0.updated_at,u1_0.id_user,u1_0.email,u1_0.enabled,u1_0.full_name,u1_0.role,u1_0.username from request r1_0 left join user a1_0 on a1_0.id_user=r1_0.agent_id left join report r2_0 on r2_0.id=r1_0.report_id left join user u1_0 on u1_0.id_user=r1_0.user_id 
 Hibernate: select r1_0.idr,a1_0.id_user,a1_0.email,a1_0.enabled,a1_0.full_name,a1_0.role,a1_0.username,r1_0.attachment_path,r1_0.category_request,r1_0.created_at,r1_0.deadline,r1_0.description,r1_0.note,r1_0.priority,r2_0.id,r2_0.ai_generated_date,r2_0.ai_insights_data,r2_0.approved_date,r2_0.contact_rate,r2_0.contacted_contacts,r2_0.generated_date,r2_0.pdf_path,r2_0.request_idr,r2_0.request_title,r2_0.request_type,r2_0.sent_date,r2_0.statistics_data,r2_0.status,r2_0.total_contacts,r1_0.request_type,r1_0.status,r1_0.title,r1_0.updated_at,u1_0.id_user,u1_0.email,u1_0.enabled,u1_0.full_name,u1_0.role,u1_0.username from request r1_0 left join user a1_0 on a1_0.id_user=r1_0.agent_id left join report r2_0 on r2_0.id=r1_0.report_id left join user u1_0 on u1_0.id_user=r1_0.user_id
2026-04-15 15:50:42,500 {yyyy-MM-dd HH:mm:ss} - DEBUG - org.hibernate.SQL - select n1_0.id,n1_0.agent_id_user,n1_0.is_read,n1_0.message,n1_0.timestamp,n1_0.type from notification n1_0 left join user a1_0 on a1_0.id_user=n1_0.agent_id_user where a1_0.id_user=? order by n1_0.timestamp desc 
 Hibernate: select n1_0.id,n1_0.agent_id_user,n1_0.is_read,n1_0.message,n1_0.timestamp,n1_0.type from notification n1_0 left join user a1_0 on a1_0.id_user=n1_0.agent_id_user where a1_0.id_user=? order by n1_0.timestamp desc
2026-04-15 15:50:42,667 {yyyy-MM-dd HH:mm:ss} - DEBUG - org.hibernate.SQL - select u1_0.id_user,u1_0.email,u1_0.enabled,u1_0.full_name,u1_0.role,u1_0.username from user u1_0 where u1_0.role='AGENT' 
 Hibernate: select u1_0.id_user,u1_0.email,u1_0.enabled,u1_0.full_name,u1_0.role,u1_0.username from user u1_0 where u1_0.role='AGENT'
2026-04-15 15:50:43,481 {yyyy-MM-dd HH:mm:ss} - DEBUG - org.hibernate.SQL - select r1_0.id,r1_0.ai_generated_date,r1_0.ai_insights_data,r1_0.approved_date,r1_0.contact_rate,r1_0.contacted_contacts,r1_0.generated_date,r1_0.pdf_path,r1_0.request_idr,r1_0.request_title,r1_0.request_type,r1_0.sent_date,r1_0.statistics_data,r1_0.status,r1_0.total_contacts from report r1_0 
 Hibernate: select r1_0.id,r1_0.ai_generated_date,r1_0.ai_insights_data,r1_0.approved_date,r1_0.contact_rate,r1_0.contacted_contacts,r1_0.generated_date,r1_0.pdf_path,r1_0.request_idr,r1_0.request_title,r1_0.request_type,r1_0.sent_date,r1_0.statistics_data,r1_0.status,r1_0.total_contacts from report r1_0
2026-04-15 15:50:45,056 {yyyy-MM-dd HH:mm:ss} - DEBUG - org.hibernate.SQL - select r1_0.idr,r1_0.agent_id,r1_0.attachment_path,r1_0.category_request,r1_0.created_at,r1_0.deadline,r1_0.description,r1_0.note,r1_0.priority,r1_0.report_id,r1_0.request_type,r1_0.status,r1_0.title,r1_0.updated_at,r1_0.user_id from request r1_0 left join user a1_0 on a1_0.id_user=r1_0.agent_id where a1_0.id_user=? 
 Hibernate: select r1_0.idr,r1_0.agent_id,r1_0.attachment_path,r1_0.category_request,r1_0.created_at,r1_0.deadline,r1_0.description,r1_0.note,r1_0.priority,r1_0.report_id,r1_0.request_type,r1_0.status,r1_0.title,r1_0.updated_at,r1_0.user_id from request r1_0 left join user a1_0 on a1_0.id_user=r1_0.agent_id where a1_0.id_user=?
2026-04-15 15:50:45,561 {yyyy-MM-dd HH:mm:ss} - DEBUG - org.hibernate.SQL - select rcs1_0.id,rcs1_0.call_note,rcs1_0.contact_id,rcs1_0.created_at,rcs1_0.last_call_attempt,rcs1_0.request_id,rcs1_0.status,rcs1_0.updated_at from request_contact_status rcs1_0 
 Hibernate: select rcs1_0.id,rcs1_0.call_note,rcs1_0.contact_id,rcs1_0.created_at,rcs1_0.last_call_attempt,rcs1_0.request_id,rcs1_0.status,rcs1_0.updated_at from request_contact_status rcs1_0
2026-04-15 15:50:45,599 {yyyy-MM-dd HH:mm:ss} - DEBUG - org.hibernate.SQL - select u1_0.id_user,u1_0.email,u1_0.enabled,u1_0.full_name,u1_0.role,u1_0.username from user u1_0 where u1_0.id_user in (?,?,?,?,?,?,?,?,?,?,?,?,?,?,?,?,?,?,?,?,?,?,?,?,?,?,?,?,?,?) 
 Hibernate: select u1_0.id_user,u1_0.email,u1_0.enabled,u1_0.full_name,u1_0.role,u1_0.username from user u1_0 where u1_0.id_user in (?,?,?,?,?,?,?,?,?,?,?,?,?,?,?,?,?,?,?,?,?,?,?,?,?,?,?,?,?,?)
2026-04-15 15:50:46,095 {yyyy-MM-dd HH:mm:ss} - DEBUG - org.hibernate.SQL - select rcs1_0.id,rcs1_0.call_note,rcs1_0.contact_id,rcs1_0.created_at,rcs1_0.last_call_attempt,rcs1_0.request_id,rcs1_0.status,rcs1_0.updated_at from request_contact_status rcs1_0 left join request r1_0 on r1_0.idr=rcs1_0.request_id where r1_0.idr=? 
 Hibernate: select rcs1_0.id,rcs1_0.call_note,rcs1_0.contact_id,rcs1_0.created_at,rcs1_0.last_call_attempt,rcs1_0.request_id,rcs1_0.status,rcs1_0.updated_at from request_contact_status rcs1_0 left join request r1_0 on r1_0.idr=rcs1_0.request_id where r1_0.idr=?
2026-04-15 15:50:46,135 {yyyy-MM-dd HH:mm:ss} - DEBUG - org.hibernate.SQL - select rcs1_0.id,rcs1_0.call_note,rcs1_0.contact_id,rcs1_0.created_at,rcs1_0.last_call_attempt,rcs1_0.request_id,rcs1_0.status,rcs1_0.updated_at from request_contact_status rcs1_0 left join request r1_0 on r1_0.idr=rcs1_0.request_id where r1_0.idr=? 
 Hibernate: select rcs1_0.id,rcs1_0.call_note,rcs1_0.contact_id,rcs1_0.created_at,rcs1_0.last_call_attempt,rcs1_0.request_id,rcs1_0.status,rcs1_0.updated_at from request_contact_status rcs1_0 left join request r1_0 on r1_0.idr=rcs1_0.request_id where r1_0.idr=?
2026-04-15 15:50:46,140 {yyyy-MM-dd HH:mm:ss} - DEBUG - org.hibernate.SQL - SELECT * FROM logs ORDER BY timestamp DESC LIMIT ? 
 Hibernate: SELECT * FROM logs ORDER BY timestamp DESC LIMIT ?
2026-04-15 15:50:47,726 {yyyy-MM-dd HH:mm:ss} - DEBUG - org.hibernate.SQL - select l1_0.agent_id,l1_0.id,l1_0.end_date,l1_0.start_date,l1_0.status from agent_leave l1_0 where l1_0.agent_id in (?,?,?,?,?,?,?,?,?,?,?,?,?,?,?,?,?,?,?,?,?,?,?,?,?,?,?,?,?,?) 
 Hibernate: select l1_0.agent_id,l1_0.id,l1_0.end_date,l1_0.start_date,l1_0.status from agent_leave l1_0 where l1_0.agent_id in (?,?,?,?,?,?,?,?,?,?,?,?,?,?,?,?,?,?,?,?,?,?,?,?,?,?,?,?,?,?)
2026-04-15 15:50:48,029 {yyyy-MM-dd HH:mm:ss} - DEBUG - org.hibernate.SQL - select n1_0.agent_id_user,n1_0.id,n1_0.is_read,n1_0.message,n1_0.timestamp,n1_0.type from notification n1_0 where n1_0.agent_id_user in (?,?,?,?,?,?,?,?,?,?,?,?,?,?,?,?,?,?,?,?,?,?,?,?,?,?,?,?,?,?) 
 Hibernate: select n1_0.agent_id_user,n1_0.id,n1_0.is_read,n1_0.message,n1_0.timestamp,n1_0.type from notification n1_0 where n1_0.agent_id_user in (?,?,?,?,?,?,?,?,?,?,?,?,?,?,?,?,?,?,?,?,?,?,?,?,?,?,?,?,?,?)
2026-04-15 15:50:48,642 {yyyy-MM-dd HH:mm:ss} - DEBUG - org.hibernate.SQL - select q1_0.request_idr,q1_1.id,q1_1.question_type,q1_1.text from request_questions q1_0 join question q1_1 on q1_1.id=q1_0.question_id where q1_0.request_idr in (?,?,?,?,?,?,?,?,?,?,?,?,?,?,?,?,?,?,?,?,?,?,?,?,?,?,?,?,?,?) order by q1_0.question_id 
 Hibernate: select q1_0.request_idr,q1_1.id,q1_1.question_type,q1_1.text from request_questions q1_0 join question q1_1 on q1_1.id=q1_0.question_id where q1_0.request_idr in (?,?,?,?,?,?,?,?,?,?,?,?,?,?,?,?,?,?,?,?,?,?,?,?,?,?,?,?,?,?) order by q1_0.question_id
2026-04-15 15:50:48,874 {yyyy-MM-dd HH:mm:ss} - DEBUG - org.hibernate.SQL - select sl1_0.request_idr,sl1_0.id,sl1_0.contact_id,sl1_0.submission_date from submission sl1_0 where sl1_0.request_idr in (?,?,?,?,?,?,?,?,?,?,?,?,?,?,?,?,?,?,?,?,?,?,?,?,?,?,?,?,?,?) 
 Hibernate: select sl1_0.request_idr,sl1_0.id,sl1_0.contact_id,sl1_0.submission_date from submission sl1_0 where sl1_0.request_idr in (?,?,?,?,?,?,?,?,?,?,?,?,?,?,?,?,?,?,?,?,?,?,?,?,?,?,?,?,?,?)
2026-04-15 15:50:49,225 {yyyy-MM-dd HH:mm:ss} - DEBUG - org.hibernate.SQL - select o1_0.question_id,o1_0.options from question_options o1_0 where o1_0.question_id=? 
 Hibernate: select o1_0.question_id,o1_0.options from question_options o1_0 where o1_0.question_id=?
2026-04-15 15:50:49,287 {yyyy-MM-dd HH:mm:ss} - DEBUG - org.hibernate.SQL - select r1_0.submission_id,r1_0.id,r1_0.answer,r1_0.boolean_answer,r1_0.date_answer,r1_0.number_answer,q1_0.id,q1_0.question_type,q1_0.text,r1_0.time_answer from response r1_0 left join question q1_0 on q1_0.id=r1_0.question_id where r1_0.submission_id in (?,?,?,?,?,?,?,?,?,?,?,?,?,?,?,?,?,?,?,?,?,?,?,?,?,?,?,?,?,?) order by r1_0.id 
 Hibernate: select r1_0.submission_id,r1_0.id,r1_0.answer,r1_0.boolean_answer,r1_0.date_answer,r1_0.number_answer,q1_0.id,q1_0.question_type,q1_0.text,r1_0.time_answer from response r1_0 left join question q1_0 on q1_0.id=r1_0.question_id where r1_0.submission_id in (?,?,?,?,?,?,?,?,?,?,?,?,?,?,?,?,?,?,?,?,?,?,?,?,?,?,?,?,?,?) order by r1_0.id
2026-04-15 15:50:53,012 {yyyy-MM-dd HH:mm:ss} - DEBUG - org.hibernate.SQL - select l1_0.id,l1_0.action_description,l1_0.details,l1_0.ip_address,l1_0.log_action,l1_0.new_assigned_agent,l1_0.new_priority,l1_0.new_status,l1_0.old_assigned_agent,l1_0.old_priority,l1_0.old_status,l1_0.performed_by_user_id,l1_0.performed_by_user_name,l1_0.request_id,l1_0.timestamp,l1_0.user_agent from logs l1_0 left join request r1_0 on r1_0.idr=l1_0.request_id where r1_0.idr=? order by l1_0.timestamp desc limit ?,? 
 Hibernate: select l1_0.id,l1_0.action_description,l1_0.details,l1_0.ip_address,l1_0.log_action,l1_0.new_assigned_agent,l1_0.new_priority,l1_0.new_status,l1_0.old_assigned_agent,l1_0.old_priority,l1_0.old_status,l1_0.performed_by_user_id,l1_0.performed_by_user_name,l1_0.request_id,l1_0.timestamp,l1_0.user_agent from logs l1_0 left join request r1_0 on r1_0.idr=l1_0.request_id where r1_0.idr=? order by l1_0.timestamp desc limit ?,?
2026-04-15 15:50:53,477 {yyyy-MM-dd HH:mm:ss} - DEBUG - org.hibernate.SQL - select r1_0.idr,a1_0.id_user,a1_0.email,a1_0.enabled,a1_0.full_name,a1_0.role,a1_0.username,r1_0.attachment_path,r1_0.category_request,r1_0.created_at,r1_0.deadline,r1_0.description,r1_0.note,r1_0.priority,r2_0.id,r2_0.ai_generated_date,r2_0.ai_insights_data,r2_0.approved_date,r2_0.contact_rate,r2_0.contacted_contacts,r2_0.generated_date,r2_0.pdf_path,r2_0.request_idr,r2_0.request_title,r2_0.request_type,r2_0.sent_date,r2_0.statistics_data,r2_0.status,r2_0.total_contacts,r1_0.request_type,r1_0.status,r1_0.title,r1_0.updated_at,u1_0.id_user,u1_0.email,u1_0.enabled,u1_0.full_name,u1_0.role,u1_0.username from request r1_0 left join user a1_0 on a1_0.id_user=r1_0.agent_id left join report r2_0 on r2_0.id=r1_0.report_id left join user u1_0 on u1_0.id_user=r1_0.user_id where r1_0.idr=? 
 Hibernate: select r1_0.idr,a1_0.id_user,a1_0.email,a1_0.enabled,a1_0.full_name,a1_0.role,a1_0.username,r1_0.attachment_path,r1_0.category_request,r1_0.created_at,r1_0.deadline,r1_0.description,r1_0.note,r1_0.priority,r2_0.id,r2_0.ai_generated_date,r2_0.ai_insights_data,r2_0.approved_date,r2_0.contact_rate,r2_0.contacted_contacts,r2_0.generated_date,r2_0.pdf_path,r2_0.request_idr,r2_0.request_title,r2_0.request_type,r2_0.sent_date,r2_0.statistics_data,r2_0.status,r2_0.total_contacts,r1_0.request_type,r1_0.status,r1_0.title,r1_0.updated_at,u1_0.id_user,u1_0.email,u1_0.enabled,u1_0.full_name,u1_0.role,u1_0.username from request r1_0 left join user a1_0 on a1_0.id_user=r1_0.agent_id left join report r2_0 on r2_0.id=r1_0.report_id left join user u1_0 on u1_0.id_user=r1_0.user_id where r1_0.idr=?
2026-04-15 15:50:53,642 {yyyy-MM-dd HH:mm:ss} - DEBUG - org.hibernate.SQL - select r1_0.idr,a1_0.id_user,a1_0.email,a1_0.enabled,a1_0.full_name,a1_0.role,a1_0.username,r1_0.attachment_path,r1_0.category_request,r1_0.created_at,r1_0.deadline,r1_0.description,r1_0.note,r1_0.priority,r2_0.id,r2_0.ai_generated_date,r2_0.ai_insights_data,r2_0.approved_date,r2_0.contact_rate,r2_0.contacted_contacts,r2_0.generated_date,r2_0.pdf_path,r2_0.request_idr,r2_0.request_title,r2_0.request_type,r2_0.sent_date,r2_0.statistics_data,r2_0.status,r2_0.total_contacts,r1_0.request_type,r1_0.status,r1_0.title,r1_0.updated_at,u1_0.id_user,u1_0.email,u1_0.enabled,u1_0.full_name,u1_0.role,u1_0.username from request r1_0 left join user a1_0 on a1_0.id_user=r1_0.agent_id left join report r2_0 on r2_0.id=r1_0.report_id left join user u1_0 on u1_0.id_user=r1_0.user_id where r1_0.idr=? 
 Hibernate: select r1_0.idr,a1_0.id_user,a1_0.email,a1_0.enabled,a1_0.full_name,a1_0.role,a1_0.username,r1_0.attachment_path,r1_0.category_request,r1_0.created_at,r1_0.deadline,r1_0.description,r1_0.note,r1_0.priority,r2_0.id,r2_0.ai_generated_date,r2_0.ai_insights_data,r2_0.approved_date,r2_0.contact_rate,r2_0.contacted_contacts,r2_0.generated_date,r2_0.pdf_path,r2_0.request_idr,r2_0.request_title,r2_0.request_type,r2_0.sent_date,r2_0.statistics_data,r2_0.status,r2_0.total_contacts,r1_0.request_type,r1_0.status,r1_0.title,r1_0.updated_at,u1_0.id_user,u1_0.email,u1_0.enabled,u1_0.full_name,u1_0.role,u1_0.username from request r1_0 left join user a1_0 on a1_0.id_user=r1_0.agent_id left join report r2_0 on r2_0.id=r1_0.report_id left join user u1_0 on u1_0.id_user=r1_0.user_id where r1_0.idr=?
2026-04-15 15:50:53,658 {yyyy-MM-dd HH:mm:ss} - DEBUG - org.hibernate.SQL - select l1_0.agent_id,l1_0.id,l1_0.end_date,l1_0.start_date,l1_0.status from agent_leave l1_0 where l1_0.agent_id in (?,?,?,?,?,?,?,?,?,?,?,?,?,?,?,?,?,?,?,?,?,?,?,?,?,?,?,?,?,?) 
 Hibernate: select l1_0.agent_id,l1_0.id,l1_0.end_date,l1_0.start_date,l1_0.status from agent_leave l1_0 where l1_0.agent_id in (?,?,?,?,?,?,?,?,?,?,?,?,?,?,?,?,?,?,?,?,?,?,?,?,?,?,?,?,?,?)
2026-04-15 15:50:54,513 {yyyy-MM-dd HH:mm:ss} - DEBUG - org.hibernate.SQL - select n1_0.agent_id_user,n1_0.id,n1_0.is_read,n1_0.message,n1_0.timestamp,n1_0.type from notification n1_0 where n1_0.agent_id_user in (?,?,?,?,?,?,?,?,?,?,?,?,?,?,?,?,?,?,?,?,?,?,?,?,?,?,?,?,?,?) 
 Hibernate: select n1_0.agent_id_user,n1_0.id,n1_0.is_read,n1_0.message,n1_0.timestamp,n1_0.type from notification n1_0 where n1_0.agent_id_user in (?,?,?,?,?,?,?,?,?,?,?,?,?,?,?,?,?,?,?,?,?,?,?,?,?,?,?,?,?,?)
2026-04-15 15:50:54,695 {yyyy-MM-dd HH:mm:ss} - DEBUG - org.hibernate.SQL - select q1_0.request_idr,q1_1.id,q1_1.question_type,q1_1.text from request_questions q1_0 join question q1_1 on q1_1.id=q1_0.question_id where q1_0.request_idr=? order by q1_0.question_id 
 Hibernate: select q1_0.request_idr,q1_1.id,q1_1.question_type,q1_1.text from request_questions q1_0 join question q1_1 on q1_1.id=q1_0.question_id where q1_0.request_idr=? order by q1_0.question_id
2026-04-15 15:50:54,800 {yyyy-MM-dd HH:mm:ss} - DEBUG - org.hibernate.SQL - select o1_0.question_id,o1_0.options from question_options o1_0 where o1_0.question_id=? 
 Hibernate: select o1_0.question_id,o1_0.options from question_options o1_0 where o1_0.question_id=?
2026-04-15 15:50:54,882 {yyyy-MM-dd HH:mm:ss} - DEBUG - org.hibernate.SQL - select r1_0.id,r1_0.ai_generated_date,r1_0.ai_insights_data,r1_0.approved_date,r1_0.contact_rate,r1_0.contacted_contacts,r1_0.generated_date,r1_0.pdf_path,r1_0.request_idr,r1_0.request_title,r1_0.request_type,r1_0.sent_date,r1_0.statistics_data,r1_0.status,r1_0.total_contacts from report r1_0 where r1_0.request_idr=? 
 Hibernate: select r1_0.id,r1_0.ai_generated_date,r1_0.ai_insights_data,r1_0.approved_date,r1_0.contact_rate,r1_0.contacted_contacts,r1_0.generated_date,r1_0.pdf_path,r1_0.request_idr,r1_0.request_title,r1_0.request_type,r1_0.sent_date,r1_0.statistics_data,r1_0.status,r1_0.total_contacts from report r1_0 where r1_0.request_idr=?
2026-04-15 15:50:57,476 {yyyy-MM-dd HH:mm:ss} - INFO - c.e.callcenter.Service.NotificationService - === SCHEDULED METHOD RUNNING: checkUpcomingCallbacks === 
 2026-04-15 15:50:57,476 {yyyy-MM-dd HH:mm:ss} - INFO - c.e.callcenter.Service.NotificationService - Calling contact-service for upcoming callbacks... 
 Feign: impossible d'obtenir le token Keycloak : 401 Unauthorized: [no body]
2026-04-15 15:50:57,969 {yyyy-MM-dd HH:mm:ss} - INFO - c.e.callcenter.Service.NotificationService - Received 0 upcoming callbacks 
 2026-04-15 15:50:57,969 {yyyy-MM-dd HH:mm:ss} - INFO - c.e.callcenter.Service.NotificationService - No upcoming callbacks found 
 2026-04-15 15:51:01,911 {yyyy-MM-dd HH:mm:ss} - DEBUG - org.hibernate.SQL - select s1_0.id,s1_0.contact_id,s1_0.request_idr,s1_0.submission_date from submission s1_0 left join request r1_0 on r1_0.idr=s1_0.request_idr where r1_0.idr=? and s1_0.contact_id=? 
 Hibernate: select s1_0.id,s1_0.contact_id,s1_0.request_idr,s1_0.submission_date from submission s1_0 left join request r1_0 on r1_0.idr=s1_0.request_idr where r1_0.idr=? and s1_0.contact_id=?
2026-04-15 15:51:01,971 {yyyy-MM-dd HH:mm:ss} - DEBUG - org.hibernate.SQL - select r1_0.idr,a1_0.id_user,a1_0.email,a1_0.enabled,a1_0.full_name,a1_0.role,a1_0.username,r1_0.attachment_path,r1_0.category_request,r1_0.created_at,r1_0.deadline,r1_0.description,r1_0.note,r1_0.priority,r2_0.id,r2_0.ai_generated_date,r2_0.ai_insights_data,r2_0.approved_date,r2_0.contact_rate,r2_0.contacted_contacts,r2_0.generated_date,r2_0.pdf_path,r2_0.request_idr,r2_0.request_title,r2_0.request_type,r2_0.sent_date,r2_0.statistics_data,r2_0.status,r2_0.total_contacts,r1_0.request_type,r1_0.status,r1_0.title,r1_0.updated_at,u1_0.id_user,u1_0.email,u1_0.enabled,u1_0.full_name,u1_0.role,u1_0.username from request r1_0 left join user a1_0 on a1_0.id_user=r1_0.agent_id left join report r2_0 on r2_0.id=r1_0.report_id left join user u1_0 on u1_0.id_user=r1_0.user_id where r1_0.idr=? 
 Hibernate: select r1_0.idr,a1_0.id_user,a1_0.email,a1_0.enabled,a1_0.full_name,a1_0.role,a1_0.username,r1_0.attachment_path,r1_0.category_request,r1_0.created_at,r1_0.deadline,r1_0.description,r1_0.note,r1_0.priority,r2_0.id,r2_0.ai_generated_date,r2_0.ai_insights_data,r2_0.approved_date,r2_0.contact_rate,r2_0.contacted_contacts,r2_0.generated_date,r2_0.pdf_path,r2_0.request_idr,r2_0.request_title,r2_0.request_type,r2_0.sent_date,r2_0.statistics_data,r2_0.status,r2_0.total_contacts,r1_0.request_type,r1_0.status,r1_0.title,r1_0.updated_at,u1_0.id_user,u1_0.email,u1_0.enabled,u1_0.full_name,u1_0.role,u1_0.username from request r1_0 left join user a1_0 on a1_0.id_user=r1_0.agent_id left join report r2_0 on r2_0.id=r1_0.report_id left join user u1_0 on u1_0.id_user=r1_0.user_id where r1_0.idr=?
2026-04-15 15:51:02,048 {yyyy-MM-dd HH:mm:ss} - DEBUG - org.hibernate.SQL - select r1_0.id,r1_0.answer,r1_0.boolean_answer,r1_0.date_answer,r1_0.number_answer,r1_0.question_id,r1_0.submission_id,r1_0.time_answer from response r1_0 where r1_0.submission_id=? 
 Hibernate: select r1_0.id,r1_0.answer,r1_0.boolean_answer,r1_0.date_answer,r1_0.number_answer,r1_0.question_id,r1_0.submission_id,r1_0.time_answer from response r1_0 where r1_0.submission_id=?
2026-04-15 15:51:04,146 {yyyy-MM-dd HH:mm:ss} - DEBUG - org.hibernate.SQL - select q1_0.id,q1_0.question_type,q1_0.text from question q1_0 where q1_0.id=? 
 Hibernate: select q1_0.id,q1_0.question_type,q1_0.text from question q1_0 where q1_0.id=?
2026-04-15 15:51:04,269 {yyyy-MM-dd HH:mm:ss} - DEBUG - org.hibernate.SQL - select s1_0.id,s1_0.contact_id,s1_0.request_idr,s1_0.submission_date from submission s1_0 left join request r1_0 on r1_0.idr=s1_0.request_idr where r1_0.idr=? and s1_0.contact_id=? 
 Hibernate: select s1_0.id,s1_0.contact_id,s1_0.request_idr,s1_0.submission_date from submission s1_0 left join request r1_0 on r1_0.idr=s1_0.request_idr where r1_0.idr=? and s1_0.contact_id=?
2026-04-15 15:51:04,319 {yyyy-MM-dd HH:mm:ss} - DEBUG - org.hibernate.SQL - select r1_0.idr,a1_0.id_user,a1_0.email,a1_0.enabled,a1_0.full_name,a1_0.role,a1_0.username,r1_0.attachment_path,r1_0.category_request,r1_0.created_at,r1_0.deadline,r1_0.description,r1_0.note,r1_0.priority,r2_0.id,r2_0.ai_generated_date,r2_0.ai_insights_data,r2_0.approved_date,r2_0.contact_rate,r2_0.contacted_contacts,r2_0.generated_date,r2_0.pdf_path,r2_0.request_idr,r2_0.request_title,r2_0.request_type,r2_0.sent_date,r2_0.statistics_data,r2_0.status,r2_0.total_contacts,r1_0.request_type,r1_0.status,r1_0.title,r1_0.updated_at,u1_0.id_user,u1_0.email,u1_0.enabled,u1_0.full_name,u1_0.role,u1_0.username from request r1_0 left join user a1_0 on a1_0.id_user=r1_0.agent_id left join report r2_0 on r2_0.id=r1_0.report_id left join user u1_0 on u1_0.id_user=r1_0.user_id where r1_0.idr=? 
 Hibernate: select r1_0.idr,a1_0.id_user,a1_0.email,a1_0.enabled,a1_0.full_name,a1_0.role,a1_0.username,r1_0.attachment_path,r1_0.category_request,r1_0.created_at,r1_0.deadline,r1_0.description,r1_0.note,r1_0.priority,r2_0.id,r2_0.ai_generated_date,r2_0.ai_insights_data,r2_0.approved_date,r2_0.contact_rate,r2_0.contacted_contacts,r2_0.generated_date,r2_0.pdf_path,r2_0.request_idr,r2_0.request_title,r2_0.request_type,r2_0.sent_date,r2_0.statistics_data,r2_0.status,r2_0.total_contacts,r1_0.request_type,r1_0.status,r1_0.title,r1_0.updated_at,u1_0.id_user,u1_0.email,u1_0.enabled,u1_0.full_name,u1_0.role,u1_0.username from request r1_0 left join user a1_0 on a1_0.id_user=r1_0.agent_id left join report r2_0 on r2_0.id=r1_0.report_id left join user u1_0 on u1_0.id_user=r1_0.user_id where r1_0.idr=?
2026-04-15 15:51:04,432 {yyyy-MM-dd HH:mm:ss} - DEBUG - org.hibernate.SQL - delete from response_multi_answer where response_id in (select r1_0.id from response r1_0 where r1_0.submission_id=?) 
 Hibernate: delete from response_multi_answer where response_id in (select r1_0.id from response r1_0 where r1_0.submission_id=?)
2026-04-15 15:51:04,655 {yyyy-MM-dd HH:mm:ss} - DEBUG - org.hibernate.SQL - delete from response where submission_id=? 
 Hibernate: delete from response where submission_id=?
2026-04-15 15:51:04,948 {yyyy-MM-dd HH:mm:ss} - DEBUG - org.hibernate.SQL - select r1_0.submission_id,r1_0.id,r1_0.answer,r1_0.boolean_answer,r1_0.date_answer,r1_0.number_answer,q1_0.id,q1_0.question_type,q1_0.text,r1_0.time_answer from response r1_0 left join question q1_0 on q1_0.id=r1_0.question_id where r1_0.submission_id in (?,?,?,?,?,?,?,?,?,?,?,?,?,?,?,?,?,?,?,?,?,?,?,?,?,?,?,?,?,?) order by r1_0.id 
 Hibernate: select r1_0.submission_id,r1_0.id,r1_0.answer,r1_0.boolean_answer,r1_0.date_answer,r1_0.number_answer,q1_0.id,q1_0.question_type,q1_0.text,r1_0.time_answer from response r1_0 left join question q1_0 on q1_0.id=r1_0.question_id where r1_0.submission_id in (?,?,?,?,?,?,?,?,?,?,?,?,?,?,?,?,?,?,?,?,?,?,?,?,?,?,?,?,?,?) order by r1_0.id
2026-04-15 15:51:05,080 {yyyy-MM-dd HH:mm:ss} - DEBUG - org.hibernate.SQL - delete from submission where id=? 
 Hibernate: delete from submission where id=?
2026-04-15 15:51:05,129 {yyyy-MM-dd HH:mm:ss} - DEBUG - org.hibernate.SQL - select r1_0.id,r1_0.answer,r1_0.boolean_answer,r1_0.date_answer,r1_0.number_answer,r1_0.question_id,r1_0.submission_id,r1_0.time_answer from response r1_0 where r1_0.submission_id=? and r1_0.question_id=? 
 Hibernate: select r1_0.id,r1_0.answer,r1_0.boolean_answer,r1_0.date_answer,r1_0.number_answer,r1_0.question_id,r1_0.submission_id,r1_0.time_answer from response r1_0 where r1_0.submission_id=? and r1_0.question_id=?
2026-04-15 15:51:05,229 {yyyy-MM-dd HH:mm:ss} - DEBUG - org.hibernate.SQL - insert into response (answer,boolean_answer,date_answer,number_answer,question_id,submission_id,time_answer) values (?,?,?,?,?,?,?) 
 Hibernate: insert into response (answer,boolean_answer,date_answer,number_answer,question_id,submission_id,time_answer) values (?,?,?,?,?,?,?)
2026-04-15 15:51:57,393 {yyyy-MM-dd HH:mm:ss} - INFO - c.e.callcenter.Service.NotificationService - === SCHEDULED METHOD RUNNING: checkUpcomingCallbacks === 
 2026-04-15 15:51:57,393 {yyyy-MM-dd HH:mm:ss} - INFO - c.e.callcenter.Service.NotificationService - Calling contact-service for upcoming callbacks... 
 Feign: impossible d'obtenir le token Keycloak : 401 Unauthorized: [no body]
2026-04-15 15:51:57,857 {yyyy-MM-dd HH:mm:ss} - INFO - c.e.callcenter.Service.NotificationService - Received 0 upcoming callbacks 
 2026-04-15 15:51:57,857 {yyyy-MM-dd HH:mm:ss} - INFO - c.e.callcenter.Service.NotificationService - No upcoming callbacks found 
 2026-04-15 15:52:57,397 {yyyy-MM-dd HH:mm:ss} - INFO - c.e.callcenter.Service.NotificationService - === SCHEDULED METHOD RUNNING: checkUpcomingCallbacks === 
 2026-04-15 15:52:57,397 {yyyy-MM-dd HH:mm:ss} - INFO - c.e.callcenter.Service.NotificationService - Calling contact-service for upcoming callbacks... 
 Feign: impossible d'obtenir le token Keycloak : 401 Unauthorized: [no body]
2026-04-15 15:52:57,699 {yyyy-MM-dd HH:mm:ss} - INFO - c.e.callcenter.Service.NotificationService - Received 0 upcoming callbacks 
 2026-04-15 15:52:57,699 {yyyy-MM-dd HH:mm:ss} - INFO - c.e.callcenter.Service.NotificationService - No upcoming callbacks found 
 2026-04-15 15:53:56,683 {yyyy-MM-dd HH:mm:ss} - INFO - c.n.d.s.resolver.aws.ConfigClusterResolver - Resolving eureka endpoints via configuration 
 2026-04-15 15:53:57,417 {yyyy-MM-dd HH:mm:ss} - INFO - c.e.callcenter.Service.NotificationService - === SCHEDULED METHOD RUNNING: checkUpcomingCallbacks === 
 2026-04-15 15:53:57,417 {yyyy-MM-dd HH:mm:ss} - INFO - c.e.callcenter.Service.NotificationService - Calling contact-service for upcoming callbacks... 
 2026-04-15 15:53:57,442 {yyyy-MM-dd HH:mm:ss} - INFO - c.e.callcenter.Service.NotificationService - Checking for due callbacks... 
 Feign: impossible d'obtenir le token Keycloak : 401 Unauthorized: [no body]
Feign: impossible d'obtenir le token Keycloak : 401 Unauthorized: [no body]
2026-04-15 15:53:57,691 {yyyy-MM-dd HH:mm:ss} - INFO - c.e.callcenter.Service.NotificationService - Received 0 upcoming callbacks 
 2026-04-15 15:53:57,691 {yyyy-MM-dd HH:mm:ss} - INFO - c.e.callcenter.Service.NotificationService - No upcoming callbacks found 
 2026-04-15 15:54:57,462 {yyyy-MM-dd HH:mm:ss} - INFO - c.e.callcenter.Service.NotificationService - === SCHEDULED METHOD RUNNING: checkUpcomingCallbacks === 
 2026-04-15 15:54:57,462 {yyyy-MM-dd HH:mm:ss} - INFO - c.e.callcenter.Service.NotificationService - Calling contact-service for upcoming callbacks... 
 Feign: impossible d'obtenir le token Keycloak : 401 Unauthorized: [no body]
2026-04-15 15:54:57,978 {yyyy-MM-dd HH:mm:ss} - INFO - c.e.callcenter.Service.NotificationService - Received 0 upcoming callbacks 
 2026-04-15 15:54:57,981 {yyyy-MM-dd HH:mm:ss} - INFO - c.e.callcenter.Service.NotificationService - No upcoming callbacks found 
 2026-04-15 15:55:02,160 {yyyy-MM-dd HH:mm:ss} - DEBUG - org.hibernate.SQL - select r1_0.idr,r1_0.agent_id,r1_0.attachment_path,r1_0.category_request,r1_0.created_at,r1_0.deadline,r1_0.description,r1_0.note,r1_0.priority,r1_0.report_id,r1_0.request_type,r1_0.status,r1_0.title,r1_0.updated_at,r1_0.user_id from request r1_0 left join user a1_0 on a1_0.id_user=r1_0.agent_id where a1_0.id_user=? 
 Hibernate: select r1_0.idr,r1_0.agent_id,r1_0.attachment_path,r1_0.category_request,r1_0.created_at,r1_0.deadline,r1_0.description,r1_0.note,r1_0.priority,r1_0.report_id,r1_0.request_type,r1_0.status,r1_0.title,r1_0.updated_at,r1_0.user_id from request r1_0 left join user a1_0 on a1_0.id_user=r1_0.agent_id where a1_0.id_user=?
2026-04-15 15:55:02,477 {yyyy-MM-dd HH:mm:ss} - DEBUG - org.hibernate.SQL - select u1_0.id_user,u1_0.email,u1_0.enabled,u1_0.full_name,u1_0.role,u1_0.username from user u1_0 where u1_0.id_user in (?,?,?,?,?,?,?,?,?,?,?,?,?,?,?,?,?,?,?,?,?,?,?,?,?,?,?,?,?,?) 
 Hibernate: select u1_0.id_user,u1_0.email,u1_0.enabled,u1_0.full_name,u1_0.role,u1_0.username from user u1_0 where u1_0.id_user in (?,?,?,?,?,?,?,?,?,?,?,?,?,?,?,?,?,?,?,?,?,?,?,?,?,?,?,?,?,?)
2026-04-15 15:55:03,479 {yyyy-MM-dd HH:mm:ss} - DEBUG - org.hibernate.SQL - select rcs1_0.id,rcs1_0.call_note,rcs1_0.contact_id,rcs1_0.created_at,rcs1_0.last_call_attempt,rcs1_0.request_id,rcs1_0.status,rcs1_0.updated_at from request_contact_status rcs1_0 left join request r1_0 on r1_0.idr=rcs1_0.request_id where r1_0.idr=? 
 Hibernate: select rcs1_0.id,rcs1_0.call_note,rcs1_0.contact_id,rcs1_0.created_at,rcs1_0.last_call_attempt,rcs1_0.request_id,rcs1_0.status,rcs1_0.updated_at from request_contact_status rcs1_0 left join request r1_0 on r1_0.idr=rcs1_0.request_id where r1_0.idr=?
2026-04-15 15:55:03,531 {yyyy-MM-dd HH:mm:ss} - DEBUG - org.hibernate.SQL - select rcs1_0.id,rcs1_0.call_note,rcs1_0.contact_id,rcs1_0.created_at,rcs1_0.last_call_attempt,rcs1_0.request_id,rcs1_0.status,rcs1_0.updated_at from request_contact_status rcs1_0 left join request r1_0 on r1_0.idr=rcs1_0.request_id where r1_0.idr=? 
 Hibernate: select rcs1_0.id,rcs1_0.call_note,rcs1_0.contact_id,rcs1_0.created_at,rcs1_0.last_call_attempt,rcs1_0.request_id,rcs1_0.status,rcs1_0.updated_at from request_contact_status rcs1_0 left join request r1_0 on r1_0.idr=rcs1_0.request_id where r1_0.idr=?
2026-04-15 15:55:05,430 {yyyy-MM-dd HH:mm:ss} - DEBUG - org.hibernate.SQL - select l1_0.agent_id,l1_0.id,l1_0.end_date,l1_0.start_date,l1_0.status from agent_leave l1_0 where l1_0.agent_id in (?,?,?,?,?,?,?,?,?,?,?,?,?,?,?,?,?,?,?,?,?,?,?,?,?,?,?,?,?,?) 
 Hibernate: select l1_0.agent_id,l1_0.id,l1_0.end_date,l1_0.start_date,l1_0.status from agent_leave l1_0 where l1_0.agent_id in (?,?,?,?,?,?,?,?,?,?,?,?,?,?,?,?,?,?,?,?,?,?,?,?,?,?,?,?,?,?)
2026-04-15 15:55:05,501 {yyyy-MM-dd HH:mm:ss} - DEBUG - org.hibernate.SQL - select n1_0.agent_id_user,n1_0.id,n1_0.is_read,n1_0.message,n1_0.timestamp,n1_0.type from notification n1_0 where n1_0.agent_id_user in (?,?,?,?,?,?,?,?,?,?,?,?,?,?,?,?,?,?,?,?,?,?,?,?,?,?,?,?,?,?) 
 Hibernate: select n1_0.agent_id_user,n1_0.id,n1_0.is_read,n1_0.message,n1_0.timestamp,n1_0.type from notification n1_0 where n1_0.agent_id_user in (?,?,?,?,?,?,?,?,?,?,?,?,?,?,?,?,?,?,?,?,?,?,?,?,?,?,?,?,?,?)
2026-04-15 15:55:05,607 {yyyy-MM-dd HH:mm:ss} - DEBUG - org.hibernate.SQL - select q1_0.request_idr,q1_1.id,q1_1.question_type,q1_1.text from request_questions q1_0 join question q1_1 on q1_1.id=q1_0.question_id where q1_0.request_idr in (?,?,?,?,?,?,?,?,?,?,?,?,?,?,?,?,?,?,?,?,?,?,?,?,?,?,?,?,?,?) order by q1_0.question_id 
 Hibernate: select q1_0.request_idr,q1_1.id,q1_1.question_type,q1_1.text from request_questions q1_0 join question q1_1 on q1_1.id=q1_0.question_id where q1_0.request_idr in (?,?,?,?,?,?,?,?,?,?,?,?,?,?,?,?,?,?,?,?,?,?,?,?,?,?,?,?,?,?) order by q1_0.question_id
2026-04-15 15:55:05,782 {yyyy-MM-dd HH:mm:ss} - DEBUG - org.hibernate.SQL - select sl1_0.request_idr,sl1_0.id,sl1_0.contact_id,sl1_0.submission_date from submission sl1_0 where sl1_0.request_idr in (?,?,?,?,?,?,?,?,?,?,?,?,?,?,?,?,?,?,?,?,?,?,?,?,?,?,?,?,?,?) 
 Hibernate: select sl1_0.request_idr,sl1_0.id,sl1_0.contact_id,sl1_0.submission_date from submission sl1_0 where sl1_0.request_idr in (?,?,?,?,?,?,?,?,?,?,?,?,?,?,?,?,?,?,?,?,?,?,?,?,?,?,?,?,?,?)
2026-04-15 15:55:05,923 {yyyy-MM-dd HH:mm:ss} - DEBUG - org.hibernate.SQL - select o1_0.question_id,o1_0.options from question_options o1_0 where o1_0.question_id=? 
 Hibernate: select o1_0.question_id,o1_0.options from question_options o1_0 where o1_0.question_id=?
2026-04-15 15:55:06,081 {yyyy-MM-dd HH:mm:ss} - DEBUG - org.hibernate.SQL - select r1_0.submission_id,r1_0.id,r1_0.answer,r1_0.boolean_answer,r1_0.date_answer,r1_0.number_answer,q1_0.id,q1_0.question_type,q1_0.text,r1_0.time_answer from response r1_0 left join question q1_0 on q1_0.id=r1_0.question_id where r1_0.submission_id=? order by r1_0.id 
 Hibernate: select r1_0.submission_id,r1_0.id,r1_0.answer,r1_0.boolean_answer,r1_0.date_answer,r1_0.number_answer,q1_0.id,q1_0.question_type,q1_0.text,r1_0.time_answer from response r1_0 left join question q1_0 on q1_0.id=r1_0.question_id where r1_0.submission_id=? order by r1_0.id
2026-04-15 15:55:06,317 {yyyy-MM-dd HH:mm:ss} - DEBUG - org.hibernate.SQL - select ma1_0.response_id,ma1_0.multi_answer from response_multi_answer ma1_0 where ma1_0.response_id=? 
 Hibernate: select ma1_0.response_id,ma1_0.multi_answer from response_multi_answer ma1_0 where ma1_0.response_id=?
2026-04-15 15:55:08,501 {yyyy-MM-dd HH:mm:ss} - DEBUG - org.hibernate.SQL - select l1_0.id,l1_0.action_description,l1_0.details,l1_0.ip_address,l1_0.log_action,l1_0.new_assigned_agent,l1_0.new_priority,l1_0.new_status,l1_0.old_assigned_agent,l1_0.old_priority,l1_0.old_status,l1_0.performed_by_user_id,l1_0.performed_by_user_name,l1_0.request_id,l1_0.timestamp,l1_0.user_agent from logs l1_0 order by l1_0.timestamp desc limit ?,? 
 Hibernate: select l1_0.id,l1_0.action_description,l1_0.details,l1_0.ip_address,l1_0.log_action,l1_0.new_assigned_agent,l1_0.new_priority,l1_0.new_status,l1_0.old_assigned_agent,l1_0.old_priority,l1_0.old_status,l1_0.performed_by_user_id,l1_0.performed_by_user_name,l1_0.request_id,l1_0.timestamp,l1_0.user_agent from logs l1_0 order by l1_0.timestamp desc limit ?,?
2026-04-15 15:55:08,506 {yyyy-MM-dd HH:mm:ss} - DEBUG - org.hibernate.SQL - select distinct l1_0.performed_by_user_name from logs l1_0 where l1_0.performed_by_user_name is not null order by l1_0.performed_by_user_name 
 Hibernate: select distinct l1_0.performed_by_user_name from logs l1_0 where l1_0.performed_by_user_name is not null order by l1_0.performed_by_user_name
2026-04-15 15:55:08,508 {yyyy-MM-dd HH:mm:ss} - DEBUG - org.hibernate.SQL - select distinct l1_0.request_id,r1_0.title from logs l1_0 join request r1_0 on r1_0.idr=l1_0.request_id where l1_0.request_id is not null order by l1_0.request_id 
 Hibernate: select distinct l1_0.request_id,r1_0.title from logs l1_0 join request r1_0 on r1_0.idr=l1_0.request_id where l1_0.request_id is not null order by l1_0.request_id
2026-04-15 15:55:08,844 {yyyy-MM-dd HH:mm:ss} - DEBUG - org.hibernate.SQL - select r1_0.idr,a1_0.id_user,a1_0.email,a1_0.enabled,a1_0.full_name,a1_0.role,a1_0.username,r1_0.attachment_path,r1_0.category_request,r1_0.created_at,r1_0.deadline,r1_0.description,r1_0.note,r1_0.priority,r2_0.id,r2_0.ai_generated_date,r2_0.ai_insights_data,r2_0.approved_date,r2_0.contact_rate,r2_0.contacted_contacts,r2_0.generated_date,r2_0.pdf_path,r2_0.request_idr,r2_0.request_title,r2_0.request_type,r2_0.sent_date,r2_0.statistics_data,r2_0.status,r2_0.total_contacts,r1_0.request_type,r1_0.status,r1_0.title,r1_0.updated_at,u1_0.id_user,u1_0.email,u1_0.enabled,u1_0.full_name,u1_0.role,u1_0.username from request r1_0 left join user a1_0 on a1_0.id_user=r1_0.agent_id left join report r2_0 on r2_0.id=r1_0.report_id left join user u1_0 on u1_0.id_user=r1_0.user_id where r1_0.idr in (?,?,?,?,?,?,?,?,?,?,?,?,?,?,?,?,?,?,?,?,?,?,?,?,?,?,?,?,?,?) 
 Hibernate: select r1_0.idr,a1_0.id_user,a1_0.email,a1_0.enabled,a1_0.full_name,a1_0.role,a1_0.username,r1_0.attachment_path,r1_0.category_request,r1_0.created_at,r1_0.deadline,r1_0.description,r1_0.note,r1_0.priority,r2_0.id,r2_0.ai_generated_date,r2_0.ai_insights_data,r2_0.approved_date,r2_0.contact_rate,r2_0.contacted_contacts,r2_0.generated_date,r2_0.pdf_path,r2_0.request_idr,r2_0.request_title,r2_0.request_type,r2_0.sent_date,r2_0.statistics_data,r2_0.status,r2_0.total_contacts,r1_0.request_type,r1_0.status,r1_0.title,r1_0.updated_at,u1_0.id_user,u1_0.email,u1_0.enabled,u1_0.full_name,u1_0.role,u1_0.username from request r1_0 left join user a1_0 on a1_0.id_user=r1_0.agent_id left join report r2_0 on r2_0.id=r1_0.report_id left join user u1_0 on u1_0.id_user=r1_0.user_id where r1_0.idr in (?,?,?,?,?,?,?,?,?,?,?,?,?,?,?,?,?,?,?,?,?,?,?,?,?,?,?,?,?,?)
2026-04-15 15:55:09,282 {yyyy-MM-dd HH:mm:ss} - DEBUG - org.hibernate.SQL - select count(l1_0.id) from logs l1_0 
 Hibernate: select count(l1_0.id) from logs l1_0
2026-04-15 15:55:09,707 {yyyy-MM-dd HH:mm:ss} - DEBUG - org.hibernate.SQL - select l1_0.agent_id,l1_0.id,l1_0.end_date,l1_0.start_date,l1_0.status from agent_leave l1_0 where l1_0.agent_id in (?,?,?,?,?,?,?,?,?,?,?,?,?,?,?,?,?,?,?,?,?,?,?,?,?,?,?,?,?,?) 
 Hibernate: select l1_0.agent_id,l1_0.id,l1_0.end_date,l1_0.start_date,l1_0.status from agent_leave l1_0 where l1_0.agent_id in (?,?,?,?,?,?,?,?,?,?,?,?,?,?,?,?,?,?,?,?,?,?,?,?,?,?,?,?,?,?)
2026-04-15 15:55:10,345 {yyyy-MM-dd HH:mm:ss} - DEBUG - org.hibernate.SQL - select n1_0.agent_id_user,n1_0.id,n1_0.is_read,n1_0.message,n1_0.timestamp,n1_0.type from notification n1_0 where n1_0.agent_id_user in (?,?,?,?,?,?,?,?,?,?,?,?,?,?,?,?,?,?,?,?,?,?,?,?,?,?,?,?,?,?) 
 Hibernate: select n1_0.agent_id_user,n1_0.id,n1_0.is_read,n1_0.message,n1_0.timestamp,n1_0.type from notification n1_0 where n1_0.agent_id_user in (?,?,?,?,?,?,?,?,?,?,?,?,?,?,?,?,?,?,?,?,?,?,?,?,?,?,?,?,?,?)
2026-04-15 15:55:10,348 {yyyy-MM-dd HH:mm:ss} - DEBUG - org.hibernate.SQL - select r1_0.id,r1_0.ai_generated_date,r1_0.ai_insights_data,r1_0.approved_date,r1_0.contact_rate,r1_0.contacted_contacts,r1_0.generated_date,r1_0.pdf_path,r1_0.request_idr,r1_0.request_title,r1_0.request_type,r1_0.sent_date,r1_0.statistics_data,r1_0.status,r1_0.total_contacts from report r1_0 
 Hibernate: select r1_0.id,r1_0.ai_generated_date,r1_0.ai_insights_data,r1_0.approved_date,r1_0.contact_rate,r1_0.contacted_contacts,r1_0.generated_date,r1_0.pdf_path,r1_0.request_idr,r1_0.request_title,r1_0.request_type,r1_0.sent_date,r1_0.statistics_data,r1_0.status,r1_0.total_contacts from report r1_0
2026-04-15 15:55:11,357 {yyyy-MM-dd HH:mm:ss} - DEBUG - org.hibernate.SQL - select q1_0.request_idr,q1_1.id,q1_1.question_type,q1_1.text from request_questions q1_0 join question q1_1 on q1_1.id=q1_0.question_id where q1_0.request_idr in (?,?,?,?,?,?,?,?,?,?,?,?,?,?,?,?,?,?,?,?,?,?,?,?,?,?,?,?,?,?) order by q1_0.question_id 
 Hibernate: select q1_0.request_idr,q1_1.id,q1_1.question_type,q1_1.text from request_questions q1_0 join question q1_1 on q1_1.id=q1_0.question_id where q1_0.request_idr in (?,?,?,?,?,?,?,?,?,?,?,?,?,?,?,?,?,?,?,?,?,?,?,?,?,?,?,?,?,?) order by q1_0.question_id
2026-04-15 15:55:12,641 {yyyy-MM-dd HH:mm:ss} - DEBUG - org.hibernate.SQL - select o1_0.question_id,o1_0.options from question_options o1_0 where o1_0.question_id in (?,?,?,?,?,?,?,?,?,?,?,?,?,?,?,?,?,?,?,?,?,?,?,?,?,?,?,?,?,?) 
 Hibernate: select o1_0.question_id,o1_0.options from question_options o1_0 where o1_0.question_id in (?,?,?,?,?,?,?,?,?,?,?,?,?,?,?,?,?,?,?,?,?,?,?,?,?,?,?,?,?,?)
2026-04-15 15:55:13,683 {yyyy-MM-dd HH:mm:ss} - DEBUG - org.hibernate.SQL - select distinct l1_0.performed_by_user_name from logs l1_0 where l1_0.performed_by_user_name is not null order by l1_0.performed_by_user_name 
 Hibernate: select distinct l1_0.performed_by_user_name from logs l1_0 where l1_0.performed_by_user_name is not null order by l1_0.performed_by_user_name
2026-04-15 15:55:13,685 {yyyy-MM-dd HH:mm:ss} - DEBUG - org.hibernate.SQL - select distinct l1_0.request_id,r1_0.title from logs l1_0 join request r1_0 on r1_0.idr=l1_0.request_id where l1_0.request_id is not null order by l1_0.request_id 
 Hibernate: select distinct l1_0.request_id,r1_0.title from logs l1_0 join request r1_0 on r1_0.idr=l1_0.request_id where l1_0.request_id is not null order by l1_0.request_id
2026-04-15 15:55:14,453 {yyyy-MM-dd HH:mm:ss} - DEBUG - org.hibernate.SQL - select l1_0.id,l1_0.action_description,l1_0.details,l1_0.ip_address,l1_0.log_action,l1_0.new_assigned_agent,l1_0.new_priority,l1_0.new_status,l1_0.old_assigned_agent,l1_0.old_priority,l1_0.old_status,l1_0.performed_by_user_id,l1_0.performed_by_user_name,l1_0.request_id,l1_0.timestamp,l1_0.user_agent from logs l1_0 order by l1_0.timestamp desc limit ?,? 
 Hibernate: select l1_0.id,l1_0.action_description,l1_0.details,l1_0.ip_address,l1_0.log_action,l1_0.new_assigned_agent,l1_0.new_priority,l1_0.new_status,l1_0.old_assigned_agent,l1_0.old_priority,l1_0.old_status,l1_0.performed_by_user_id,l1_0.performed_by_user_name,l1_0.request_id,l1_0.timestamp,l1_0.user_agent from logs l1_0 order by l1_0.timestamp desc limit ?,?
2026-04-15 15:55:15,536 {yyyy-MM-dd HH:mm:ss} - DEBUG - org.hibernate.SQL - select r1_0.idr,a1_0.id_user,a1_0.email,a1_0.enabled,a1_0.full_name,a1_0.role,a1_0.username,r1_0.attachment_path,r1_0.category_request,r1_0.created_at,r1_0.deadline,r1_0.description,r1_0.note,r1_0.priority,r2_0.id,r2_0.ai_generated_date,r2_0.ai_insights_data,r2_0.approved_date,r2_0.contact_rate,r2_0.contacted_contacts,r2_0.generated_date,r2_0.pdf_path,r2_0.request_idr,r2_0.request_title,r2_0.request_type,r2_0.sent_date,r2_0.statistics_data,r2_0.status,r2_0.total_contacts,r1_0.request_type,r1_0.status,r1_0.title,r1_0.updated_at,u1_0.id_user,u1_0.email,u1_0.enabled,u1_0.full_name,u1_0.role,u1_0.username from request r1_0 left join user a1_0 on a1_0.id_user=r1_0.agent_id left join report r2_0 on r2_0.id=r1_0.report_id left join user u1_0 on u1_0.id_user=r1_0.user_id where r1_0.idr=? 
 Hibernate: select r1_0.idr,a1_0.id_user,a1_0.email,a1_0.enabled,a1_0.full_name,a1_0.role,a1_0.username,r1_0.attachment_path,r1_0.category_request,r1_0.created_at,r1_0.deadline,r1_0.description,r1_0.note,r1_0.priority,r2_0.id,r2_0.ai_generated_date,r2_0.ai_insights_data,r2_0.approved_date,r2_0.contact_rate,r2_0.contacted_contacts,r2_0.generated_date,r2_0.pdf_path,r2_0.request_idr,r2_0.request_title,r2_0.request_type,r2_0.sent_date,r2_0.statistics_data,r2_0.status,r2_0.total_contacts,r1_0.request_type,r1_0.status,r1_0.title,r1_0.updated_at,u1_0.id_user,u1_0.email,u1_0.enabled,u1_0.full_name,u1_0.role,u1_0.username from request r1_0 left join user a1_0 on a1_0.id_user=r1_0.agent_id left join report r2_0 on r2_0.id=r1_0.report_id left join user u1_0 on u1_0.id_user=r1_0.user_id where r1_0.idr=?
2026-04-15 15:55:15,604 {yyyy-MM-dd HH:mm:ss} - DEBUG - org.hibernate.SQL - select r1_0.idr,a1_0.id_user,a1_0.email,a1_0.enabled,a1_0.full_name,a1_0.role,a1_0.username,r1_0.attachment_path,r1_0.category_request,r1_0.created_at,r1_0.deadline,r1_0.description,r1_0.note,r1_0.priority,r2_0.id,r2_0.ai_generated_date,r2_0.ai_insights_data,r2_0.approved_date,r2_0.contact_rate,r2_0.contacted_contacts,r2_0.generated_date,r2_0.pdf_path,r2_0.request_idr,r2_0.request_title,r2_0.request_type,r2_0.sent_date,r2_0.statistics_data,r2_0.status,r2_0.total_contacts,r1_0.request_type,r1_0.status,r1_0.title,r1_0.updated_at,u1_0.id_user,u1_0.email,u1_0.enabled,u1_0.full_name,u1_0.role,u1_0.username from request r1_0 left join user a1_0 on a1_0.id_user=r1_0.agent_id left join report r2_0 on r2_0.id=r1_0.report_id left join user u1_0 on u1_0.id_user=r1_0.user_id where r1_0.idr in (?,?,?,?,?,?,?,?,?,?,?,?,?,?,?,?,?,?,?,?,?,?,?,?,?,?,?,?,?,?) 
 Hibernate: select r1_0.idr,a1_0.id_user,a1_0.email,a1_0.enabled,a1_0.full_name,a1_0.role,a1_0.username,r1_0.attachment_path,r1_0.category_request,r1_0.created_at,r1_0.deadline,r1_0.description,r1_0.note,r1_0.priority,r2_0.id,r2_0.ai_generated_date,r2_0.ai_insights_data,r2_0.approved_date,r2_0.contact_rate,r2_0.contacted_contacts,r2_0.generated_date,r2_0.pdf_path,r2_0.request_idr,r2_0.request_title,r2_0.request_type,r2_0.sent_date,r2_0.statistics_data,r2_0.status,r2_0.total_contacts,r1_0.request_type,r1_0.status,r1_0.title,r1_0.updated_at,u1_0.id_user,u1_0.email,u1_0.enabled,u1_0.full_name,u1_0.role,u1_0.username from request r1_0 left join user a1_0 on a1_0.id_user=r1_0.agent_id left join report r2_0 on r2_0.id=r1_0.report_id left join user u1_0 on u1_0.id_user=r1_0.user_id where r1_0.idr in (?,?,?,?,?,?,?,?,?,?,?,?,?,?,?,?,?,?,?,?,?,?,?,?,?,?,?,?,?,?)
2026-04-15 15:55:16,797 {yyyy-MM-dd HH:mm:ss} - DEBUG - org.hibernate.SQL - select count(l1_0.id) from logs l1_0 
 Hibernate: select count(l1_0.id) from logs l1_0
2026-04-15 15:55:17,428 {yyyy-MM-dd HH:mm:ss} - DEBUG - org.hibernate.SQL - select l1_0.agent_id,l1_0.id,l1_0.end_date,l1_0.start_date,l1_0.status from agent_leave l1_0 where l1_0.agent_id in (?,?,?,?,?,?,?,?,?,?,?,?,?,?,?,?,?,?,?,?,?,?,?,?,?,?,?,?,?,?) 
 Hibernate: select l1_0.agent_id,l1_0.id,l1_0.end_date,l1_0.start_date,l1_0.status from agent_leave l1_0 where l1_0.agent_id in (?,?,?,?,?,?,?,?,?,?,?,?,?,?,?,?,?,?,?,?,?,?,?,?,?,?,?,?,?,?)
2026-04-15 15:55:19,755 {yyyy-MM-dd HH:mm:ss} - DEBUG - org.hibernate.SQL - select n1_0.agent_id_user,n1_0.id,n1_0.is_read,n1_0.message,n1_0.timestamp,n1_0.type from notification n1_0 where n1_0.agent_id_user in (?,?,?,?,?,?,?,?,?,?,?,?,?,?,?,?,?,?,?,?,?,?,?,?,?,?,?,?,?,?) 
 Hibernate: select n1_0.agent_id_user,n1_0.id,n1_0.is_read,n1_0.message,n1_0.timestamp,n1_0.type from notification n1_0 where n1_0.agent_id_user in (?,?,?,?,?,?,?,?,?,?,?,?,?,?,?,?,?,?,?,?,?,?,?,?,?,?,?,?,?,?)
2026-04-15 15:55:20,587 {yyyy-MM-dd HH:mm:ss} - DEBUG - org.hibernate.SQL - select q1_0.request_idr,q1_1.id,q1_1.question_type,q1_1.text from request_questions q1_0 join question q1_1 on q1_1.id=q1_0.question_id where q1_0.request_idr in (?,?,?,?,?,?,?,?,?,?,?,?,?,?,?,?,?,?,?,?,?,?,?,?,?,?,?,?,?,?) order by q1_0.question_id 
 Hibernate: select q1_0.request_idr,q1_1.id,q1_1.question_type,q1_1.text from request_questions q1_0 join question q1_1 on q1_1.id=q1_0.question_id where q1_0.request_idr in (?,?,?,?,?,?,?,?,?,?,?,?,?,?,?,?,?,?,?,?,?,?,?,?,?,?,?,?,?,?) order by q1_0.question_id
2026-04-15 15:55:21,721 {yyyy-MM-dd HH:mm:ss} - DEBUG - org.hibernate.SQL - select o1_0.question_id,o1_0.options from question_options o1_0 where o1_0.question_id in (?,?,?,?,?,?,?,?,?,?,?,?,?,?,?,?,?,?,?,?,?,?,?,?,?,?,?,?,?,?) 
 Hibernate: select o1_0.question_id,o1_0.options from question_options o1_0 where o1_0.question_id in (?,?,?,?,?,?,?,?,?,?,?,?,?,?,?,?,?,?,?,?,?,?,?,?,?,?,?,?,?,?)
2026-04-15 15:55:57,447 {yyyy-MM-dd HH:mm:ss} - INFO - c.e.callcenter.Service.NotificationService - === SCHEDULED METHOD RUNNING: checkUpcomingCallbacks === 
 2026-04-15 15:55:57,447 {yyyy-MM-dd HH:mm:ss} - INFO - c.e.callcenter.Service.NotificationService - Calling contact-service for upcoming callbacks... 
 Feign: impossible d'obtenir le token Keycloak : 401 Unauthorized: [no body]
2026-04-15 15:55:57,995 {yyyy-MM-dd HH:mm:ss} - INFO - c.e.callcenter.Service.NotificationService - Received 0 upcoming callbacks 
 2026-04-15 15:55:57,995 {yyyy-MM-dd HH:mm:ss} - INFO - c.e.callcenter.Service.NotificationService - No upcoming callbacks found 
 2026-04-15 15:56:06,595 {yyyy-MM-dd HH:mm:ss} - DEBUG - org.hibernate.SQL - select r1_0.idr,r1_0.agent_id,r1_0.attachment_path,r1_0.category_request,r1_0.created_at,r1_0.deadline,r1_0.description,r1_0.note,r1_0.priority,r1_0.report_id,r1_0.request_type,r1_0.status,r1_0.title,r1_0.updated_at,r1_0.user_id from request r1_0 left join user a1_0 on a1_0.id_user=r1_0.agent_id where a1_0.id_user=? 
 Hibernate: select r1_0.idr,r1_0.agent_id,r1_0.attachment_path,r1_0.category_request,r1_0.created_at,r1_0.deadline,r1_0.description,r1_0.note,r1_0.priority,r1_0.report_id,r1_0.request_type,r1_0.status,r1_0.title,r1_0.updated_at,r1_0.user_id from request r1_0 left join user a1_0 on a1_0.id_user=r1_0.agent_id where a1_0.id_user=?
2026-04-15 15:56:06,676 {yyyy-MM-dd HH:mm:ss} - DEBUG - org.hibernate.SQL - select u1_0.id_user,u1_0.email,u1_0.enabled,u1_0.full_name,u1_0.role,u1_0.username from user u1_0 where u1_0.id_user in (?,?,?,?,?,?,?,?,?,?,?,?,?,?,?,?,?,?,?,?,?,?,?,?,?,?,?,?,?,?) 
 Hibernate: select u1_0.id_user,u1_0.email,u1_0.enabled,u1_0.full_name,u1_0.role,u1_0.username from user u1_0 where u1_0.id_user in (?,?,?,?,?,?,?,?,?,?,?,?,?,?,?,?,?,?,?,?,?,?,?,?,?,?,?,?,?,?)
2026-04-15 15:56:07,123 {yyyy-MM-dd HH:mm:ss} - DEBUG - org.hibernate.SQL - select rcs1_0.id,rcs1_0.call_note,rcs1_0.contact_id,rcs1_0.created_at,rcs1_0.last_call_attempt,rcs1_0.request_id,rcs1_0.status,rcs1_0.updated_at from request_contact_status rcs1_0 left join request r1_0 on r1_0.idr=rcs1_0.request_id where r1_0.idr=? 
 Hibernate: select rcs1_0.id,rcs1_0.call_note,rcs1_0.contact_id,rcs1_0.created_at,rcs1_0.last_call_attempt,rcs1_0.request_id,rcs1_0.status,rcs1_0.updated_at from request_contact_status rcs1_0 left join request r1_0 on r1_0.idr=rcs1_0.request_id where r1_0.idr=?
2026-04-15 15:56:07,158 {yyyy-MM-dd HH:mm:ss} - DEBUG - org.hibernate.SQL - select rcs1_0.id,rcs1_0.call_note,rcs1_0.contact_id,rcs1_0.created_at,rcs1_0.last_call_attempt,rcs1_0.request_id,rcs1_0.status,rcs1_0.updated_at from request_contact_status rcs1_0 left join request r1_0 on r1_0.idr=rcs1_0.request_id where r1_0.idr=? 
 Hibernate: select rcs1_0.id,rcs1_0.call_note,rcs1_0.contact_id,rcs1_0.created_at,rcs1_0.last_call_attempt,rcs1_0.request_id,rcs1_0.status,rcs1_0.updated_at from request_contact_status rcs1_0 left join request r1_0 on r1_0.idr=rcs1_0.request_id where r1_0.idr=?
2026-04-15 15:56:07,614 {yyyy-MM-dd HH:mm:ss} - DEBUG - org.hibernate.SQL - select l1_0.agent_id,l1_0.id,l1_0.end_date,l1_0.start_date,l1_0.status from agent_leave l1_0 where l1_0.agent_id in (?,?,?,?,?,?,?,?,?,?,?,?,?,?,?,?,?,?,?,?,?,?,?,?,?,?,?,?,?,?) 
 Hibernate: select l1_0.agent_id,l1_0.id,l1_0.end_date,l1_0.start_date,l1_0.status from agent_leave l1_0 where l1_0.agent_id in (?,?,?,?,?,?,?,?,?,?,?,?,?,?,?,?,?,?,?,?,?,?,?,?,?,?,?,?,?,?)
2026-04-15 15:56:07,657 {yyyy-MM-dd HH:mm:ss} - DEBUG - org.hibernate.SQL - select n1_0.agent_id_user,n1_0.id,n1_0.is_read,n1_0.message,n1_0.timestamp,n1_0.type from notification n1_0 where n1_0.agent_id_user in (?,?,?,?,?,?,?,?,?,?,?,?,?,?,?,?,?,?,?,?,?,?,?,?,?,?,?,?,?,?) 
 Hibernate: select n1_0.agent_id_user,n1_0.id,n1_0.is_read,n1_0.message,n1_0.timestamp,n1_0.type from notification n1_0 where n1_0.agent_id_user in (?,?,?,?,?,?,?,?,?,?,?,?,?,?,?,?,?,?,?,?,?,?,?,?,?,?,?,?,?,?)
2026-04-15 15:56:07,763 {yyyy-MM-dd HH:mm:ss} - DEBUG - org.hibernate.SQL - select q1_0.request_idr,q1_1.id,q1_1.question_type,q1_1.text from request_questions q1_0 join question q1_1 on q1_1.id=q1_0.question_id where q1_0.request_idr in (?,?,?,?,?,?,?,?,?,?,?,?,?,?,?,?,?,?,?,?,?,?,?,?,?,?,?,?,?,?) order by q1_0.question_id 
 Hibernate: select q1_0.request_idr,q1_1.id,q1_1.question_type,q1_1.text from request_questions q1_0 join question q1_1 on q1_1.id=q1_0.question_id where q1_0.request_idr in (?,?,?,?,?,?,?,?,?,?,?,?,?,?,?,?,?,?,?,?,?,?,?,?,?,?,?,?,?,?) order by q1_0.question_id
2026-04-15 15:56:07,788 {yyyy-MM-dd HH:mm:ss} - DEBUG - org.hibernate.SQL - select sl1_0.request_idr,sl1_0.id,sl1_0.contact_id,sl1_0.submission_date from submission sl1_0 where sl1_0.request_idr in (?,?,?,?,?,?,?,?,?,?,?,?,?,?,?,?,?,?,?,?,?,?,?,?,?,?,?,?,?,?) 
 Hibernate: select sl1_0.request_idr,sl1_0.id,sl1_0.contact_id,sl1_0.submission_date from submission sl1_0 where sl1_0.request_idr in (?,?,?,?,?,?,?,?,?,?,?,?,?,?,?,?,?,?,?,?,?,?,?,?,?,?,?,?,?,?)
2026-04-15 15:56:07,822 {yyyy-MM-dd HH:mm:ss} - DEBUG - org.hibernate.SQL - select o1_0.question_id,o1_0.options from question_options o1_0 where o1_0.question_id=? 
 Hibernate: select o1_0.question_id,o1_0.options from question_options o1_0 where o1_0.question_id=?
2026-04-15 15:56:07,855 {yyyy-MM-dd HH:mm:ss} - DEBUG - org.hibernate.SQL - select r1_0.submission_id,r1_0.id,r1_0.answer,r1_0.boolean_answer,r1_0.date_answer,r1_0.number_answer,q1_0.id,q1_0.question_type,q1_0.text,r1_0.time_answer from response r1_0 left join question q1_0 on q1_0.id=r1_0.question_id where r1_0.submission_id=? order by r1_0.id 
 Hibernate: select r1_0.submission_id,r1_0.id,r1_0.answer,r1_0.boolean_answer,r1_0.date_answer,r1_0.number_answer,q1_0.id,q1_0.question_type,q1_0.text,r1_0.time_answer from response r1_0 left join question q1_0 on q1_0.id=r1_0.question_id where r1_0.submission_id=? order by r1_0.id
2026-04-15 15:56:07,887 {yyyy-MM-dd HH:mm:ss} - DEBUG - org.hibernate.SQL - select ma1_0.response_id,ma1_0.multi_answer from response_multi_answer ma1_0 where ma1_0.response_id=? 
 Hibernate: select ma1_0.response_id,ma1_0.multi_answer from response_multi_answer ma1_0 where ma1_0.response_id=?
2026-04-15 15:56:10,210 {yyyy-MM-dd HH:mm:ss} - DEBUG - org.hibernate.SQL - select l1_0.id,l1_0.action_description,l1_0.details,l1_0.ip_address,l1_0.log_action,l1_0.new_assigned_agent,l1_0.new_priority,l1_0.new_status,l1_0.old_assigned_agent,l1_0.old_priority,l1_0.old_status,l1_0.performed_by_user_id,l1_0.performed_by_user_name,l1_0.request_id,l1_0.timestamp,l1_0.user_agent from logs l1_0 left join request r1_0 on r1_0.idr=l1_0.request_id where r1_0.idr=? order by l1_0.timestamp desc limit ?,? 
 Hibernate: select l1_0.id,l1_0.action_description,l1_0.details,l1_0.ip_address,l1_0.log_action,l1_0.new_assigned_agent,l1_0.new_priority,l1_0.new_status,l1_0.old_assigned_agent,l1_0.old_priority,l1_0.old_status,l1_0.performed_by_user_id,l1_0.performed_by_user_name,l1_0.request_id,l1_0.timestamp,l1_0.user_agent from logs l1_0 left join request r1_0 on r1_0.idr=l1_0.request_id where r1_0.idr=? order by l1_0.timestamp desc limit ?,?
2026-04-15 15:56:10,366 {yyyy-MM-dd HH:mm:ss} - DEBUG - org.hibernate.SQL - select r1_0.idr,a1_0.id_user,a1_0.email,a1_0.enabled,a1_0.full_name,a1_0.role,a1_0.username,r1_0.attachment_path,r1_0.category_request,r1_0.created_at,r1_0.deadline,r1_0.description,r1_0.note,r1_0.priority,r2_0.id,r2_0.ai_generated_date,r2_0.ai_insights_data,r2_0.approved_date,r2_0.contact_rate,r2_0.contacted_contacts,r2_0.generated_date,r2_0.pdf_path,r2_0.request_idr,r2_0.request_title,r2_0.request_type,r2_0.sent_date,r2_0.statistics_data,r2_0.status,r2_0.total_contacts,r1_0.request_type,r1_0.status,r1_0.title,r1_0.updated_at,u1_0.id_user,u1_0.email,u1_0.enabled,u1_0.full_name,u1_0.role,u1_0.username from request r1_0 left join user a1_0 on a1_0.id_user=r1_0.agent_id left join report r2_0 on r2_0.id=r1_0.report_id left join user u1_0 on u1_0.id_user=r1_0.user_id where r1_0.idr=? 
 Hibernate: select r1_0.idr,a1_0.id_user,a1_0.email,a1_0.enabled,a1_0.full_name,a1_0.role,a1_0.username,r1_0.attachment_path,r1_0.category_request,r1_0.created_at,r1_0.deadline,r1_0.description,r1_0.note,r1_0.priority,r2_0.id,r2_0.ai_generated_date,r2_0.ai_insights_data,r2_0.approved_date,r2_0.contact_rate,r2_0.contacted_contacts,r2_0.generated_date,r2_0.pdf_path,r2_0.request_idr,r2_0.request_title,r2_0.request_type,r2_0.sent_date,r2_0.statistics_data,r2_0.status,r2_0.total_contacts,r1_0.request_type,r1_0.status,r1_0.title,r1_0.updated_at,u1_0.id_user,u1_0.email,u1_0.enabled,u1_0.full_name,u1_0.role,u1_0.username from request r1_0 left join user a1_0 on a1_0.id_user=r1_0.agent_id left join report r2_0 on r2_0.id=r1_0.report_id left join user u1_0 on u1_0.id_user=r1_0.user_id where r1_0.idr=?
2026-04-15 15:56:10,433 {yyyy-MM-dd HH:mm:ss} - DEBUG - org.hibernate.SQL - select r1_0.idr,a1_0.id_user,a1_0.email,a1_0.enabled,a1_0.full_name,a1_0.role,a1_0.username,r1_0.attachment_path,r1_0.category_request,r1_0.created_at,r1_0.deadline,r1_0.description,r1_0.note,r1_0.priority,r2_0.id,r2_0.ai_generated_date,r2_0.ai_insights_data,r2_0.approved_date,r2_0.contact_rate,r2_0.contacted_contacts,r2_0.generated_date,r2_0.pdf_path,r2_0.request_idr,r2_0.request_title,r2_0.request_type,r2_0.sent_date,r2_0.statistics_data,r2_0.status,r2_0.total_contacts,r1_0.request_type,r1_0.status,r1_0.title,r1_0.updated_at,u1_0.id_user,u1_0.email,u1_0.enabled,u1_0.full_name,u1_0.role,u1_0.username from request r1_0 left join user a1_0 on a1_0.id_user=r1_0.agent_id left join report r2_0 on r2_0.id=r1_0.report_id left join user u1_0 on u1_0.id_user=r1_0.user_id where r1_0.idr=? 
 Hibernate: select r1_0.idr,a1_0.id_user,a1_0.email,a1_0.enabled,a1_0.full_name,a1_0.role,a1_0.username,r1_0.attachment_path,r1_0.category_request,r1_0.created_at,r1_0.deadline,r1_0.description,r1_0.note,r1_0.priority,r2_0.id,r2_0.ai_generated_date,r2_0.ai_insights_data,r2_0.approved_date,r2_0.contact_rate,r2_0.contacted_contacts,r2_0.generated_date,r2_0.pdf_path,r2_0.request_idr,r2_0.request_title,r2_0.request_type,r2_0.sent_date,r2_0.statistics_data,r2_0.status,r2_0.total_contacts,r1_0.request_type,r1_0.status,r1_0.title,r1_0.updated_at,u1_0.id_user,u1_0.email,u1_0.enabled,u1_0.full_name,u1_0.role,u1_0.username from request r1_0 left join user a1_0 on a1_0.id_user=r1_0.agent_id left join report r2_0 on r2_0.id=r1_0.report_id left join user u1_0 on u1_0.id_user=r1_0.user_id where r1_0.idr=?
2026-04-15 15:56:10,466 {yyyy-MM-dd HH:mm:ss} - DEBUG - org.hibernate.SQL - select l1_0.agent_id,l1_0.id,l1_0.end_date,l1_0.start_date,l1_0.status from agent_leave l1_0 where l1_0.agent_id in (?,?,?,?,?,?,?,?,?,?,?,?,?,?,?,?,?,?,?,?,?,?,?,?,?,?,?,?,?,?) 
 Hibernate: select l1_0.agent_id,l1_0.id,l1_0.end_date,l1_0.start_date,l1_0.status from agent_leave l1_0 where l1_0.agent_id in (?,?,?,?,?,?,?,?,?,?,?,?,?,?,?,?,?,?,?,?,?,?,?,?,?,?,?,?,?,?)
2026-04-15 15:56:10,546 {yyyy-MM-dd HH:mm:ss} - DEBUG - org.hibernate.SQL - select n1_0.agent_id_user,n1_0.id,n1_0.is_read,n1_0.message,n1_0.timestamp,n1_0.type from notification n1_0 where n1_0.agent_id_user in (?,?,?,?,?,?,?,?,?,?,?,?,?,?,?,?,?,?,?,?,?,?,?,?,?,?,?,?,?,?) 
 Hibernate: select n1_0.agent_id_user,n1_0.id,n1_0.is_read,n1_0.message,n1_0.timestamp,n1_0.type from notification n1_0 where n1_0.agent_id_user in (?,?,?,?,?,?,?,?,?,?,?,?,?,?,?,?,?,?,?,?,?,?,?,?,?,?,?,?,?,?)
2026-04-15 15:56:10,599 {yyyy-MM-dd HH:mm:ss} - DEBUG - org.hibernate.SQL - select q1_0.request_idr,q1_1.id,q1_1.question_type,q1_1.text from request_questions q1_0 join question q1_1 on q1_1.id=q1_0.question_id where q1_0.request_idr=? order by q1_0.question_id 
 Hibernate: select q1_0.request_idr,q1_1.id,q1_1.question_type,q1_1.text from request_questions q1_0 join question q1_1 on q1_1.id=q1_0.question_id where q1_0.request_idr=? order by q1_0.question_id
2026-04-15 15:56:10,771 {yyyy-MM-dd HH:mm:ss} - DEBUG - org.hibernate.SQL - select o1_0.question_id,o1_0.options from question_options o1_0 where o1_0.question_id=? 
 Hibernate: select o1_0.question_id,o1_0.options from question_options o1_0 where o1_0.question_id=?
2026-04-15 15:56:11,021 {yyyy-MM-dd HH:mm:ss} - DEBUG - org.hibernate.SQL - select r1_0.id,r1_0.ai_generated_date,r1_0.ai_insights_data,r1_0.approved_date,r1_0.contact_rate,r1_0.contacted_contacts,r1_0.generated_date,r1_0.pdf_path,r1_0.request_idr,r1_0.request_title,r1_0.request_type,r1_0.sent_date,r1_0.statistics_data,r1_0.status,r1_0.total_contacts from report r1_0 where r1_0.request_idr=? 
 Hibernate: select r1_0.id,r1_0.ai_generated_date,r1_0.ai_insights_data,r1_0.approved_date,r1_0.contact_rate,r1_0.contacted_contacts,r1_0.generated_date,r1_0.pdf_path,r1_0.request_idr,r1_0.request_title,r1_0.request_type,r1_0.sent_date,r1_0.statistics_data,r1_0.status,r1_0.total_contacts from report r1_0 where r1_0.request_idr=?
2026-04-15 15:56:16,875 {yyyy-MM-dd HH:mm:ss} - DEBUG - org.hibernate.SQL - select r1_0.idr,a1_0.id_user,a1_0.email,a1_0.enabled,a1_0.full_name,a1_0.role,a1_0.username,r1_0.attachment_path,r1_0.category_request,r1_0.created_at,r1_0.deadline,r1_0.description,r1_0.note,r1_0.priority,r2_0.id,r2_0.ai_generated_date,r2_0.ai_insights_data,r2_0.approved_date,r2_0.contact_rate,r2_0.contacted_contacts,r2_0.generated_date,r2_0.pdf_path,r2_0.request_idr,r2_0.request_title,r2_0.request_type,r2_0.sent_date,r2_0.statistics_data,r2_0.status,r2_0.total_contacts,r1_0.request_type,r1_0.status,r1_0.title,r1_0.updated_at,u1_0.id_user,u1_0.email,u1_0.enabled,u1_0.full_name,u1_0.role,u1_0.username from request r1_0 left join user a1_0 on a1_0.id_user=r1_0.agent_id left join report r2_0 on r2_0.id=r1_0.report_id left join user u1_0 on u1_0.id_user=r1_0.user_id where r1_0.idr=? 
 Hibernate: select r1_0.idr,a1_0.id_user,a1_0.email,a1_0.enabled,a1_0.full_name,a1_0.role,a1_0.username,r1_0.attachment_path,r1_0.category_request,r1_0.created_at,r1_0.deadline,r1_0.description,r1_0.note,r1_0.priority,r2_0.id,r2_0.ai_generated_date,r2_0.ai_insights_data,r2_0.approved_date,r2_0.contact_rate,r2_0.contacted_contacts,r2_0.generated_date,r2_0.pdf_path,r2_0.request_idr,r2_0.request_title,r2_0.request_type,r2_0.sent_date,r2_0.statistics_data,r2_0.status,r2_0.total_contacts,r1_0.request_type,r1_0.status,r1_0.title,r1_0.updated_at,u1_0.id_user,u1_0.email,u1_0.enabled,u1_0.full_name,u1_0.role,u1_0.username from request r1_0 left join user a1_0 on a1_0.id_user=r1_0.agent_id left join report r2_0 on r2_0.id=r1_0.report_id left join user u1_0 on u1_0.id_user=r1_0.user_id where r1_0.idr=?
2026-04-15 15:56:17,176 {yyyy-MM-dd HH:mm:ss} - DEBUG - org.hibernate.SQL - select s1_0.id,s1_0.contact_id,s1_0.request_idr,s1_0.submission_date from submission s1_0 where s1_0.request_idr=? 
 Hibernate: select s1_0.id,s1_0.contact_id,s1_0.request_idr,s1_0.submission_date from submission s1_0 where s1_0.request_idr=?
2026-04-15 15:56:17,205 {yyyy-MM-dd HH:mm:ss} - DEBUG - org.hibernate.SQL - select r1_0.submission_id,r1_0.id,r1_0.answer,r1_0.boolean_answer,r1_0.date_answer,r1_0.number_answer,q1_0.id,q1_0.question_type,q1_0.text,r1_0.time_answer from response r1_0 left join question q1_0 on q1_0.id=r1_0.question_id where r1_0.submission_id=? order by r1_0.id 
 Hibernate: select r1_0.submission_id,r1_0.id,r1_0.answer,r1_0.boolean_answer,r1_0.date_answer,r1_0.number_answer,q1_0.id,q1_0.question_type,q1_0.text,r1_0.time_answer from response r1_0 left join question q1_0 on q1_0.id=r1_0.question_id where r1_0.submission_id=? order by r1_0.id
2026-04-15 15:56:17,238 {yyyy-MM-dd HH:mm:ss} - DEBUG - org.hibernate.SQL - select q1_0.request_idr,q1_1.id,q1_1.question_type,q1_1.text from request_questions q1_0 join question q1_1 on q1_1.id=q1_0.question_id where q1_0.request_idr=? order by q1_0.question_id 
 Hibernate: select q1_0.request_idr,q1_1.id,q1_1.question_type,q1_1.text from request_questions q1_0 join question q1_1 on q1_1.id=q1_0.question_id where q1_0.request_idr=? order by q1_0.question_id
2026-04-15 15:56:17,314 {yyyy-MM-dd HH:mm:ss} - DEBUG - org.hibernate.SQL - select ma1_0.response_id,ma1_0.multi_answer from response_multi_answer ma1_0 where ma1_0.response_id=? 
 Hibernate: select ma1_0.response_id,ma1_0.multi_answer from response_multi_answer ma1_0 where ma1_0.response_id=?
2026-04-15 15:56:17,347 {yyyy-MM-dd HH:mm:ss} - DEBUG - org.hibernate.SQL - select r1_0.id,r1_0.ai_generated_date,r1_0.ai_insights_data,r1_0.approved_date,r1_0.contact_rate,r1_0.contacted_contacts,r1_0.generated_date,r1_0.pdf_path,r1_0.request_idr,r1_0.request_title,r1_0.request_type,r1_0.sent_date,r1_0.statistics_data,r1_0.status,r1_0.total_contacts from report r1_0 where r1_0.request_idr=? 
 Hibernate: select r1_0.id,r1_0.ai_generated_date,r1_0.ai_insights_data,r1_0.approved_date,r1_0.contact_rate,r1_0.contacted_contacts,r1_0.generated_date,r1_0.pdf_path,r1_0.request_idr,r1_0.request_title,r1_0.request_type,r1_0.sent_date,r1_0.statistics_data,r1_0.status,r1_0.total_contacts from report r1_0 where r1_0.request_idr=?
2026-04-15 15:56:17,414 {yyyy-MM-dd HH:mm:ss} - DEBUG - org.hibernate.SQL - insert into report (ai_generated_date,ai_insights_data,approved_date,contact_rate,contacted_contacts,generated_date,pdf_path,request_idr,request_title,request_type,sent_date,statistics_data,status,total_contacts) values (?,?,?,?,?,?,?,?,?,?,?,?,?,?) 
 Hibernate: insert into report (ai_generated_date,ai_insights_data,approved_date,contact_rate,contacted_contacts,generated_date,pdf_path,request_idr,request_title,request_type,sent_date,statistics_data,status,total_contacts) values (?,?,?,?,?,?,?,?,?,?,?,?,?,?)
2026-04-15 15:56:18,355 {yyyy-MM-dd HH:mm:ss} - INFO - com.example.callcenter.Service.OpenAiService - OpenAI disabled, generating rule-based insights for report 3 
 2026-04-15 15:56:18,373 {yyyy-MM-dd HH:mm:ss} - INFO - com.example.callcenter.Service.ReportService - AI insights generated for report 3 
 2026-04-15 15:56:24,467 {yyyy-MM-dd HH:mm:ss} - DEBUG - org.hibernate.SQL - select r1_0.id,r1_0.ai_generated_date,r1_0.ai_insights_data,r1_0.approved_date,r1_0.contact_rate,r1_0.contacted_contacts,r1_0.generated_date,r1_0.pdf_path,r1_0.request_idr,r1_0.request_title,r1_0.request_type,r1_0.sent_date,r1_0.statistics_data,r1_0.status,r1_0.total_contacts from report r1_0 
 Hibernate: select r1_0.id,r1_0.ai_generated_date,r1_0.ai_insights_data,r1_0.approved_date,r1_0.contact_rate,r1_0.contacted_contacts,r1_0.generated_date,r1_0.pdf_path,r1_0.request_idr,r1_0.request_title,r1_0.request_type,r1_0.sent_date,r1_0.statistics_data,r1_0.status,r1_0.total_contacts from report r1_0
2026-04-15 15:56:24,817 {yyyy-MM-dd HH:mm:ss} - DEBUG - org.hibernate.SQL - select r1_0.idr,a1_0.id_user,a1_0.email,a1_0.enabled,a1_0.full_name,a1_0.role,a1_0.username,r1_0.attachment_path,r1_0.category_request,r1_0.created_at,r1_0.deadline,r1_0.description,r1_0.note,r1_0.priority,r2_0.id,r2_0.ai_generated_date,r2_0.ai_insights_data,r2_0.approved_date,r2_0.contact_rate,r2_0.contacted_contacts,r2_0.generated_date,r2_0.pdf_path,r2_0.request_idr,r2_0.request_title,r2_0.request_type,r2_0.sent_date,r2_0.statistics_data,r2_0.status,r2_0.total_contacts,r1_0.request_type,r1_0.status,r1_0.title,r1_0.updated_at,u1_0.id_user,u1_0.email,u1_0.enabled,u1_0.full_name,u1_0.role,u1_0.username from request r1_0 left join user a1_0 on a1_0.id_user=r1_0.agent_id left join report r2_0 on r2_0.id=r1_0.report_id left join user u1_0 on u1_0.id_user=r1_0.user_id where r1_0.idr in (?,?,?,?,?,?,?,?,?,?,?,?,?,?,?,?,?,?,?,?,?,?,?,?,?,?,?,?,?,?) 
 Hibernate: select r1_0.idr,a1_0.id_user,a1_0.email,a1_0.enabled,a1_0.full_name,a1_0.role,a1_0.username,r1_0.attachment_path,r1_0.category_request,r1_0.created_at,r1_0.deadline,r1_0.description,r1_0.note,r1_0.priority,r2_0.id,r2_0.ai_generated_date,r2_0.ai_insights_data,r2_0.approved_date,r2_0.contact_rate,r2_0.contacted_contacts,r2_0.generated_date,r2_0.pdf_path,r2_0.request_idr,r2_0.request_title,r2_0.request_type,r2_0.sent_date,r2_0.statistics_data,r2_0.status,r2_0.total_contacts,r1_0.request_type,r1_0.status,r1_0.title,r1_0.updated_at,u1_0.id_user,u1_0.email,u1_0.enabled,u1_0.full_name,u1_0.role,u1_0.username from request r1_0 left join user a1_0 on a1_0.id_user=r1_0.agent_id left join report r2_0 on r2_0.id=r1_0.report_id left join user u1_0 on u1_0.id_user=r1_0.user_id where r1_0.idr in (?,?,?,?,?,?,?,?,?,?,?,?,?,?,?,?,?,?,?,?,?,?,?,?,?,?,?,?,?,?)
2026-04-15 15:56:58,211 {yyyy-MM-dd HH:mm:ss} - INFO - c.e.callcenter.Service.NotificationService - === SCHEDULED METHOD RUNNING: checkUpcomingCallbacks === 
 2026-04-15 15:56:58,211 {yyyy-MM-dd HH:mm:ss} - INFO - c.e.callcenter.Service.NotificationService - Calling contact-service for upcoming callbacks... 
 Feign: impossible d'obtenir le token Keycloak : 401 Unauthorized: [no body]
2026-04-15 15:56:58,940 {yyyy-MM-dd HH:mm:ss} - INFO - c.e.callcenter.Service.NotificationService - Received 0 upcoming callbacks 
 2026-04-15 15:56:58,940 {yyyy-MM-dd HH:mm:ss} - INFO - c.e.callcenter.Service.NotificationService - No upcoming callbacks found 
 2026-04-15 15:57:58,950 {yyyy-MM-dd HH:mm:ss} - INFO - c.e.callcenter.Service.NotificationService - === SCHEDULED METHOD RUNNING: checkUpcomingCallbacks === 
 2026-04-15 15:57:58,950 {yyyy-MM-dd HH:mm:ss} - INFO - c.e.callcenter.Service.NotificationService - Calling contact-service for upcoming callbacks... 
 Feign: impossible d'obtenir le token Keycloak : 401 Unauthorized: [no body]
2026-04-15 15:57:59,384 {yyyy-MM-dd HH:mm:ss} - INFO - c.e.callcenter.Service.NotificationService - Received 0 upcoming callbacks 
 2026-04-15 15:57:59,399 {yyyy-MM-dd HH:mm:ss} - INFO - c.e.callcenter.Service.NotificationService - No upcoming callbacks found 
 2026-04-15 15:58:56,696 {yyyy-MM-dd HH:mm:ss} - INFO - c.n.d.s.resolver.aws.ConfigClusterResolver - Resolving eureka endpoints via configuration 
 2026-04-15 15:58:57,407 {yyyy-MM-dd HH:mm:ss} - INFO - c.e.callcenter.Service.NotificationService - === SCHEDULED METHOD RUNNING: checkUpcomingCallbacks === 
 2026-04-15 15:58:57,407 {yyyy-MM-dd HH:mm:ss} - INFO - c.e.callcenter.Service.NotificationService - Calling contact-service for upcoming callbacks... 
 2026-04-15 15:58:57,432 {yyyy-MM-dd HH:mm:ss} - INFO - c.e.callcenter.Service.NotificationService - Checking for due callbacks... 
 Feign: impossible d'obtenir le token Keycloak : 401 Unauthorized: [no body]
Feign: impossible d'obtenir le token Keycloak : 401 Unauthorized: [no body]
2026-04-15 15:58:57,657 {yyyy-MM-dd HH:mm:ss} - INFO - c.e.callcenter.Service.NotificationService - Received 0 upcoming callbacks 
 2026-04-15 15:58:57,658 {yyyy-MM-dd HH:mm:ss} - INFO - c.e.callcenter.Service.NotificationService - No upcoming callbacks found 
 2026-04-15 16:00:00,693 {yyyy-MM-dd HH:mm:ss} - INFO - c.e.callcenter.Service.NotificationService - === SCHEDULED METHOD RUNNING: checkUpcomingCallbacks === 
 2026-04-15 16:00:00,693 {yyyy-MM-dd HH:mm:ss} - INFO - c.e.callcenter.Service.NotificationService - Calling contact-service for upcoming callbacks... 
 Feign: impossible d'obtenir le token Keycloak : 401 Unauthorized: [no body]
2026-04-15 16:00:01,132 {yyyy-MM-dd HH:mm:ss} - INFO - c.e.callcenter.Service.NotificationService - Received 0 upcoming callbacks 
 2026-04-15 16:00:01,132 {yyyy-MM-dd HH:mm:ss} - INFO - c.e.callcenter.Service.NotificationService - No upcoming callbacks found 
 2026-04-15 16:00:57,907 {yyyy-MM-dd HH:mm:ss} - INFO - c.e.callcenter.Service.NotificationService - === SCHEDULED METHOD RUNNING: checkUpcomingCallbacks === 
 2026-04-15 16:00:57,907 {yyyy-MM-dd HH:mm:ss} - INFO - c.e.callcenter.Service.NotificationService - Calling contact-service for upcoming callbacks... 
 Feign: impossible d'obtenir le token Keycloak : 401 Unauthorized: [no body]
2026-04-15 16:00:58,457 {yyyy-MM-dd HH:mm:ss} - INFO - c.e.callcenter.Service.NotificationService - Received 0 upcoming callbacks 
 2026-04-15 16:00:58,457 {yyyy-MM-dd HH:mm:ss} - INFO - c.e.callcenter.Service.NotificationService - No upcoming callbacks found 
 2026-04-15 16:02:05,369 {yyyy-MM-dd HH:mm:ss} - WARN - com.zaxxer.hikari.pool.PoolBase - HikariPool-1 - Failed to validate connection com.mysql.cj.jdbc.ConnectionImpl@71ce19ee (No operations allowed after connection closed.). Possibly consider using a shorter maxLifetime value. 
 2026-04-15 16:02:09,772 {yyyy-MM-dd HH:mm:ss} - INFO - c.e.callcenter.Service.NotificationService - === SCHEDULED METHOD RUNNING: checkUpcomingCallbacks === 
 2026-04-15 16:02:09,772 {yyyy-MM-dd HH:mm:ss} - INFO - c.e.callcenter.Service.NotificationService - Calling contact-service for upcoming callbacks... 
 Feign: impossible d'obtenir le token Keycloak : 401 Unauthorized: [no body]
2026-04-15 16:02:10,967 {yyyy-MM-dd HH:mm:ss} - INFO - c.e.callcenter.Service.NotificationService - Received 0 upcoming callbacks 
 2026-04-15 16:02:10,968 {yyyy-MM-dd HH:mm:ss} - INFO - c.e.callcenter.Service.NotificationService - No upcoming callbacks found 
 2026-04-15 16:02:57,383 {yyyy-MM-dd HH:mm:ss} - INFO - c.e.callcenter.Service.NotificationService - === SCHEDULED METHOD RUNNING: checkUpcomingCallbacks === 
 2026-04-15 16:02:57,383 {yyyy-MM-dd HH:mm:ss} - INFO - c.e.callcenter.Service.NotificationService - Calling contact-service for upcoming callbacks... 
 Feign: impossible d'obtenir le token Keycloak : 401 Unauthorized: [no body]
2026-04-15 16:02:57,772 {yyyy-MM-dd HH:mm:ss} - INFO - c.e.callcenter.Service.NotificationService - Received 0 upcoming callbacks 
 2026-04-15 16:02:57,772 {yyyy-MM-dd HH:mm:ss} - INFO - c.e.callcenter.Service.NotificationService - No upcoming callbacks found 
 2026-04-15 16:03:56,710 {yyyy-MM-dd HH:mm:ss} - INFO - c.n.d.s.resolver.aws.ConfigClusterResolver - Resolving eureka endpoints via configuration 
 2026-04-15 16:03:58,411 {yyyy-MM-dd HH:mm:ss} - INFO - c.e.callcenter.Service.NotificationService - === SCHEDULED METHOD RUNNING: checkUpcomingCallbacks === 
 2026-04-15 16:03:58,411 {yyyy-MM-dd HH:mm:ss} - INFO - c.e.callcenter.Service.NotificationService - Calling contact-service for upcoming callbacks... 
 2026-04-15 16:03:58,414 {yyyy-MM-dd HH:mm:ss} - INFO - c.e.callcenter.Service.NotificationService - Checking for due callbacks... 
 Feign: impossible d'obtenir le token Keycloak : 401 Unauthorized: [no body]
Feign: impossible d'obtenir le token Keycloak : 401 Unauthorized: [no body]
2026-04-15 16:03:58,743 {yyyy-MM-dd HH:mm:ss} - INFO - c.e.callcenter.Service.NotificationService - Received 0 upcoming callbacks 
 2026-04-15 16:03:58,743 {yyyy-MM-dd HH:mm:ss} - INFO - c.e.callcenter.Service.NotificationService - No upcoming callbacks found 
 2026-04-15 16:04:57,531 {yyyy-MM-dd HH:mm:ss} - INFO - c.e.callcenter.Service.NotificationService - === SCHEDULED METHOD RUNNING: checkUpcomingCallbacks === 
 2026-04-15 16:04:57,531 {yyyy-MM-dd HH:mm:ss} - INFO - c.e.callcenter.Service.NotificationService - Calling contact-service for upcoming callbacks... 
 Feign: impossible d'obtenir le token Keycloak : 401 Unauthorized: [no body]
2026-04-15 16:04:58,776 {yyyy-MM-dd HH:mm:ss} - INFO - c.e.callcenter.Service.NotificationService - Received 0 upcoming callbacks 
 2026-04-15 16:04:58,777 {yyyy-MM-dd HH:mm:ss} - INFO - c.e.callcenter.Service.NotificationService - No upcoming callbacks found 
 2026-04-15 16:05:57,463 {yyyy-MM-dd HH:mm:ss} - INFO - c.e.callcenter.Service.NotificationService - === SCHEDULED METHOD RUNNING: checkUpcomingCallbacks === 
 2026-04-15 16:05:57,464 {yyyy-MM-dd HH:mm:ss} - INFO - c.e.callcenter.Service.NotificationService - Calling contact-service for upcoming callbacks... 
 Feign: impossible d'obtenir le token Keycloak : 401 Unauthorized: [no body]
2026-04-15 16:05:57,813 {yyyy-MM-dd HH:mm:ss} - INFO - c.e.callcenter.Service.NotificationService - Received 0 upcoming callbacks 
 2026-04-15 16:05:57,813 {yyyy-MM-dd HH:mm:ss} - INFO - c.e.callcenter.Service.NotificationService - No upcoming callbacks found 
 2026-04-15 16:06:35,561 {yyyy-MM-dd HH:mm:ss} - DEBUG - org.hibernate.SQL - select u1_0.id_user,u1_0.email,u1_0.enabled,u1_0.full_name,u1_0.role,u1_0.username from user u1_0 where u1_0.username=? 
 Hibernate: select u1_0.id_user,u1_0.email,u1_0.enabled,u1_0.full_name,u1_0.role,u1_0.username from user u1_0 where u1_0.username=?
2026-04-15 16:06:38,502 {yyyy-MM-dd HH:mm:ss} - DEBUG - org.hibernate.SQL - select r1_0.idr,a1_0.id_user,a1_0.email,a1_0.enabled,a1_0.full_name,a1_0.role,a1_0.username,r1_0.attachment_path,r1_0.category_request,r1_0.created_at,r1_0.deadline,r1_0.description,r1_0.note,r1_0.priority,r2_0.id,r2_0.ai_generated_date,r2_0.ai_insights_data,r2_0.approved_date,r2_0.contact_rate,r2_0.contacted_contacts,r2_0.generated_date,r2_0.pdf_path,r2_0.request_idr,r2_0.request_title,r2_0.request_type,r2_0.sent_date,r2_0.statistics_data,r2_0.status,r2_0.total_contacts,r1_0.request_type,r1_0.status,r1_0.title,r1_0.updated_at,u1_0.id_user,u1_0.email,u1_0.enabled,u1_0.full_name,u1_0.role,u1_0.username from request r1_0 left join user a1_0 on a1_0.id_user=r1_0.agent_id left join report r2_0 on r2_0.id=r1_0.report_id left join user u1_0 on u1_0.id_user=r1_0.user_id 
 Hibernate: select r1_0.idr,a1_0.id_user,a1_0.email,a1_0.enabled,a1_0.full_name,a1_0.role,a1_0.username,r1_0.attachment_path,r1_0.category_request,r1_0.created_at,r1_0.deadline,r1_0.description,r1_0.note,r1_0.priority,r2_0.id,r2_0.ai_generated_date,r2_0.ai_insights_data,r2_0.approved_date,r2_0.contact_rate,r2_0.contacted_contacts,r2_0.generated_date,r2_0.pdf_path,r2_0.request_idr,r2_0.request_title,r2_0.request_type,r2_0.sent_date,r2_0.statistics_data,r2_0.status,r2_0.total_contacts,r1_0.request_type,r1_0.status,r1_0.title,r1_0.updated_at,u1_0.id_user,u1_0.email,u1_0.enabled,u1_0.full_name,u1_0.role,u1_0.username from request r1_0 left join user a1_0 on a1_0.id_user=r1_0.agent_id left join report r2_0 on r2_0.id=r1_0.report_id left join user u1_0 on u1_0.id_user=r1_0.user_id
2026-04-15 16:06:43,207 {yyyy-MM-dd HH:mm:ss} - DEBUG - org.hibernate.SQL - select n1_0.id,n1_0.agent_id_user,n1_0.is_read,n1_0.message,n1_0.timestamp,n1_0.type from notification n1_0 left join user a1_0 on a1_0.id_user=n1_0.agent_id_user where a1_0.id_user=? order by n1_0.timestamp desc 
 Hibernate: select n1_0.id,n1_0.agent_id_user,n1_0.is_read,n1_0.message,n1_0.timestamp,n1_0.type from notification n1_0 left join user a1_0 on a1_0.id_user=n1_0.agent_id_user where a1_0.id_user=? order by n1_0.timestamp desc
2026-04-15 16:06:56,072 {yyyy-MM-dd HH:mm:ss} - DEBUG - org.hibernate.SQL - select u1_0.id_user,u1_0.email,u1_0.enabled,u1_0.full_name,u1_0.role,u1_0.username from user u1_0 where u1_0.role='AGENT' 
 Hibernate: select u1_0.id_user,u1_0.email,u1_0.enabled,u1_0.full_name,u1_0.role,u1_0.username from user u1_0 where u1_0.role='AGENT'
2026-04-15 16:06:58,522 {yyyy-MM-dd HH:mm:ss} - INFO - c.e.callcenter.Service.NotificationService - === SCHEDULED METHOD RUNNING: checkUpcomingCallbacks === 
 2026-04-15 16:06:58,522 {yyyy-MM-dd HH:mm:ss} - INFO - c.e.callcenter.Service.NotificationService - Calling contact-service for upcoming callbacks... 
 2026-04-15 16:06:58,533 {yyyy-MM-dd HH:mm:ss} - DEBUG - org.hibernate.SQL - select r1_0.id,r1_0.ai_generated_date,r1_0.ai_insights_data,r1_0.approved_date,r1_0.contact_rate,r1_0.contacted_contacts,r1_0.generated_date,r1_0.pdf_path,r1_0.request_idr,r1_0.request_title,r1_0.request_type,r1_0.sent_date,r1_0.statistics_data,r1_0.status,r1_0.total_contacts from report r1_0 
 Hibernate: select r1_0.id,r1_0.ai_generated_date,r1_0.ai_insights_data,r1_0.approved_date,r1_0.contact_rate,r1_0.contacted_contacts,r1_0.generated_date,r1_0.pdf_path,r1_0.request_idr,r1_0.request_title,r1_0.request_type,r1_0.sent_date,r1_0.statistics_data,r1_0.status,r1_0.total_contacts from report r1_0
Feign: impossible d'obtenir le token Keycloak : 401 Unauthorized: [no body]
2026-04-15 16:06:58,863 {yyyy-MM-dd HH:mm:ss} - INFO - c.e.callcenter.Service.NotificationService - Received 0 upcoming callbacks 
 2026-04-15 16:06:58,864 {yyyy-MM-dd HH:mm:ss} - INFO - c.e.callcenter.Service.NotificationService - No upcoming callbacks found 
 2026-04-15 16:06:58,935 {yyyy-MM-dd HH:mm:ss} - DEBUG - org.hibernate.SQL - select rcs1_0.id,rcs1_0.call_note,rcs1_0.contact_id,rcs1_0.created_at,rcs1_0.last_call_attempt,rcs1_0.request_id,rcs1_0.status,rcs1_0.updated_at from request_contact_status rcs1_0 
 Hibernate: select rcs1_0.id,rcs1_0.call_note,rcs1_0.contact_id,rcs1_0.created_at,rcs1_0.last_call_attempt,rcs1_0.request_id,rcs1_0.status,rcs1_0.updated_at from request_contact_status rcs1_0
2026-04-15 16:06:59,269 {yyyy-MM-dd HH:mm:ss} - DEBUG - org.hibernate.SQL - SELECT * FROM logs ORDER BY timestamp DESC LIMIT ? 
 Hibernate: SELECT * FROM logs ORDER BY timestamp DESC LIMIT ?
2026-04-15 16:07:08,344 {yyyy-MM-dd HH:mm:ss} - DEBUG - org.hibernate.SQL - select r1_0.idr,a1_0.id_user,a1_0.email,a1_0.enabled,a1_0.full_name,a1_0.role,a1_0.username,r1_0.attachment_path,r1_0.category_request,r1_0.created_at,r1_0.deadline,r1_0.description,r1_0.note,r1_0.priority,r2_0.id,r2_0.ai_generated_date,r2_0.ai_insights_data,r2_0.approved_date,r2_0.contact_rate,r2_0.contacted_contacts,r2_0.generated_date,r2_0.pdf_path,r2_0.request_idr,r2_0.request_title,r2_0.request_type,r2_0.sent_date,r2_0.statistics_data,r2_0.status,r2_0.total_contacts,r1_0.request_type,r1_0.status,r1_0.title,r1_0.updated_at,u1_0.id_user,u1_0.email,u1_0.enabled,u1_0.full_name,u1_0.role,u1_0.username from request r1_0 left join user a1_0 on a1_0.id_user=r1_0.agent_id left join report r2_0 on r2_0.id=r1_0.report_id left join user u1_0 on u1_0.id_user=r1_0.user_id 
 Hibernate: select r1_0.idr,a1_0.id_user,a1_0.email,a1_0.enabled,a1_0.full_name,a1_0.role,a1_0.username,r1_0.attachment_path,r1_0.category_request,r1_0.created_at,r1_0.deadline,r1_0.description,r1_0.note,r1_0.priority,r2_0.id,r2_0.ai_generated_date,r2_0.ai_insights_data,r2_0.approved_date,r2_0.contact_rate,r2_0.contacted_contacts,r2_0.generated_date,r2_0.pdf_path,r2_0.request_idr,r2_0.request_title,r2_0.request_type,r2_0.sent_date,r2_0.statistics_data,r2_0.status,r2_0.total_contacts,r1_0.request_type,r1_0.status,r1_0.title,r1_0.updated_at,u1_0.id_user,u1_0.email,u1_0.enabled,u1_0.full_name,u1_0.role,u1_0.username from request r1_0 left join user a1_0 on a1_0.id_user=r1_0.agent_id left join report r2_0 on r2_0.id=r1_0.report_id left join user u1_0 on u1_0.id_user=r1_0.user_id
2026-04-15 16:07:10,418 {yyyy-MM-dd HH:mm:ss} - DEBUG - org.hibernate.SQL - select u1_0.id_user,u1_0.email,u1_0.enabled,u1_0.full_name,u1_0.role,u1_0.username from user u1_0 where u1_0.role='AGENT' 
 Hibernate: select u1_0.id_user,u1_0.email,u1_0.enabled,u1_0.full_name,u1_0.role,u1_0.username from user u1_0 where u1_0.role='AGENT'
2026-04-15 16:07:11,377 {yyyy-MM-dd HH:mm:ss} - DEBUG - org.hibernate.SQL - select r1_0.id,r1_0.ai_generated_date,r1_0.ai_insights_data,r1_0.approved_date,r1_0.contact_rate,r1_0.contacted_contacts,r1_0.generated_date,r1_0.pdf_path,r1_0.request_idr,r1_0.request_title,r1_0.request_type,r1_0.sent_date,r1_0.statistics_data,r1_0.status,r1_0.total_contacts from report r1_0 
 Hibernate: select r1_0.id,r1_0.ai_generated_date,r1_0.ai_insights_data,r1_0.approved_date,r1_0.contact_rate,r1_0.contacted_contacts,r1_0.generated_date,r1_0.pdf_path,r1_0.request_idr,r1_0.request_title,r1_0.request_type,r1_0.sent_date,r1_0.statistics_data,r1_0.status,r1_0.total_contacts from report r1_0
2026-04-15 16:07:12,577 {yyyy-MM-dd HH:mm:ss} - DEBUG - org.hibernate.SQL - select rcs1_0.id,rcs1_0.call_note,rcs1_0.contact_id,rcs1_0.created_at,rcs1_0.last_call_attempt,rcs1_0.request_id,rcs1_0.status,rcs1_0.updated_at from request_contact_status rcs1_0 
 Hibernate: select rcs1_0.id,rcs1_0.call_note,rcs1_0.contact_id,rcs1_0.created_at,rcs1_0.last_call_attempt,rcs1_0.request_id,rcs1_0.status,rcs1_0.updated_at from request_contact_status rcs1_0
2026-04-15 16:07:13,797 {yyyy-MM-dd HH:mm:ss} - DEBUG - org.hibernate.SQL - SELECT * FROM logs ORDER BY timestamp DESC LIMIT ? 
 Hibernate: SELECT * FROM logs ORDER BY timestamp DESC LIMIT ?
2026-04-15 16:07:38,282 {yyyy-MM-dd HH:mm:ss} - DEBUG - org.hibernate.SQL - select r1_0.idr,a1_0.id_user,a1_0.email,a1_0.enabled,a1_0.full_name,a1_0.role,a1_0.username,r1_0.attachment_path,r1_0.category_request,r1_0.created_at,r1_0.deadline,r1_0.description,r1_0.note,r1_0.priority,r2_0.id,r2_0.ai_generated_date,r2_0.ai_insights_data,r2_0.approved_date,r2_0.contact_rate,r2_0.contacted_contacts,r2_0.generated_date,r2_0.pdf_path,r2_0.request_idr,r2_0.request_title,r2_0.request_type,r2_0.sent_date,r2_0.statistics_data,r2_0.status,r2_0.total_contacts,r1_0.request_type,r1_0.status,r1_0.title,r1_0.updated_at,u1_0.id_user,u1_0.email,u1_0.enabled,u1_0.full_name,u1_0.role,u1_0.username from request r1_0 left join user a1_0 on a1_0.id_user=r1_0.agent_id left join report r2_0 on r2_0.id=r1_0.report_id left join user u1_0 on u1_0.id_user=r1_0.user_id 
 Hibernate: select r1_0.idr,a1_0.id_user,a1_0.email,a1_0.enabled,a1_0.full_name,a1_0.role,a1_0.username,r1_0.attachment_path,r1_0.category_request,r1_0.created_at,r1_0.deadline,r1_0.description,r1_0.note,r1_0.priority,r2_0.id,r2_0.ai_generated_date,r2_0.ai_insights_data,r2_0.approved_date,r2_0.contact_rate,r2_0.contacted_contacts,r2_0.generated_date,r2_0.pdf_path,r2_0.request_idr,r2_0.request_title,r2_0.request_type,r2_0.sent_date,r2_0.statistics_data,r2_0.status,r2_0.total_contacts,r1_0.request_type,r1_0.status,r1_0.title,r1_0.updated_at,u1_0.id_user,u1_0.email,u1_0.enabled,u1_0.full_name,u1_0.role,u1_0.username from request r1_0 left join user a1_0 on a1_0.id_user=r1_0.agent_id left join report r2_0 on r2_0.id=r1_0.report_id left join user u1_0 on u1_0.id_user=r1_0.user_id
2026-04-15 16:07:38,567 {yyyy-MM-dd HH:mm:ss} - DEBUG - org.hibernate.SQL - select u1_0.id_user,u1_0.email,u1_0.enabled,u1_0.full_name,u1_0.role,u1_0.username from user u1_0 where u1_0.role='AGENT' 
 Hibernate: select u1_0.id_user,u1_0.email,u1_0.enabled,u1_0.full_name,u1_0.role,u1_0.username from user u1_0 where u1_0.role='AGENT'
2026-04-15 16:07:38,729 {yyyy-MM-dd HH:mm:ss} - DEBUG - org.hibernate.SQL - select r1_0.id,r1_0.ai_generated_date,r1_0.ai_insights_data,r1_0.approved_date,r1_0.contact_rate,r1_0.contacted_contacts,r1_0.generated_date,r1_0.pdf_path,r1_0.request_idr,r1_0.request_title,r1_0.request_type,r1_0.sent_date,r1_0.statistics_data,r1_0.status,r1_0.total_contacts from report r1_0 
 Hibernate: select r1_0.id,r1_0.ai_generated_date,r1_0.ai_insights_data,r1_0.approved_date,r1_0.contact_rate,r1_0.contacted_contacts,r1_0.generated_date,r1_0.pdf_path,r1_0.request_idr,r1_0.request_title,r1_0.request_type,r1_0.sent_date,r1_0.statistics_data,r1_0.status,r1_0.total_contacts from report r1_0
2026-04-15 16:07:39,059 {yyyy-MM-dd HH:mm:ss} - DEBUG - org.hibernate.SQL - select rcs1_0.id,rcs1_0.call_note,rcs1_0.contact_id,rcs1_0.created_at,rcs1_0.last_call_attempt,rcs1_0.request_id,rcs1_0.status,rcs1_0.updated_at from request_contact_status rcs1_0 
 Hibernate: select rcs1_0.id,rcs1_0.call_note,rcs1_0.contact_id,rcs1_0.created_at,rcs1_0.last_call_attempt,rcs1_0.request_id,rcs1_0.status,rcs1_0.updated_at from request_contact_status rcs1_0
2026-04-15 16:07:39,522 {yyyy-MM-dd HH:mm:ss} - DEBUG - org.hibernate.SQL - SELECT * FROM logs ORDER BY timestamp DESC LIMIT ? 
 Hibernate: SELECT * FROM logs ORDER BY timestamp DESC LIMIT ?
2026-04-15 16:07:57,757 {yyyy-MM-dd HH:mm:ss} - INFO - c.e.callcenter.Service.NotificationService - === SCHEDULED METHOD RUNNING: checkUpcomingCallbacks === 
 2026-04-15 16:07:57,757 {yyyy-MM-dd HH:mm:ss} - INFO - c.e.callcenter.Service.NotificationService - Calling contact-service for upcoming callbacks... 
 Feign: impossible d'obtenir le token Keycloak : 401 Unauthorized: [no body]
2026-04-15 16:07:58,044 {yyyy-MM-dd HH:mm:ss} - INFO - c.e.callcenter.Service.NotificationService - Received 0 upcoming callbacks 
 2026-04-15 16:07:58,044 {yyyy-MM-dd HH:mm:ss} - INFO - c.e.callcenter.Service.NotificationService - No upcoming callbacks found 
 2026-04-15 16:08:08,323 {yyyy-MM-dd HH:mm:ss} - DEBUG - org.hibernate.SQL - select r1_0.idr,a1_0.id_user,a1_0.email,a1_0.enabled,a1_0.full_name,a1_0.role,a1_0.username,r1_0.attachment_path,r1_0.category_request,r1_0.created_at,r1_0.deadline,r1_0.description,r1_0.note,r1_0.priority,r2_0.id,r2_0.ai_generated_date,r2_0.ai_insights_data,r2_0.approved_date,r2_0.contact_rate,r2_0.contacted_contacts,r2_0.generated_date,r2_0.pdf_path,r2_0.request_idr,r2_0.request_title,r2_0.request_type,r2_0.sent_date,r2_0.statistics_data,r2_0.status,r2_0.total_contacts,r1_0.request_type,r1_0.status,r1_0.title,r1_0.updated_at,u1_0.id_user,u1_0.email,u1_0.enabled,u1_0.full_name,u1_0.role,u1_0.username from request r1_0 left join user a1_0 on a1_0.id_user=r1_0.agent_id left join report r2_0 on r2_0.id=r1_0.report_id left join user u1_0 on u1_0.id_user=r1_0.user_id 
 Hibernate: select r1_0.idr,a1_0.id_user,a1_0.email,a1_0.enabled,a1_0.full_name,a1_0.role,a1_0.username,r1_0.attachment_path,r1_0.category_request,r1_0.created_at,r1_0.deadline,r1_0.description,r1_0.note,r1_0.priority,r2_0.id,r2_0.ai_generated_date,r2_0.ai_insights_data,r2_0.approved_date,r2_0.contact_rate,r2_0.contacted_contacts,r2_0.generated_date,r2_0.pdf_path,r2_0.request_idr,r2_0.request_title,r2_0.request_type,r2_0.sent_date,r2_0.statistics_data,r2_0.status,r2_0.total_contacts,r1_0.request_type,r1_0.status,r1_0.title,r1_0.updated_at,u1_0.id_user,u1_0.email,u1_0.enabled,u1_0.full_name,u1_0.role,u1_0.username from request r1_0 left join user a1_0 on a1_0.id_user=r1_0.agent_id left join report r2_0 on r2_0.id=r1_0.report_id left join user u1_0 on u1_0.id_user=r1_0.user_id
2026-04-15 16:08:08,777 {yyyy-MM-dd HH:mm:ss} - DEBUG - org.hibernate.SQL - select u1_0.id_user,u1_0.email,u1_0.enabled,u1_0.full_name,u1_0.role,u1_0.username from user u1_0 where u1_0.role='AGENT' 
 Hibernate: select u1_0.id_user,u1_0.email,u1_0.enabled,u1_0.full_name,u1_0.role,u1_0.username from user u1_0 where u1_0.role='AGENT'
2026-04-15 16:08:09,035 {yyyy-MM-dd HH:mm:ss} - DEBUG - org.hibernate.SQL - select r1_0.id,r1_0.ai_generated_date,r1_0.ai_insights_data,r1_0.approved_date,r1_0.contact_rate,r1_0.contacted_contacts,r1_0.generated_date,r1_0.pdf_path,r1_0.request_idr,r1_0.request_title,r1_0.request_type,r1_0.sent_date,r1_0.statistics_data,r1_0.status,r1_0.total_contacts from report r1_0 
 Hibernate: select r1_0.id,r1_0.ai_generated_date,r1_0.ai_insights_data,r1_0.approved_date,r1_0.contact_rate,r1_0.contacted_contacts,r1_0.generated_date,r1_0.pdf_path,r1_0.request_idr,r1_0.request_title,r1_0.request_type,r1_0.sent_date,r1_0.statistics_data,r1_0.status,r1_0.total_contacts from report r1_0
2026-04-15 16:08:09,725 {yyyy-MM-dd HH:mm:ss} - DEBUG - org.hibernate.SQL - select rcs1_0.id,rcs1_0.call_note,rcs1_0.contact_id,rcs1_0.created_at,rcs1_0.last_call_attempt,rcs1_0.request_id,rcs1_0.status,rcs1_0.updated_at from request_contact_status rcs1_0 
 Hibernate: select rcs1_0.id,rcs1_0.call_note,rcs1_0.contact_id,rcs1_0.created_at,rcs1_0.last_call_attempt,rcs1_0.request_id,rcs1_0.status,rcs1_0.updated_at from request_contact_status rcs1_0
2026-04-15 16:08:10,102 {yyyy-MM-dd HH:mm:ss} - DEBUG - org.hibernate.SQL - SELECT * FROM logs ORDER BY timestamp DESC LIMIT ? 
 Hibernate: SELECT * FROM logs ORDER BY timestamp DESC LIMIT ?
2026-04-15 16:08:38,290 {yyyy-MM-dd HH:mm:ss} - DEBUG - org.hibernate.SQL - select r1_0.idr,a1_0.id_user,a1_0.email,a1_0.enabled,a1_0.full_name,a1_0.role,a1_0.username,r1_0.attachment_path,r1_0.category_request,r1_0.created_at,r1_0.deadline,r1_0.description,r1_0.note,r1_0.priority,r2_0.id,r2_0.ai_generated_date,r2_0.ai_insights_data,r2_0.approved_date,r2_0.contact_rate,r2_0.contacted_contacts,r2_0.generated_date,r2_0.pdf_path,r2_0.request_idr,r2_0.request_title,r2_0.request_type,r2_0.sent_date,r2_0.statistics_data,r2_0.status,r2_0.total_contacts,r1_0.request_type,r1_0.status,r1_0.title,r1_0.updated_at,u1_0.id_user,u1_0.email,u1_0.enabled,u1_0.full_name,u1_0.role,u1_0.username from request r1_0 left join user a1_0 on a1_0.id_user=r1_0.agent_id left join report r2_0 on r2_0.id=r1_0.report_id left join user u1_0 on u1_0.id_user=r1_0.user_id 
 Hibernate: select r1_0.idr,a1_0.id_user,a1_0.email,a1_0.enabled,a1_0.full_name,a1_0.role,a1_0.username,r1_0.attachment_path,r1_0.category_request,r1_0.created_at,r1_0.deadline,r1_0.description,r1_0.note,r1_0.priority,r2_0.id,r2_0.ai_generated_date,r2_0.ai_insights_data,r2_0.approved_date,r2_0.contact_rate,r2_0.contacted_contacts,r2_0.generated_date,r2_0.pdf_path,r2_0.request_idr,r2_0.request_title,r2_0.request_type,r2_0.sent_date,r2_0.statistics_data,r2_0.status,r2_0.total_contacts,r1_0.request_type,r1_0.status,r1_0.title,r1_0.updated_at,u1_0.id_user,u1_0.email,u1_0.enabled,u1_0.full_name,u1_0.role,u1_0.username from request r1_0 left join user a1_0 on a1_0.id_user=r1_0.agent_id left join report r2_0 on r2_0.id=r1_0.report_id left join user u1_0 on u1_0.id_user=r1_0.user_id
2026-04-15 16:08:38,425 {yyyy-MM-dd HH:mm:ss} - DEBUG - org.hibernate.SQL - select u1_0.id_user,u1_0.email,u1_0.enabled,u1_0.full_name,u1_0.role,u1_0.username from user u1_0 where u1_0.role='AGENT' 
 Hibernate: select u1_0.id_user,u1_0.email,u1_0.enabled,u1_0.full_name,u1_0.role,u1_0.username from user u1_0 where u1_0.role='AGENT'
2026-04-15 16:08:38,608 {yyyy-MM-dd HH:mm:ss} - DEBUG - org.hibernate.SQL - select r1_0.id,r1_0.ai_generated_date,r1_0.ai_insights_data,r1_0.approved_date,r1_0.contact_rate,r1_0.contacted_contacts,r1_0.generated_date,r1_0.pdf_path,r1_0.request_idr,r1_0.request_title,r1_0.request_type,r1_0.sent_date,r1_0.statistics_data,r1_0.status,r1_0.total_contacts from report r1_0 
 Hibernate: select r1_0.id,r1_0.ai_generated_date,r1_0.ai_insights_data,r1_0.approved_date,r1_0.contact_rate,r1_0.contacted_contacts,r1_0.generated_date,r1_0.pdf_path,r1_0.request_idr,r1_0.request_title,r1_0.request_type,r1_0.sent_date,r1_0.statistics_data,r1_0.status,r1_0.total_contacts from report r1_0
2026-04-15 16:08:39,503 {yyyy-MM-dd HH:mm:ss} - DEBUG - org.hibernate.SQL - select rcs1_0.id,rcs1_0.call_note,rcs1_0.contact_id,rcs1_0.created_at,rcs1_0.last_call_attempt,rcs1_0.request_id,rcs1_0.status,rcs1_0.updated_at from request_contact_status rcs1_0 
 Hibernate: select rcs1_0.id,rcs1_0.call_note,rcs1_0.contact_id,rcs1_0.created_at,rcs1_0.last_call_attempt,rcs1_0.request_id,rcs1_0.status,rcs1_0.updated_at from request_contact_status rcs1_0
2026-04-15 16:08:39,964 {yyyy-MM-dd HH:mm:ss} - DEBUG - org.hibernate.SQL - SELECT * FROM logs ORDER BY timestamp DESC LIMIT ? 
 Hibernate: SELECT * FROM logs ORDER BY timestamp DESC LIMIT ?
2026-04-15 16:08:56,720 {yyyy-MM-dd HH:mm:ss} - INFO - c.n.d.s.resolver.aws.ConfigClusterResolver - Resolving eureka endpoints via configuration 
 2026-04-15 16:08:57,547 {yyyy-MM-dd HH:mm:ss} - INFO - c.e.callcenter.Service.NotificationService - === SCHEDULED METHOD RUNNING: checkUpcomingCallbacks === 
 2026-04-15 16:08:57,547 {yyyy-MM-dd HH:mm:ss} - INFO - c.e.callcenter.Service.NotificationService - Calling contact-service for upcoming callbacks... 
 2026-04-15 16:08:57,549 {yyyy-MM-dd HH:mm:ss} - INFO - c.e.callcenter.Service.NotificationService - Checking for due callbacks... 
 Feign: impossible d'obtenir le token Keycloak : 401 Unauthorized: [no body]
Feign: impossible d'obtenir le token Keycloak : 401 Unauthorized: [no body]
2026-04-15 16:08:58,347 {yyyy-MM-dd HH:mm:ss} - INFO - c.e.callcenter.Service.NotificationService - Received 0 upcoming callbacks 
 2026-04-15 16:08:58,347 {yyyy-MM-dd HH:mm:ss} - INFO - c.e.callcenter.Service.NotificationService - No upcoming callbacks found 
 2026-04-15 16:09:08,286 {yyyy-MM-dd HH:mm:ss} - DEBUG - org.hibernate.SQL - select r1_0.idr,a1_0.id_user,a1_0.email,a1_0.enabled,a1_0.full_name,a1_0.role,a1_0.username,r1_0.attachment_path,r1_0.category_request,r1_0.created_at,r1_0.deadline,r1_0.description,r1_0.note,r1_0.priority,r2_0.id,r2_0.ai_generated_date,r2_0.ai_insights_data,r2_0.approved_date,r2_0.contact_rate,r2_0.contacted_contacts,r2_0.generated_date,r2_0.pdf_path,r2_0.request_idr,r2_0.request_title,r2_0.request_type,r2_0.sent_date,r2_0.statistics_data,r2_0.status,r2_0.total_contacts,r1_0.request_type,r1_0.status,r1_0.title,r1_0.updated_at,u1_0.id_user,u1_0.email,u1_0.enabled,u1_0.full_name,u1_0.role,u1_0.username from request r1_0 left join user a1_0 on a1_0.id_user=r1_0.agent_id left join report r2_0 on r2_0.id=r1_0.report_id left join user u1_0 on u1_0.id_user=r1_0.user_id 
 Hibernate: select r1_0.idr,a1_0.id_user,a1_0.email,a1_0.enabled,a1_0.full_name,a1_0.role,a1_0.username,r1_0.attachment_path,r1_0.category_request,r1_0.created_at,r1_0.deadline,r1_0.description,r1_0.note,r1_0.priority,r2_0.id,r2_0.ai_generated_date,r2_0.ai_insights_data,r2_0.approved_date,r2_0.contact_rate,r2_0.contacted_contacts,r2_0.generated_date,r2_0.pdf_path,r2_0.request_idr,r2_0.request_title,r2_0.request_type,r2_0.sent_date,r2_0.statistics_data,r2_0.status,r2_0.total_contacts,r1_0.request_type,r1_0.status,r1_0.title,r1_0.updated_at,u1_0.id_user,u1_0.email,u1_0.enabled,u1_0.full_name,u1_0.role,u1_0.username from request r1_0 left join user a1_0 on a1_0.id_user=r1_0.agent_id left join report r2_0 on r2_0.id=r1_0.report_id left join user u1_0 on u1_0.id_user=r1_0.user_id
2026-04-15 16:09:08,461 {yyyy-MM-dd HH:mm:ss} - DEBUG - org.hibernate.SQL - select u1_0.id_user,u1_0.email,u1_0.enabled,u1_0.full_name,u1_0.role,u1_0.username from user u1_0 where u1_0.role='AGENT' 
 Hibernate: select u1_0.id_user,u1_0.email,u1_0.enabled,u1_0.full_name,u1_0.role,u1_0.username from user u1_0 where u1_0.role='AGENT'
2026-04-15 16:09:08,557 {yyyy-MM-dd HH:mm:ss} - DEBUG - org.hibernate.SQL - select r1_0.id,r1_0.ai_generated_date,r1_0.ai_insights_data,r1_0.approved_date,r1_0.contact_rate,r1_0.contacted_contacts,r1_0.generated_date,r1_0.pdf_path,r1_0.request_idr,r1_0.request_title,r1_0.request_type,r1_0.sent_date,r1_0.statistics_data,r1_0.status,r1_0.total_contacts from report r1_0 
 Hibernate: select r1_0.id,r1_0.ai_generated_date,r1_0.ai_insights_data,r1_0.approved_date,r1_0.contact_rate,r1_0.contacted_contacts,r1_0.generated_date,r1_0.pdf_path,r1_0.request_idr,r1_0.request_title,r1_0.request_type,r1_0.sent_date,r1_0.statistics_data,r1_0.status,r1_0.total_contacts from report r1_0
2026-04-15 16:09:08,801 {yyyy-MM-dd HH:mm:ss} - DEBUG - org.hibernate.SQL - select rcs1_0.id,rcs1_0.call_note,rcs1_0.contact_id,rcs1_0.created_at,rcs1_0.last_call_attempt,rcs1_0.request_id,rcs1_0.status,rcs1_0.updated_at from request_contact_status rcs1_0 
 Hibernate: select rcs1_0.id,rcs1_0.call_note,rcs1_0.contact_id,rcs1_0.created_at,rcs1_0.last_call_attempt,rcs1_0.request_id,rcs1_0.status,rcs1_0.updated_at from request_contact_status rcs1_0
2026-04-15 16:09:09,054 {yyyy-MM-dd HH:mm:ss} - DEBUG - org.hibernate.SQL - SELECT * FROM logs ORDER BY timestamp DESC LIMIT ? 
 Hibernate: SELECT * FROM logs ORDER BY timestamp DESC LIMIT ?
2026-04-15 16:09:38,290 {yyyy-MM-dd HH:mm:ss} - DEBUG - org.hibernate.SQL - select r1_0.idr,a1_0.id_user,a1_0.email,a1_0.enabled,a1_0.full_name,a1_0.role,a1_0.username,r1_0.attachment_path,r1_0.category_request,r1_0.created_at,r1_0.deadline,r1_0.description,r1_0.note,r1_0.priority,r2_0.id,r2_0.ai_generated_date,r2_0.ai_insights_data,r2_0.approved_date,r2_0.contact_rate,r2_0.contacted_contacts,r2_0.generated_date,r2_0.pdf_path,r2_0.request_idr,r2_0.request_title,r2_0.request_type,r2_0.sent_date,r2_0.statistics_data,r2_0.status,r2_0.total_contacts,r1_0.request_type,r1_0.status,r1_0.title,r1_0.updated_at,u1_0.id_user,u1_0.email,u1_0.enabled,u1_0.full_name,u1_0.role,u1_0.username from request r1_0 left join user a1_0 on a1_0.id_user=r1_0.agent_id left join report r2_0 on r2_0.id=r1_0.report_id left join user u1_0 on u1_0.id_user=r1_0.user_id 
 Hibernate: select r1_0.idr,a1_0.id_user,a1_0.email,a1_0.enabled,a1_0.full_name,a1_0.role,a1_0.username,r1_0.attachment_path,r1_0.category_request,r1_0.created_at,r1_0.deadline,r1_0.description,r1_0.note,r1_0.priority,r2_0.id,r2_0.ai_generated_date,r2_0.ai_insights_data,r2_0.approved_date,r2_0.contact_rate,r2_0.contacted_contacts,r2_0.generated_date,r2_0.pdf_path,r2_0.request_idr,r2_0.request_title,r2_0.request_type,r2_0.sent_date,r2_0.statistics_data,r2_0.status,r2_0.total_contacts,r1_0.request_type,r1_0.status,r1_0.title,r1_0.updated_at,u1_0.id_user,u1_0.email,u1_0.enabled,u1_0.full_name,u1_0.role,u1_0.username from request r1_0 left join user a1_0 on a1_0.id_user=r1_0.agent_id left join report r2_0 on r2_0.id=r1_0.report_id left join user u1_0 on u1_0.id_user=r1_0.user_id
2026-04-15 16:09:39,010 {yyyy-MM-dd HH:mm:ss} - DEBUG - org.hibernate.SQL - select u1_0.id_user,u1_0.email,u1_0.enabled,u1_0.full_name,u1_0.role,u1_0.username from user u1_0 where u1_0.role='AGENT' 
 Hibernate: select u1_0.id_user,u1_0.email,u1_0.enabled,u1_0.full_name,u1_0.role,u1_0.username from user u1_0 where u1_0.role='AGENT'
2026-04-15 16:09:39,371 {yyyy-MM-dd HH:mm:ss} - DEBUG - org.hibernate.SQL - select r1_0.id,r1_0.ai_generated_date,r1_0.ai_insights_data,r1_0.approved_date,r1_0.contact_rate,r1_0.contacted_contacts,r1_0.generated_date,r1_0.pdf_path,r1_0.request_idr,r1_0.request_title,r1_0.request_type,r1_0.sent_date,r1_0.statistics_data,r1_0.status,r1_0.total_contacts from report r1_0 
 Hibernate: select r1_0.id,r1_0.ai_generated_date,r1_0.ai_insights_data,r1_0.approved_date,r1_0.contact_rate,r1_0.contacted_contacts,r1_0.generated_date,r1_0.pdf_path,r1_0.request_idr,r1_0.request_title,r1_0.request_type,r1_0.sent_date,r1_0.statistics_data,r1_0.status,r1_0.total_contacts from report r1_0
2026-04-15 16:09:39,977 {yyyy-MM-dd HH:mm:ss} - DEBUG - org.hibernate.SQL - select rcs1_0.id,rcs1_0.call_note,rcs1_0.contact_id,rcs1_0.created_at,rcs1_0.last_call_attempt,rcs1_0.request_id,rcs1_0.status,rcs1_0.updated_at from request_contact_status rcs1_0 
 Hibernate: select rcs1_0.id,rcs1_0.call_note,rcs1_0.contact_id,rcs1_0.created_at,rcs1_0.last_call_attempt,rcs1_0.request_id,rcs1_0.status,rcs1_0.updated_at from request_contact_status rcs1_0
2026-04-15 16:09:40,230 {yyyy-MM-dd HH:mm:ss} - DEBUG - org.hibernate.SQL - SELECT * FROM logs ORDER BY timestamp DESC LIMIT ? 
 Hibernate: SELECT * FROM logs ORDER BY timestamp DESC LIMIT ?
2026-04-15 16:09:54,615 {yyyy-MM-dd HH:mm:ss} - INFO - o.s.w.s.config.WebSocketMessageBrokerStats - WebSocketSession[3 current WS(3)-HttpStream(0)-HttpPoll(0), 6 total, 0 closed abnormally (0 connect failure, 0 send limit, 0 transport error)], stompSubProtocol[processed CONNECT(6)-CONNECTED(6)-DISCONNECT(1)], stompBrokerRelay[null], inboundChannel[pool size = 0, active threads = 0, queued tasks = 0, completed tasks = 51], outboundChannel[pool size = 0, active threads = 0, queued tasks = 0, completed tasks = 10], sockJsScheduler[pool size = 8, active threads = 1, queued tasks = 7, completed tasks = 494] 
 2026-04-15 16:09:57,414 {yyyy-MM-dd HH:mm:ss} - INFO - c.e.callcenter.Service.NotificationService - === SCHEDULED METHOD RUNNING: checkUpcomingCallbacks === 
 2026-04-15 16:09:57,414 {yyyy-MM-dd HH:mm:ss} - INFO - c.e.callcenter.Service.NotificationService - Calling contact-service for upcoming callbacks... 
 Feign: impossible d'obtenir le token Keycloak : 401 Unauthorized: [no body]
2026-04-15 16:09:57,780 {yyyy-MM-dd HH:mm:ss} - INFO - c.e.callcenter.Service.NotificationService - Received 0 upcoming callbacks 
 2026-04-15 16:09:57,780 {yyyy-MM-dd HH:mm:ss} - INFO - c.e.callcenter.Service.NotificationService - No upcoming callbacks found 
 2026-04-15 16:10:08,277 {yyyy-MM-dd HH:mm:ss} - DEBUG - org.hibernate.SQL - select r1_0.idr,a1_0.id_user,a1_0.email,a1_0.enabled,a1_0.full_name,a1_0.role,a1_0.username,r1_0.attachment_path,r1_0.category_request,r1_0.created_at,r1_0.deadline,r1_0.description,r1_0.note,r1_0.priority,r2_0.id,r2_0.ai_generated_date,r2_0.ai_insights_data,r2_0.approved_date,r2_0.contact_rate,r2_0.contacted_contacts,r2_0.generated_date,r2_0.pdf_path,r2_0.request_idr,r2_0.request_title,r2_0.request_type,r2_0.sent_date,r2_0.statistics_data,r2_0.status,r2_0.total_contacts,r1_0.request_type,r1_0.status,r1_0.title,r1_0.updated_at,u1_0.id_user,u1_0.email,u1_0.enabled,u1_0.full_name,u1_0.role,u1_0.username from request r1_0 left join user a1_0 on a1_0.id_user=r1_0.agent_id left join report r2_0 on r2_0.id=r1_0.report_id left join user u1_0 on u1_0.id_user=r1_0.user_id 
 Hibernate: select r1_0.idr,a1_0.id_user,a1_0.email,a1_0.enabled,a1_0.full_name,a1_0.role,a1_0.username,r1_0.attachment_path,r1_0.category_request,r1_0.created_at,r1_0.deadline,r1_0.description,r1_0.note,r1_0.priority,r2_0.id,r2_0.ai_generated_date,r2_0.ai_insights_data,r2_0.approved_date,r2_0.contact_rate,r2_0.contacted_contacts,r2_0.generated_date,r2_0.pdf_path,r2_0.request_idr,r2_0.request_title,r2_0.request_type,r2_0.sent_date,r2_0.statistics_data,r2_0.status,r2_0.total_contacts,r1_0.request_type,r1_0.status,r1_0.title,r1_0.updated_at,u1_0.id_user,u1_0.email,u1_0.enabled,u1_0.full_name,u1_0.role,u1_0.username from request r1_0 left join user a1_0 on a1_0.id_user=r1_0.agent_id left join report r2_0 on r2_0.id=r1_0.report_id left join user u1_0 on u1_0.id_user=r1_0.user_id
2026-04-15 16:10:08,384 {yyyy-MM-dd HH:mm:ss} - DEBUG - org.hibernate.SQL - select u1_0.id_user,u1_0.email,u1_0.enabled,u1_0.full_name,u1_0.role,u1_0.username from user u1_0 where u1_0.role='AGENT' 
 Hibernate: select u1_0.id_user,u1_0.email,u1_0.enabled,u1_0.full_name,u1_0.role,u1_0.username from user u1_0 where u1_0.role='AGENT'
2026-04-15 16:10:08,664 {yyyy-MM-dd HH:mm:ss} - DEBUG - org.hibernate.SQL - select r1_0.id,r1_0.ai_generated_date,r1_0.ai_insights_data,r1_0.approved_date,r1_0.contact_rate,r1_0.contacted_contacts,r1_0.generated_date,r1_0.pdf_path,r1_0.request_idr,r1_0.request_title,r1_0.request_type,r1_0.sent_date,r1_0.statistics_data,r1_0.status,r1_0.total_contacts from report r1_0 
 Hibernate: select r1_0.id,r1_0.ai_generated_date,r1_0.ai_insights_data,r1_0.approved_date,r1_0.contact_rate,r1_0.contacted_contacts,r1_0.generated_date,r1_0.pdf_path,r1_0.request_idr,r1_0.request_title,r1_0.request_type,r1_0.sent_date,r1_0.statistics_data,r1_0.status,r1_0.total_contacts from report r1_0
2026-04-15 16:10:08,951 {yyyy-MM-dd HH:mm:ss} - DEBUG - org.hibernate.SQL - select rcs1_0.id,rcs1_0.call_note,rcs1_0.contact_id,rcs1_0.created_at,rcs1_0.last_call_attempt,rcs1_0.request_id,rcs1_0.status,rcs1_0.updated_at from request_contact_status rcs1_0 
 Hibernate: select rcs1_0.id,rcs1_0.call_note,rcs1_0.contact_id,rcs1_0.created_at,rcs1_0.last_call_attempt,rcs1_0.request_id,rcs1_0.status,rcs1_0.updated_at from request_contact_status rcs1_0
2026-04-15 16:10:09,143 {yyyy-MM-dd HH:mm:ss} - DEBUG - org.hibernate.SQL - SELECT * FROM logs ORDER BY timestamp DESC LIMIT ? 
 Hibernate: SELECT * FROM logs ORDER BY timestamp DESC LIMIT ?
2026-04-15 16:10:38,314 {yyyy-MM-dd HH:mm:ss} - DEBUG - org.hibernate.SQL - select r1_0.idr,a1_0.id_user,a1_0.email,a1_0.enabled,a1_0.full_name,a1_0.role,a1_0.username,r1_0.attachment_path,r1_0.category_request,r1_0.created_at,r1_0.deadline,r1_0.description,r1_0.note,r1_0.priority,r2_0.id,r2_0.ai_generated_date,r2_0.ai_insights_data,r2_0.approved_date,r2_0.contact_rate,r2_0.contacted_contacts,r2_0.generated_date,r2_0.pdf_path,r2_0.request_idr,r2_0.request_title,r2_0.request_type,r2_0.sent_date,r2_0.statistics_data,r2_0.status,r2_0.total_contacts,r1_0.request_type,r1_0.status,r1_0.title,r1_0.updated_at,u1_0.id_user,u1_0.email,u1_0.enabled,u1_0.full_name,u1_0.role,u1_0.username from request r1_0 left join user a1_0 on a1_0.id_user=r1_0.agent_id left join report r2_0 on r2_0.id=r1_0.report_id left join user u1_0 on u1_0.id_user=r1_0.user_id 
 Hibernate: select r1_0.idr,a1_0.id_user,a1_0.email,a1_0.enabled,a1_0.full_name,a1_0.role,a1_0.username,r1_0.attachment_path,r1_0.category_request,r1_0.created_at,r1_0.deadline,r1_0.description,r1_0.note,r1_0.priority,r2_0.id,r2_0.ai_generated_date,r2_0.ai_insights_data,r2_0.approved_date,r2_0.contact_rate,r2_0.contacted_contacts,r2_0.generated_date,r2_0.pdf_path,r2_0.request_idr,r2_0.request_title,r2_0.request_type,r2_0.sent_date,r2_0.statistics_data,r2_0.status,r2_0.total_contacts,r1_0.request_type,r1_0.status,r1_0.title,r1_0.updated_at,u1_0.id_user,u1_0.email,u1_0.enabled,u1_0.full_name,u1_0.role,u1_0.username from request r1_0 left join user a1_0 on a1_0.id_user=r1_0.agent_id left join report r2_0 on r2_0.id=r1_0.report_id left join user u1_0 on u1_0.id_user=r1_0.user_id
2026-04-15 16:10:38,426 {yyyy-MM-dd HH:mm:ss} - DEBUG - org.hibernate.SQL - select u1_0.id_user,u1_0.email,u1_0.enabled,u1_0.full_name,u1_0.role,u1_0.username from user u1_0 where u1_0.role='AGENT' 
 Hibernate: select u1_0.id_user,u1_0.email,u1_0.enabled,u1_0.full_name,u1_0.role,u1_0.username from user u1_0 where u1_0.role='AGENT'
2026-04-15 16:10:38,537 {yyyy-MM-dd HH:mm:ss} - DEBUG - org.hibernate.SQL - select r1_0.id,r1_0.ai_generated_date,r1_0.ai_insights_data,r1_0.approved_date,r1_0.contact_rate,r1_0.contacted_contacts,r1_0.generated_date,r1_0.pdf_path,r1_0.request_idr,r1_0.request_title,r1_0.request_type,r1_0.sent_date,r1_0.statistics_data,r1_0.status,r1_0.total_contacts from report r1_0 
 Hibernate: select r1_0.id,r1_0.ai_generated_date,r1_0.ai_insights_data,r1_0.approved_date,r1_0.contact_rate,r1_0.contacted_contacts,r1_0.generated_date,r1_0.pdf_path,r1_0.request_idr,r1_0.request_title,r1_0.request_type,r1_0.sent_date,r1_0.statistics_data,r1_0.status,r1_0.total_contacts from report r1_0
2026-04-15 16:10:38,817 {yyyy-MM-dd HH:mm:ss} - DEBUG - org.hibernate.SQL - select rcs1_0.id,rcs1_0.call_note,rcs1_0.contact_id,rcs1_0.created_at,rcs1_0.last_call_attempt,rcs1_0.request_id,rcs1_0.status,rcs1_0.updated_at from request_contact_status rcs1_0 
 Hibernate: select rcs1_0.id,rcs1_0.call_note,rcs1_0.contact_id,rcs1_0.created_at,rcs1_0.last_call_attempt,rcs1_0.request_id,rcs1_0.status,rcs1_0.updated_at from request_contact_status rcs1_0
2026-04-15 16:10:39,034 {yyyy-MM-dd HH:mm:ss} - DEBUG - org.hibernate.SQL - SELECT * FROM logs ORDER BY timestamp DESC LIMIT ? 
 Hibernate: SELECT * FROM logs ORDER BY timestamp DESC LIMIT ?
2026-04-15 16:10:57,388 {yyyy-MM-dd HH:mm:ss} - INFO - c.e.callcenter.Service.NotificationService - === SCHEDULED METHOD RUNNING: checkUpcomingCallbacks === 
 2026-04-15 16:10:57,389 {yyyy-MM-dd HH:mm:ss} - INFO - c.e.callcenter.Service.NotificationService - Calling contact-service for upcoming callbacks... 
 Feign: impossible d'obtenir le token Keycloak : 401 Unauthorized: [no body]
2026-04-15 16:10:57,721 {yyyy-MM-dd HH:mm:ss} - INFO - c.e.callcenter.Service.NotificationService - Received 0 upcoming callbacks 
 2026-04-15 16:10:57,721 {yyyy-MM-dd HH:mm:ss} - INFO - c.e.callcenter.Service.NotificationService - No upcoming callbacks found 
 2026-04-15 16:11:08,289 {yyyy-MM-dd HH:mm:ss} - DEBUG - org.hibernate.SQL - select r1_0.idr,a1_0.id_user,a1_0.email,a1_0.enabled,a1_0.full_name,a1_0.role,a1_0.username,r1_0.attachment_path,r1_0.category_request,r1_0.created_at,r1_0.deadline,r1_0.description,r1_0.note,r1_0.priority,r2_0.id,r2_0.ai_generated_date,r2_0.ai_insights_data,r2_0.approved_date,r2_0.contact_rate,r2_0.contacted_contacts,r2_0.generated_date,r2_0.pdf_path,r2_0.request_idr,r2_0.request_title,r2_0.request_type,r2_0.sent_date,r2_0.statistics_data,r2_0.status,r2_0.total_contacts,r1_0.request_type,r1_0.status,r1_0.title,r1_0.updated_at,u1_0.id_user,u1_0.email,u1_0.enabled,u1_0.full_name,u1_0.role,u1_0.username from request r1_0 left join user a1_0 on a1_0.id_user=r1_0.agent_id left join report r2_0 on r2_0.id=r1_0.report_id left join user u1_0 on u1_0.id_user=r1_0.user_id 
 Hibernate: select r1_0.idr,a1_0.id_user,a1_0.email,a1_0.enabled,a1_0.full_name,a1_0.role,a1_0.username,r1_0.attachment_path,r1_0.category_request,r1_0.created_at,r1_0.deadline,r1_0.description,r1_0.note,r1_0.priority,r2_0.id,r2_0.ai_generated_date,r2_0.ai_insights_data,r2_0.approved_date,r2_0.contact_rate,r2_0.contacted_contacts,r2_0.generated_date,r2_0.pdf_path,r2_0.request_idr,r2_0.request_title,r2_0.request_type,r2_0.sent_date,r2_0.statistics_data,r2_0.status,r2_0.total_contacts,r1_0.request_type,r1_0.status,r1_0.title,r1_0.updated_at,u1_0.id_user,u1_0.email,u1_0.enabled,u1_0.full_name,u1_0.role,u1_0.username from request r1_0 left join user a1_0 on a1_0.id_user=r1_0.agent_id left join report r2_0 on r2_0.id=r1_0.report_id left join user u1_0 on u1_0.id_user=r1_0.user_id
2026-04-15 16:11:08,437 {yyyy-MM-dd HH:mm:ss} - DEBUG - org.hibernate.SQL - select u1_0.id_user,u1_0.email,u1_0.enabled,u1_0.full_name,u1_0.role,u1_0.username from user u1_0 where u1_0.role='AGENT' 
 Hibernate: select u1_0.id_user,u1_0.email,u1_0.enabled,u1_0.full_name,u1_0.role,u1_0.username from user u1_0 where u1_0.role='AGENT'
2026-04-15 16:11:08,601 {yyyy-MM-dd HH:mm:ss} - DEBUG - org.hibernate.SQL - select r1_0.id,r1_0.ai_generated_date,r1_0.ai_insights_data,r1_0.approved_date,r1_0.contact_rate,r1_0.contacted_contacts,r1_0.generated_date,r1_0.pdf_path,r1_0.request_idr,r1_0.request_title,r1_0.request_type,r1_0.sent_date,r1_0.statistics_data,r1_0.status,r1_0.total_contacts from report r1_0 
 Hibernate: select r1_0.id,r1_0.ai_generated_date,r1_0.ai_insights_data,r1_0.approved_date,r1_0.contact_rate,r1_0.contacted_contacts,r1_0.generated_date,r1_0.pdf_path,r1_0.request_idr,r1_0.request_title,r1_0.request_type,r1_0.sent_date,r1_0.statistics_data,r1_0.status,r1_0.total_contacts from report r1_0
2026-04-15 16:11:09,016 {yyyy-MM-dd HH:mm:ss} - DEBUG - org.hibernate.SQL - select rcs1_0.id,rcs1_0.call_note,rcs1_0.contact_id,rcs1_0.created_at,rcs1_0.last_call_attempt,rcs1_0.request_id,rcs1_0.status,rcs1_0.updated_at from request_contact_status rcs1_0 
 Hibernate: select rcs1_0.id,rcs1_0.call_note,rcs1_0.contact_id,rcs1_0.created_at,rcs1_0.last_call_attempt,rcs1_0.request_id,rcs1_0.status,rcs1_0.updated_at from request_contact_status rcs1_0
2026-04-15 16:11:09,341 {yyyy-MM-dd HH:mm:ss} - DEBUG - org.hibernate.SQL - SELECT * FROM logs ORDER BY timestamp DESC LIMIT ? 
 Hibernate: SELECT * FROM logs ORDER BY timestamp DESC LIMIT ?
2026-04-15 16:11:38,599 {yyyy-MM-dd HH:mm:ss} - DEBUG - org.hibernate.SQL - select r1_0.idr,a1_0.id_user,a1_0.email,a1_0.enabled,a1_0.full_name,a1_0.role,a1_0.username,r1_0.attachment_path,r1_0.category_request,r1_0.created_at,r1_0.deadline,r1_0.description,r1_0.note,r1_0.priority,r2_0.id,r2_0.ai_generated_date,r2_0.ai_insights_data,r2_0.approved_date,r2_0.contact_rate,r2_0.contacted_contacts,r2_0.generated_date,r2_0.pdf_path,r2_0.request_idr,r2_0.request_title,r2_0.request_type,r2_0.sent_date,r2_0.statistics_data,r2_0.status,r2_0.total_contacts,r1_0.request_type,r1_0.status,r1_0.title,r1_0.updated_at,u1_0.id_user,u1_0.email,u1_0.enabled,u1_0.full_name,u1_0.role,u1_0.username from request r1_0 left join user a1_0 on a1_0.id_user=r1_0.agent_id left join report r2_0 on r2_0.id=r1_0.report_id left join user u1_0 on u1_0.id_user=r1_0.user_id 
 Hibernate: select r1_0.idr,a1_0.id_user,a1_0.email,a1_0.enabled,a1_0.full_name,a1_0.role,a1_0.username,r1_0.attachment_path,r1_0.category_request,r1_0.created_at,r1_0.deadline,r1_0.description,r1_0.note,r1_0.priority,r2_0.id,r2_0.ai_generated_date,r2_0.ai_insights_data,r2_0.approved_date,r2_0.contact_rate,r2_0.contacted_contacts,r2_0.generated_date,r2_0.pdf_path,r2_0.request_idr,r2_0.request_title,r2_0.request_type,r2_0.sent_date,r2_0.statistics_data,r2_0.status,r2_0.total_contacts,r1_0.request_type,r1_0.status,r1_0.title,r1_0.updated_at,u1_0.id_user,u1_0.email,u1_0.enabled,u1_0.full_name,u1_0.role,u1_0.username from request r1_0 left join user a1_0 on a1_0.id_user=r1_0.agent_id left join report r2_0 on r2_0.id=r1_0.report_id left join user u1_0 on u1_0.id_user=r1_0.user_id
2026-04-15 16:11:38,763 {yyyy-MM-dd HH:mm:ss} - DEBUG - org.hibernate.SQL - select u1_0.id_user,u1_0.email,u1_0.enabled,u1_0.full_name,u1_0.role,u1_0.username from user u1_0 where u1_0.role='AGENT' 
 Hibernate: select u1_0.id_user,u1_0.email,u1_0.enabled,u1_0.full_name,u1_0.role,u1_0.username from user u1_0 where u1_0.role='AGENT'
2026-04-15 16:11:38,878 {yyyy-MM-dd HH:mm:ss} - DEBUG - org.hibernate.SQL - select r1_0.id,r1_0.ai_generated_date,r1_0.ai_insights_data,r1_0.approved_date,r1_0.contact_rate,r1_0.contacted_contacts,r1_0.generated_date,r1_0.pdf_path,r1_0.request_idr,r1_0.request_title,r1_0.request_type,r1_0.sent_date,r1_0.statistics_data,r1_0.status,r1_0.total_contacts from report r1_0 
 Hibernate: select r1_0.id,r1_0.ai_generated_date,r1_0.ai_insights_data,r1_0.approved_date,r1_0.contact_rate,r1_0.contacted_contacts,r1_0.generated_date,r1_0.pdf_path,r1_0.request_idr,r1_0.request_title,r1_0.request_type,r1_0.sent_date,r1_0.statistics_data,r1_0.status,r1_0.total_contacts from report r1_0
2026-04-15 16:11:39,649 {yyyy-MM-dd HH:mm:ss} - DEBUG - org.hibernate.SQL - select rcs1_0.id,rcs1_0.call_note,rcs1_0.contact_id,rcs1_0.created_at,rcs1_0.last_call_attempt,rcs1_0.request_id,rcs1_0.status,rcs1_0.updated_at from request_contact_status rcs1_0 
 Hibernate: select rcs1_0.id,rcs1_0.call_note,rcs1_0.contact_id,rcs1_0.created_at,rcs1_0.last_call_attempt,rcs1_0.request_id,rcs1_0.status,rcs1_0.updated_at from request_contact_status rcs1_0
2026-04-15 16:11:39,864 {yyyy-MM-dd HH:mm:ss} - DEBUG - org.hibernate.SQL - SELECT * FROM logs ORDER BY timestamp DESC LIMIT ? 
 Hibernate: SELECT * FROM logs ORDER BY timestamp DESC LIMIT ?
2026-04-15 16:11:57,385 {yyyy-MM-dd HH:mm:ss} - INFO - c.e.callcenter.Service.NotificationService - === SCHEDULED METHOD RUNNING: checkUpcomingCallbacks === 
 2026-04-15 16:11:57,385 {yyyy-MM-dd HH:mm:ss} - INFO - c.e.callcenter.Service.NotificationService - Calling contact-service for upcoming callbacks... 
 Feign: impossible d'obtenir le token Keycloak : 401 Unauthorized: [no body]
2026-04-15 16:11:57,715 {yyyy-MM-dd HH:mm:ss} - INFO - c.e.callcenter.Service.NotificationService - Received 0 upcoming callbacks 
 2026-04-15 16:11:57,715 {yyyy-MM-dd HH:mm:ss} - INFO - c.e.callcenter.Service.NotificationService - No upcoming callbacks found 
 2026-04-15 16:12:30,274 {yyyy-MM-dd HH:mm:ss} - DEBUG - org.hibernate.SQL - select r1_0.idr,a1_0.id_user,a1_0.email,a1_0.enabled,a1_0.full_name,a1_0.role,a1_0.username,r1_0.attachment_path,r1_0.category_request,r1_0.created_at,r1_0.deadline,r1_0.description,r1_0.note,r1_0.priority,r2_0.id,r2_0.ai_generated_date,r2_0.ai_insights_data,r2_0.approved_date,r2_0.contact_rate,r2_0.contacted_contacts,r2_0.generated_date,r2_0.pdf_path,r2_0.request_idr,r2_0.request_title,r2_0.request_type,r2_0.sent_date,r2_0.statistics_data,r2_0.status,r2_0.total_contacts,r1_0.request_type,r1_0.status,r1_0.title,r1_0.updated_at,u1_0.id_user,u1_0.email,u1_0.enabled,u1_0.full_name,u1_0.role,u1_0.username from request r1_0 left join user a1_0 on a1_0.id_user=r1_0.agent_id left join report r2_0 on r2_0.id=r1_0.report_id left join user u1_0 on u1_0.id_user=r1_0.user_id 
 Hibernate: select r1_0.idr,a1_0.id_user,a1_0.email,a1_0.enabled,a1_0.full_name,a1_0.role,a1_0.username,r1_0.attachment_path,r1_0.category_request,r1_0.created_at,r1_0.deadline,r1_0.description,r1_0.note,r1_0.priority,r2_0.id,r2_0.ai_generated_date,r2_0.ai_insights_data,r2_0.approved_date,r2_0.contact_rate,r2_0.contacted_contacts,r2_0.generated_date,r2_0.pdf_path,r2_0.request_idr,r2_0.request_title,r2_0.request_type,r2_0.sent_date,r2_0.statistics_data,r2_0.status,r2_0.total_contacts,r1_0.request_type,r1_0.status,r1_0.title,r1_0.updated_at,u1_0.id_user,u1_0.email,u1_0.enabled,u1_0.full_name,u1_0.role,u1_0.username from request r1_0 left join user a1_0 on a1_0.id_user=r1_0.agent_id left join report r2_0 on r2_0.id=r1_0.report_id left join user u1_0 on u1_0.id_user=r1_0.user_id
2026-04-15 16:12:30,529 {yyyy-MM-dd HH:mm:ss} - DEBUG - org.hibernate.SQL - select u1_0.id_user,u1_0.email,u1_0.enabled,u1_0.full_name,u1_0.role,u1_0.username from user u1_0 where u1_0.role='AGENT' 
 Hibernate: select u1_0.id_user,u1_0.email,u1_0.enabled,u1_0.full_name,u1_0.role,u1_0.username from user u1_0 where u1_0.role='AGENT'
2026-04-15 16:12:30,981 {yyyy-MM-dd HH:mm:ss} - DEBUG - org.hibernate.SQL - select r1_0.id,r1_0.ai_generated_date,r1_0.ai_insights_data,r1_0.approved_date,r1_0.contact_rate,r1_0.contacted_contacts,r1_0.generated_date,r1_0.pdf_path,r1_0.request_idr,r1_0.request_title,r1_0.request_type,r1_0.sent_date,r1_0.statistics_data,r1_0.status,r1_0.total_contacts from report r1_0 
 Hibernate: select r1_0.id,r1_0.ai_generated_date,r1_0.ai_insights_data,r1_0.approved_date,r1_0.contact_rate,r1_0.contacted_contacts,r1_0.generated_date,r1_0.pdf_path,r1_0.request_idr,r1_0.request_title,r1_0.request_type,r1_0.sent_date,r1_0.statistics_data,r1_0.status,r1_0.total_contacts from report r1_0
2026-04-15 16:12:31,411 {yyyy-MM-dd HH:mm:ss} - DEBUG - org.hibernate.SQL - select rcs1_0.id,rcs1_0.call_note,rcs1_0.contact_id,rcs1_0.created_at,rcs1_0.last_call_attempt,rcs1_0.request_id,rcs1_0.status,rcs1_0.updated_at from request_contact_status rcs1_0 
 Hibernate: select rcs1_0.id,rcs1_0.call_note,rcs1_0.contact_id,rcs1_0.created_at,rcs1_0.last_call_attempt,rcs1_0.request_id,rcs1_0.status,rcs1_0.updated_at from request_contact_status rcs1_0
2026-04-15 16:12:31,606 {yyyy-MM-dd HH:mm:ss} - DEBUG - org.hibernate.SQL - SELECT * FROM logs ORDER BY timestamp DESC LIMIT ? 
 Hibernate: SELECT * FROM logs ORDER BY timestamp DESC LIMIT ?
2026-04-15 16:12:57,387 {yyyy-MM-dd HH:mm:ss} - INFO - c.e.callcenter.Service.NotificationService - === SCHEDULED METHOD RUNNING: checkUpcomingCallbacks === 
 2026-04-15 16:12:57,387 {yyyy-MM-dd HH:mm:ss} - INFO - c.e.callcenter.Service.NotificationService - Calling contact-service for upcoming callbacks... 
 Feign: impossible d'obtenir le token Keycloak : 401 Unauthorized: [no body]
2026-04-15 16:12:57,741 {yyyy-MM-dd HH:mm:ss} - INFO - c.e.callcenter.Service.NotificationService - Received 0 upcoming callbacks 
 2026-04-15 16:12:57,741 {yyyy-MM-dd HH:mm:ss} - INFO - c.e.callcenter.Service.NotificationService - No upcoming callbacks found 
 2026-04-15 16:13:30,283 {yyyy-MM-dd HH:mm:ss} - DEBUG - org.hibernate.SQL - select r1_0.idr,a1_0.id_user,a1_0.email,a1_0.enabled,a1_0.full_name,a1_0.role,a1_0.username,r1_0.attachment_path,r1_0.category_request,r1_0.created_at,r1_0.deadline,r1_0.description,r1_0.note,r1_0.priority,r2_0.id,r2_0.ai_generated_date,r2_0.ai_insights_data,r2_0.approved_date,r2_0.contact_rate,r2_0.contacted_contacts,r2_0.generated_date,r2_0.pdf_path,r2_0.request_idr,r2_0.request_title,r2_0.request_type,r2_0.sent_date,r2_0.statistics_data,r2_0.status,r2_0.total_contacts,r1_0.request_type,r1_0.status,r1_0.title,r1_0.updated_at,u1_0.id_user,u1_0.email,u1_0.enabled,u1_0.full_name,u1_0.role,u1_0.username from request r1_0 left join user a1_0 on a1_0.id_user=r1_0.agent_id left join report r2_0 on r2_0.id=r1_0.report_id left join user u1_0 on u1_0.id_user=r1_0.user_id 
 Hibernate: select r1_0.idr,a1_0.id_user,a1_0.email,a1_0.enabled,a1_0.full_name,a1_0.role,a1_0.username,r1_0.attachment_path,r1_0.category_request,r1_0.created_at,r1_0.deadline,r1_0.description,r1_0.note,r1_0.priority,r2_0.id,r2_0.ai_generated_date,r2_0.ai_insights_data,r2_0.approved_date,r2_0.contact_rate,r2_0.contacted_contacts,r2_0.generated_date,r2_0.pdf_path,r2_0.request_idr,r2_0.request_title,r2_0.request_type,r2_0.sent_date,r2_0.statistics_data,r2_0.status,r2_0.total_contacts,r1_0.request_type,r1_0.status,r1_0.title,r1_0.updated_at,u1_0.id_user,u1_0.email,u1_0.enabled,u1_0.full_name,u1_0.role,u1_0.username from request r1_0 left join user a1_0 on a1_0.id_user=r1_0.agent_id left join report r2_0 on r2_0.id=r1_0.report_id left join user u1_0 on u1_0.id_user=r1_0.user_id
2026-04-15 16:13:30,404 {yyyy-MM-dd HH:mm:ss} - DEBUG - org.hibernate.SQL - select u1_0.id_user,u1_0.email,u1_0.enabled,u1_0.full_name,u1_0.role,u1_0.username from user u1_0 where u1_0.role='AGENT' 
 Hibernate: select u1_0.id_user,u1_0.email,u1_0.enabled,u1_0.full_name,u1_0.role,u1_0.username from user u1_0 where u1_0.role='AGENT'
2026-04-15 16:13:30,559 {yyyy-MM-dd HH:mm:ss} - DEBUG - org.hibernate.SQL - select r1_0.id,r1_0.ai_generated_date,r1_0.ai_insights_data,r1_0.approved_date,r1_0.contact_rate,r1_0.contacted_contacts,r1_0.generated_date,r1_0.pdf_path,r1_0.request_idr,r1_0.request_title,r1_0.request_type,r1_0.sent_date,r1_0.statistics_data,r1_0.status,r1_0.total_contacts from report r1_0 
 Hibernate: select r1_0.id,r1_0.ai_generated_date,r1_0.ai_insights_data,r1_0.approved_date,r1_0.contact_rate,r1_0.contacted_contacts,r1_0.generated_date,r1_0.pdf_path,r1_0.request_idr,r1_0.request_title,r1_0.request_type,r1_0.sent_date,r1_0.statistics_data,r1_0.status,r1_0.total_contacts from report r1_0
2026-04-15 16:13:30,876 {yyyy-MM-dd HH:mm:ss} - DEBUG - org.hibernate.SQL - select rcs1_0.id,rcs1_0.call_note,rcs1_0.contact_id,rcs1_0.created_at,rcs1_0.last_call_attempt,rcs1_0.request_id,rcs1_0.status,rcs1_0.updated_at from request_contact_status rcs1_0 
 Hibernate: select rcs1_0.id,rcs1_0.call_note,rcs1_0.contact_id,rcs1_0.created_at,rcs1_0.last_call_attempt,rcs1_0.request_id,rcs1_0.status,rcs1_0.updated_at from request_contact_status rcs1_0
2026-04-15 16:13:31,115 {yyyy-MM-dd HH:mm:ss} - DEBUG - org.hibernate.SQL - SELECT * FROM logs ORDER BY timestamp DESC LIMIT ? 
 Hibernate: SELECT * FROM logs ORDER BY timestamp DESC LIMIT ?
2026-04-15 16:13:56,725 {yyyy-MM-dd HH:mm:ss} - INFO - c.n.d.s.resolver.aws.ConfigClusterResolver - Resolving eureka endpoints via configuration 
 2026-04-15 16:13:57,419 {yyyy-MM-dd HH:mm:ss} - INFO - c.e.callcenter.Service.NotificationService - === SCHEDULED METHOD RUNNING: checkUpcomingCallbacks === 
 2026-04-15 16:13:57,419 {yyyy-MM-dd HH:mm:ss} - INFO - c.e.callcenter.Service.NotificationService - Calling contact-service for upcoming callbacks... 
 2026-04-15 16:13:57,448 {yyyy-MM-dd HH:mm:ss} - INFO - c.e.callcenter.Service.NotificationService - Checking for due callbacks... 
 Feign: impossible d'obtenir le token Keycloak : 401 Unauthorized: [no body]
Feign: impossible d'obtenir le token Keycloak : 401 Unauthorized: [no body]
2026-04-15 16:13:57,714 {yyyy-MM-dd HH:mm:ss} - INFO - c.e.callcenter.Service.NotificationService - Received 0 upcoming callbacks 
 2026-04-15 16:13:57,714 {yyyy-MM-dd HH:mm:ss} - INFO - c.e.callcenter.Service.NotificationService - No upcoming callbacks found 
 2026-04-15 16:14:30,291 {yyyy-MM-dd HH:mm:ss} - DEBUG - org.hibernate.SQL - select r1_0.idr,a1_0.id_user,a1_0.email,a1_0.enabled,a1_0.full_name,a1_0.role,a1_0.username,r1_0.attachment_path,r1_0.category_request,r1_0.created_at,r1_0.deadline,r1_0.description,r1_0.note,r1_0.priority,r2_0.id,r2_0.ai_generated_date,r2_0.ai_insights_data,r2_0.approved_date,r2_0.contact_rate,r2_0.contacted_contacts,r2_0.generated_date,r2_0.pdf_path,r2_0.request_idr,r2_0.request_title,r2_0.request_type,r2_0.sent_date,r2_0.statistics_data,r2_0.status,r2_0.total_contacts,r1_0.request_type,r1_0.status,r1_0.title,r1_0.updated_at,u1_0.id_user,u1_0.email,u1_0.enabled,u1_0.full_name,u1_0.role,u1_0.username from request r1_0 left join user a1_0 on a1_0.id_user=r1_0.agent_id left join report r2_0 on r2_0.id=r1_0.report_id left join user u1_0 on u1_0.id_user=r1_0.user_id 
 Hibernate: select r1_0.idr,a1_0.id_user,a1_0.email,a1_0.enabled,a1_0.full_name,a1_0.role,a1_0.username,r1_0.attachment_path,r1_0.category_request,r1_0.created_at,r1_0.deadline,r1_0.description,r1_0.note,r1_0.priority,r2_0.id,r2_0.ai_generated_date,r2_0.ai_insights_data,r2_0.approved_date,r2_0.contact_rate,r2_0.contacted_contacts,r2_0.generated_date,r2_0.pdf_path,r2_0.request_idr,r2_0.request_title,r2_0.request_type,r2_0.sent_date,r2_0.statistics_data,r2_0.status,r2_0.total_contacts,r1_0.request_type,r1_0.status,r1_0.title,r1_0.updated_at,u1_0.id_user,u1_0.email,u1_0.enabled,u1_0.full_name,u1_0.role,u1_0.username from request r1_0 left join user a1_0 on a1_0.id_user=r1_0.agent_id left join report r2_0 on r2_0.id=r1_0.report_id left join user u1_0 on u1_0.id_user=r1_0.user_id
2026-04-15 16:14:31,985 {yyyy-MM-dd HH:mm:ss} - DEBUG - org.hibernate.SQL - select u1_0.id_user,u1_0.email,u1_0.enabled,u1_0.full_name,u1_0.role,u1_0.username from user u1_0 where u1_0.role='AGENT' 
 Hibernate: select u1_0.id_user,u1_0.email,u1_0.enabled,u1_0.full_name,u1_0.role,u1_0.username from user u1_0 where u1_0.role='AGENT'
2026-04-15 16:14:32,187 {yyyy-MM-dd HH:mm:ss} - DEBUG - org.hibernate.SQL - select r1_0.id,r1_0.ai_generated_date,r1_0.ai_insights_data,r1_0.approved_date,r1_0.contact_rate,r1_0.contacted_contacts,r1_0.generated_date,r1_0.pdf_path,r1_0.request_idr,r1_0.request_title,r1_0.request_type,r1_0.sent_date,r1_0.statistics_data,r1_0.status,r1_0.total_contacts from report r1_0 
 Hibernate: select r1_0.id,r1_0.ai_generated_date,r1_0.ai_insights_data,r1_0.approved_date,r1_0.contact_rate,r1_0.contacted_contacts,r1_0.generated_date,r1_0.pdf_path,r1_0.request_idr,r1_0.request_title,r1_0.request_type,r1_0.sent_date,r1_0.statistics_data,r1_0.status,r1_0.total_contacts from report r1_0
2026-04-15 16:14:32,554 {yyyy-MM-dd HH:mm:ss} - DEBUG - org.hibernate.SQL - select rcs1_0.id,rcs1_0.call_note,rcs1_0.contact_id,rcs1_0.created_at,rcs1_0.last_call_attempt,rcs1_0.request_id,rcs1_0.status,rcs1_0.updated_at from request_contact_status rcs1_0 
 Hibernate: select rcs1_0.id,rcs1_0.call_note,rcs1_0.contact_id,rcs1_0.created_at,rcs1_0.last_call_attempt,rcs1_0.request_id,rcs1_0.status,rcs1_0.updated_at from request_contact_status rcs1_0
2026-04-15 16:14:32,821 {yyyy-MM-dd HH:mm:ss} - DEBUG - org.hibernate.SQL - SELECT * FROM logs ORDER BY timestamp DESC LIMIT ? 
 Hibernate: SELECT * FROM logs ORDER BY timestamp DESC LIMIT ?
2026-04-15 16:14:57,384 {yyyy-MM-dd HH:mm:ss} - INFO - c.e.callcenter.Service.NotificationService - === SCHEDULED METHOD RUNNING: checkUpcomingCallbacks === 
 2026-04-15 16:14:57,384 {yyyy-MM-dd HH:mm:ss} - INFO - c.e.callcenter.Service.NotificationService - Calling contact-service for upcoming callbacks... 
 Feign: impossible d'obtenir le token Keycloak : 401 Unauthorized: [no body]
2026-04-15 16:14:57,714 {yyyy-MM-dd HH:mm:ss} - INFO - c.e.callcenter.Service.NotificationService - Received 0 upcoming callbacks 
 2026-04-15 16:14:57,714 {yyyy-MM-dd HH:mm:ss} - INFO - c.e.callcenter.Service.NotificationService - No upcoming callbacks found 
 2026-04-15 16:15:14,724 {yyyy-MM-dd HH:mm:ss} - DEBUG - org.hibernate.SQL - select r1_0.idr,a1_0.id_user,a1_0.email,a1_0.enabled,a1_0.full_name,a1_0.role,a1_0.username,r1_0.attachment_path,r1_0.category_request,r1_0.created_at,r1_0.deadline,r1_0.description,r1_0.note,r1_0.priority,r2_0.id,r2_0.ai_generated_date,r2_0.ai_insights_data,r2_0.approved_date,r2_0.contact_rate,r2_0.contacted_contacts,r2_0.generated_date,r2_0.pdf_path,r2_0.request_idr,r2_0.request_title,r2_0.request_type,r2_0.sent_date,r2_0.statistics_data,r2_0.status,r2_0.total_contacts,r1_0.request_type,r1_0.status,r1_0.title,r1_0.updated_at,u1_0.id_user,u1_0.email,u1_0.enabled,u1_0.full_name,u1_0.role,u1_0.username from request r1_0 left join user a1_0 on a1_0.id_user=r1_0.agent_id left join report r2_0 on r2_0.id=r1_0.report_id left join user u1_0 on u1_0.id_user=r1_0.user_id 
 Hibernate: select r1_0.idr,a1_0.id_user,a1_0.email,a1_0.enabled,a1_0.full_name,a1_0.role,a1_0.username,r1_0.attachment_path,r1_0.category_request,r1_0.created_at,r1_0.deadline,r1_0.description,r1_0.note,r1_0.priority,r2_0.id,r2_0.ai_generated_date,r2_0.ai_insights_data,r2_0.approved_date,r2_0.contact_rate,r2_0.contacted_contacts,r2_0.generated_date,r2_0.pdf_path,r2_0.request_idr,r2_0.request_title,r2_0.request_type,r2_0.sent_date,r2_0.statistics_data,r2_0.status,r2_0.total_contacts,r1_0.request_type,r1_0.status,r1_0.title,r1_0.updated_at,u1_0.id_user,u1_0.email,u1_0.enabled,u1_0.full_name,u1_0.role,u1_0.username from request r1_0 left join user a1_0 on a1_0.id_user=r1_0.agent_id left join report r2_0 on r2_0.id=r1_0.report_id left join user u1_0 on u1_0.id_user=r1_0.user_id
2026-04-15 16:15:15,389 {yyyy-MM-dd HH:mm:ss} - DEBUG - org.hibernate.SQL - select u1_0.id_user,u1_0.email,u1_0.enabled,u1_0.full_name,u1_0.role,u1_0.username from user u1_0 where u1_0.role='AGENT' 
 Hibernate: select u1_0.id_user,u1_0.email,u1_0.enabled,u1_0.full_name,u1_0.role,u1_0.username from user u1_0 where u1_0.role='AGENT'
2026-04-15 16:15:16,372 {yyyy-MM-dd HH:mm:ss} - DEBUG - org.hibernate.SQL - select r1_0.id,r1_0.ai_generated_date,r1_0.ai_insights_data,r1_0.approved_date,r1_0.contact_rate,r1_0.contacted_contacts,r1_0.generated_date,r1_0.pdf_path,r1_0.request_idr,r1_0.request_title,r1_0.request_type,r1_0.sent_date,r1_0.statistics_data,r1_0.status,r1_0.total_contacts from report r1_0 
 Hibernate: select r1_0.id,r1_0.ai_generated_date,r1_0.ai_insights_data,r1_0.approved_date,r1_0.contact_rate,r1_0.contacted_contacts,r1_0.generated_date,r1_0.pdf_path,r1_0.request_idr,r1_0.request_title,r1_0.request_type,r1_0.sent_date,r1_0.statistics_data,r1_0.status,r1_0.total_contacts from report r1_0
2026-04-15 16:15:19,266 {yyyy-MM-dd HH:mm:ss} - DEBUG - org.hibernate.SQL - select rcs1_0.id,rcs1_0.call_note,rcs1_0.contact_id,rcs1_0.created_at,rcs1_0.last_call_attempt,rcs1_0.request_id,rcs1_0.status,rcs1_0.updated_at from request_contact_status rcs1_0 
 Hibernate: select rcs1_0.id,rcs1_0.call_note,rcs1_0.contact_id,rcs1_0.created_at,rcs1_0.last_call_attempt,rcs1_0.request_id,rcs1_0.status,rcs1_0.updated_at from request_contact_status rcs1_0
2026-04-15 16:15:19,366 {yyyy-MM-dd HH:mm:ss} - DEBUG - org.hibernate.SQL - select u1_0.id_user,u1_0.email,u1_0.enabled,u1_0.full_name,u1_0.role,u1_0.username from user u1_0 where u1_0.username=? 
 Hibernate: select u1_0.id_user,u1_0.email,u1_0.enabled,u1_0.full_name,u1_0.role,u1_0.username from user u1_0 where u1_0.username=?
2026-04-15 16:15:19,647 {yyyy-MM-dd HH:mm:ss} - DEBUG - org.hibernate.SQL - SELECT * FROM logs ORDER BY timestamp DESC LIMIT ? 
 Hibernate: SELECT * FROM logs ORDER BY timestamp DESC LIMIT ?
2026-04-15 16:15:19,777 {yyyy-MM-dd HH:mm:ss} - DEBUG - org.hibernate.SQL - select r1_0.idr,a1_0.id_user,a1_0.email,a1_0.enabled,a1_0.full_name,a1_0.role,a1_0.username,r1_0.attachment_path,r1_0.category_request,r1_0.created_at,r1_0.deadline,r1_0.description,r1_0.note,r1_0.priority,r2_0.id,r2_0.ai_generated_date,r2_0.ai_insights_data,r2_0.approved_date,r2_0.contact_rate,r2_0.contacted_contacts,r2_0.generated_date,r2_0.pdf_path,r2_0.request_idr,r2_0.request_title,r2_0.request_type,r2_0.sent_date,r2_0.statistics_data,r2_0.status,r2_0.total_contacts,r1_0.request_type,r1_0.status,r1_0.title,r1_0.updated_at,u1_0.id_user,u1_0.email,u1_0.enabled,u1_0.full_name,u1_0.role,u1_0.username from request r1_0 left join user a1_0 on a1_0.id_user=r1_0.agent_id left join report r2_0 on r2_0.id=r1_0.report_id left join user u1_0 on u1_0.id_user=r1_0.user_id 
 Hibernate: select r1_0.idr,a1_0.id_user,a1_0.email,a1_0.enabled,a1_0.full_name,a1_0.role,a1_0.username,r1_0.attachment_path,r1_0.category_request,r1_0.created_at,r1_0.deadline,r1_0.description,r1_0.note,r1_0.priority,r2_0.id,r2_0.ai_generated_date,r2_0.ai_insights_data,r2_0.approved_date,r2_0.contact_rate,r2_0.contacted_contacts,r2_0.generated_date,r2_0.pdf_path,r2_0.request_idr,r2_0.request_title,r2_0.request_type,r2_0.sent_date,r2_0.statistics_data,r2_0.status,r2_0.total_contacts,r1_0.request_type,r1_0.status,r1_0.title,r1_0.updated_at,u1_0.id_user,u1_0.email,u1_0.enabled,u1_0.full_name,u1_0.role,u1_0.username from request r1_0 left join user a1_0 on a1_0.id_user=r1_0.agent_id left join report r2_0 on r2_0.id=r1_0.report_id left join user u1_0 on u1_0.id_user=r1_0.user_id
2026-04-15 16:15:19,899 {yyyy-MM-dd HH:mm:ss} - DEBUG - org.hibernate.SQL - select n1_0.id,n1_0.agent_id_user,n1_0.is_read,n1_0.message,n1_0.timestamp,n1_0.type from notification n1_0 left join user a1_0 on a1_0.id_user=n1_0.agent_id_user where a1_0.id_user=? order by n1_0.timestamp desc 
 Hibernate: select n1_0.id,n1_0.agent_id_user,n1_0.is_read,n1_0.message,n1_0.timestamp,n1_0.type from notification n1_0 left join user a1_0 on a1_0.id_user=n1_0.agent_id_user where a1_0.id_user=? order by n1_0.timestamp desc
2026-04-15 16:15:20,065 {yyyy-MM-dd HH:mm:ss} - DEBUG - org.hibernate.SQL - select u1_0.id_user,u1_0.email,u1_0.enabled,u1_0.full_name,u1_0.role,u1_0.username from user u1_0 where u1_0.role='AGENT' 
 Hibernate: select u1_0.id_user,u1_0.email,u1_0.enabled,u1_0.full_name,u1_0.role,u1_0.username from user u1_0 where u1_0.role='AGENT'
2026-04-15 16:15:20,239 {yyyy-MM-dd HH:mm:ss} - DEBUG - org.hibernate.SQL - select r1_0.id,r1_0.ai_generated_date,r1_0.ai_insights_data,r1_0.approved_date,r1_0.contact_rate,r1_0.contacted_contacts,r1_0.generated_date,r1_0.pdf_path,r1_0.request_idr,r1_0.request_title,r1_0.request_type,r1_0.sent_date,r1_0.statistics_data,r1_0.status,r1_0.total_contacts from report r1_0 
 Hibernate: select r1_0.id,r1_0.ai_generated_date,r1_0.ai_insights_data,r1_0.approved_date,r1_0.contact_rate,r1_0.contacted_contacts,r1_0.generated_date,r1_0.pdf_path,r1_0.request_idr,r1_0.request_title,r1_0.request_type,r1_0.sent_date,r1_0.statistics_data,r1_0.status,r1_0.total_contacts from report r1_0
2026-04-15 16:15:20,469 {yyyy-MM-dd HH:mm:ss} - DEBUG - org.hibernate.SQL - select rcs1_0.id,rcs1_0.call_note,rcs1_0.contact_id,rcs1_0.created_at,rcs1_0.last_call_attempt,rcs1_0.request_id,rcs1_0.status,rcs1_0.updated_at from request_contact_status rcs1_0 
 Hibernate: select rcs1_0.id,rcs1_0.call_note,rcs1_0.contact_id,rcs1_0.created_at,rcs1_0.last_call_attempt,rcs1_0.request_id,rcs1_0.status,rcs1_0.updated_at from request_contact_status rcs1_0
2026-04-15 16:15:20,793 {yyyy-MM-dd HH:mm:ss} - DEBUG - org.hibernate.SQL - SELECT * FROM logs ORDER BY timestamp DESC LIMIT ? 
 Hibernate: SELECT * FROM logs ORDER BY timestamp DESC LIMIT ?
2026-04-15 16:15:26,969 {yyyy-MM-dd HH:mm:ss} - DEBUG - org.hibernate.SQL - select r1_0.id,r1_0.ai_generated_date,r1_0.ai_insights_data,r1_0.approved_date,r1_0.contact_rate,r1_0.contacted_contacts,r1_0.generated_date,r1_0.pdf_path,r1_0.request_idr,r1_0.request_title,r1_0.request_type,r1_0.sent_date,r1_0.statistics_data,r1_0.status,r1_0.total_contacts from report r1_0 
 Hibernate: select r1_0.id,r1_0.ai_generated_date,r1_0.ai_insights_data,r1_0.approved_date,r1_0.contact_rate,r1_0.contacted_contacts,r1_0.generated_date,r1_0.pdf_path,r1_0.request_idr,r1_0.request_title,r1_0.request_type,r1_0.sent_date,r1_0.statistics_data,r1_0.status,r1_0.total_contacts from report r1_0
2026-04-15 16:15:27,829 {yyyy-MM-dd HH:mm:ss} - DEBUG - org.hibernate.SQL - select r1_0.idr,a1_0.id_user,a1_0.email,a1_0.enabled,a1_0.full_name,a1_0.role,a1_0.username,r1_0.attachment_path,r1_0.category_request,r1_0.created_at,r1_0.deadline,r1_0.description,r1_0.note,r1_0.priority,r2_0.id,r2_0.ai_generated_date,r2_0.ai_insights_data,r2_0.approved_date,r2_0.contact_rate,r2_0.contacted_contacts,r2_0.generated_date,r2_0.pdf_path,r2_0.request_idr,r2_0.request_title,r2_0.request_type,r2_0.sent_date,r2_0.statistics_data,r2_0.status,r2_0.total_contacts,r1_0.request_type,r1_0.status,r1_0.title,r1_0.updated_at,u1_0.id_user,u1_0.email,u1_0.enabled,u1_0.full_name,u1_0.role,u1_0.username from request r1_0 left join user a1_0 on a1_0.id_user=r1_0.agent_id left join report r2_0 on r2_0.id=r1_0.report_id left join user u1_0 on u1_0.id_user=r1_0.user_id where r1_0.idr in (?,?,?,?,?,?,?,?,?,?,?,?,?,?,?,?,?,?,?,?,?,?,?,?,?,?,?,?,?,?) 
 Hibernate: select r1_0.idr,a1_0.id_user,a1_0.email,a1_0.enabled,a1_0.full_name,a1_0.role,a1_0.username,r1_0.attachment_path,r1_0.category_request,r1_0.created_at,r1_0.deadline,r1_0.description,r1_0.note,r1_0.priority,r2_0.id,r2_0.ai_generated_date,r2_0.ai_insights_data,r2_0.approved_date,r2_0.contact_rate,r2_0.contacted_contacts,r2_0.generated_date,r2_0.pdf_path,r2_0.request_idr,r2_0.request_title,r2_0.request_type,r2_0.sent_date,r2_0.statistics_data,r2_0.status,r2_0.total_contacts,r1_0.request_type,r1_0.status,r1_0.title,r1_0.updated_at,u1_0.id_user,u1_0.email,u1_0.enabled,u1_0.full_name,u1_0.role,u1_0.username from request r1_0 left join user a1_0 on a1_0.id_user=r1_0.agent_id left join report r2_0 on r2_0.id=r1_0.report_id left join user u1_0 on u1_0.id_user=r1_0.user_id where r1_0.idr in (?,?,?,?,?,?,?,?,?,?,?,?,?,?,?,?,?,?,?,?,?,?,?,?,?,?,?,?,?,?)
2026-04-15 16:15:29,229 {yyyy-MM-dd HH:mm:ss} - DEBUG - org.hibernate.SQL - select distinct l1_0.performed_by_user_name from logs l1_0 where l1_0.performed_by_user_name is not null order by l1_0.performed_by_user_name 
 Hibernate: select distinct l1_0.performed_by_user_name from logs l1_0 where l1_0.performed_by_user_name is not null order by l1_0.performed_by_user_name
2026-04-15 16:15:29,229 {yyyy-MM-dd HH:mm:ss} - DEBUG - org.hibernate.SQL - select distinct l1_0.request_id,r1_0.title from logs l1_0 join request r1_0 on r1_0.idr=l1_0.request_id where l1_0.request_id is not null order by l1_0.request_id 
 Hibernate: select distinct l1_0.request_id,r1_0.title from logs l1_0 join request r1_0 on r1_0.idr=l1_0.request_id where l1_0.request_id is not null order by l1_0.request_id
2026-04-15 16:15:29,239 {yyyy-MM-dd HH:mm:ss} - DEBUG - org.hibernate.SQL - select l1_0.id,l1_0.action_description,l1_0.details,l1_0.ip_address,l1_0.log_action,l1_0.new_assigned_agent,l1_0.new_priority,l1_0.new_status,l1_0.old_assigned_agent,l1_0.old_priority,l1_0.old_status,l1_0.performed_by_user_id,l1_0.performed_by_user_name,l1_0.request_id,l1_0.timestamp,l1_0.user_agent from logs l1_0 order by l1_0.timestamp desc limit ?,? 
 Hibernate: select l1_0.id,l1_0.action_description,l1_0.details,l1_0.ip_address,l1_0.log_action,l1_0.new_assigned_agent,l1_0.new_priority,l1_0.new_status,l1_0.old_assigned_agent,l1_0.old_priority,l1_0.old_status,l1_0.performed_by_user_id,l1_0.performed_by_user_name,l1_0.request_id,l1_0.timestamp,l1_0.user_agent from logs l1_0 order by l1_0.timestamp desc limit ?,?
2026-04-15 16:15:29,909 {yyyy-MM-dd HH:mm:ss} - DEBUG - org.hibernate.SQL - select r1_0.idr,a1_0.id_user,a1_0.email,a1_0.enabled,a1_0.full_name,a1_0.role,a1_0.username,r1_0.attachment_path,r1_0.category_request,r1_0.created_at,r1_0.deadline,r1_0.description,r1_0.note,r1_0.priority,r2_0.id,r2_0.ai_generated_date,r2_0.ai_insights_data,r2_0.approved_date,r2_0.contact_rate,r2_0.contacted_contacts,r2_0.generated_date,r2_0.pdf_path,r2_0.request_idr,r2_0.request_title,r2_0.request_type,r2_0.sent_date,r2_0.statistics_data,r2_0.status,r2_0.total_contacts,r1_0.request_type,r1_0.status,r1_0.title,r1_0.updated_at,u1_0.id_user,u1_0.email,u1_0.enabled,u1_0.full_name,u1_0.role,u1_0.username from request r1_0 left join user a1_0 on a1_0.id_user=r1_0.agent_id left join report r2_0 on r2_0.id=r1_0.report_id left join user u1_0 on u1_0.id_user=r1_0.user_id where r1_0.idr in (?,?,?,?,?,?,?,?,?,?,?,?,?,?,?,?,?,?,?,?,?,?,?,?,?,?,?,?,?,?) 
 Hibernate: select r1_0.idr,a1_0.id_user,a1_0.email,a1_0.enabled,a1_0.full_name,a1_0.role,a1_0.username,r1_0.attachment_path,r1_0.category_request,r1_0.created_at,r1_0.deadline,r1_0.description,r1_0.note,r1_0.priority,r2_0.id,r2_0.ai_generated_date,r2_0.ai_insights_data,r2_0.approved_date,r2_0.contact_rate,r2_0.contacted_contacts,r2_0.generated_date,r2_0.pdf_path,r2_0.request_idr,r2_0.request_title,r2_0.request_type,r2_0.sent_date,r2_0.statistics_data,r2_0.status,r2_0.total_contacts,r1_0.request_type,r1_0.status,r1_0.title,r1_0.updated_at,u1_0.id_user,u1_0.email,u1_0.enabled,u1_0.full_name,u1_0.role,u1_0.username from request r1_0 left join user a1_0 on a1_0.id_user=r1_0.agent_id left join report r2_0 on r2_0.id=r1_0.report_id left join user u1_0 on u1_0.id_user=r1_0.user_id where r1_0.idr in (?,?,?,?,?,?,?,?,?,?,?,?,?,?,?,?,?,?,?,?,?,?,?,?,?,?,?,?,?,?)
2026-04-15 16:15:30,149 {yyyy-MM-dd HH:mm:ss} - DEBUG - org.hibernate.SQL - select count(l1_0.id) from logs l1_0 
 Hibernate: select count(l1_0.id) from logs l1_0
2026-04-15 16:15:30,319 {yyyy-MM-dd HH:mm:ss} - DEBUG - org.hibernate.SQL - select l1_0.agent_id,l1_0.id,l1_0.end_date,l1_0.start_date,l1_0.status from agent_leave l1_0 where l1_0.agent_id in (?,?,?,?,?,?,?,?,?,?,?,?,?,?,?,?,?,?,?,?,?,?,?,?,?,?,?,?,?,?) 
 Hibernate: select l1_0.agent_id,l1_0.id,l1_0.end_date,l1_0.start_date,l1_0.status from agent_leave l1_0 where l1_0.agent_id in (?,?,?,?,?,?,?,?,?,?,?,?,?,?,?,?,?,?,?,?,?,?,?,?,?,?,?,?,?,?)
2026-04-15 16:15:30,405 {yyyy-MM-dd HH:mm:ss} - DEBUG - org.hibernate.SQL - select n1_0.agent_id_user,n1_0.id,n1_0.is_read,n1_0.message,n1_0.timestamp,n1_0.type from notification n1_0 where n1_0.agent_id_user in (?,?,?,?,?,?,?,?,?,?,?,?,?,?,?,?,?,?,?,?,?,?,?,?,?,?,?,?,?,?) 
 Hibernate: select n1_0.agent_id_user,n1_0.id,n1_0.is_read,n1_0.message,n1_0.timestamp,n1_0.type from notification n1_0 where n1_0.agent_id_user in (?,?,?,?,?,?,?,?,?,?,?,?,?,?,?,?,?,?,?,?,?,?,?,?,?,?,?,?,?,?)
2026-04-15 16:15:30,449 {yyyy-MM-dd HH:mm:ss} - DEBUG - org.hibernate.SQL - select q1_0.request_idr,q1_1.id,q1_1.question_type,q1_1.text from request_questions q1_0 join question q1_1 on q1_1.id=q1_0.question_id where q1_0.request_idr in (?,?,?,?,?,?,?,?,?,?,?,?,?,?,?,?,?,?,?,?,?,?,?,?,?,?,?,?,?,?) order by q1_0.question_id 
 Hibernate: select q1_0.request_idr,q1_1.id,q1_1.question_type,q1_1.text from request_questions q1_0 join question q1_1 on q1_1.id=q1_0.question_id where q1_0.request_idr in (?,?,?,?,?,?,?,?,?,?,?,?,?,?,?,?,?,?,?,?,?,?,?,?,?,?,?,?,?,?) order by q1_0.question_id
2026-04-15 16:15:30,514 {yyyy-MM-dd HH:mm:ss} - DEBUG - org.hibernate.SQL - select o1_0.question_id,o1_0.options from question_options o1_0 where o1_0.question_id in (?,?,?,?,?,?,?,?,?,?,?,?,?,?,?,?,?,?,?,?,?,?,?,?,?,?,?,?,?,?) 
 Hibernate: select o1_0.question_id,o1_0.options from question_options o1_0 where o1_0.question_id in (?,?,?,?,?,?,?,?,?,?,?,?,?,?,?,?,?,?,?,?,?,?,?,?,?,?,?,?,?,?)
2026-04-15 16:15:57,392 {yyyy-MM-dd HH:mm:ss} - INFO - c.e.callcenter.Service.NotificationService - === SCHEDULED METHOD RUNNING: checkUpcomingCallbacks === 
 2026-04-15 16:15:57,392 {yyyy-MM-dd HH:mm:ss} - INFO - c.e.callcenter.Service.NotificationService - Calling contact-service for upcoming callbacks... 
 Feign: impossible d'obtenir le token Keycloak : 401 Unauthorized: [no body]
2026-04-15 16:15:57,857 {yyyy-MM-dd HH:mm:ss} - INFO - c.e.callcenter.Service.NotificationService - Received 0 upcoming callbacks 
 2026-04-15 16:15:57,857 {yyyy-MM-dd HH:mm:ss} - INFO - c.e.callcenter.Service.NotificationService - No upcoming callbacks found 
 2026-04-15 16:16:57,423 {yyyy-MM-dd HH:mm:ss} - INFO - c.e.callcenter.Service.NotificationService - === SCHEDULED METHOD RUNNING: checkUpcomingCallbacks === 
 2026-04-15 16:16:57,423 {yyyy-MM-dd HH:mm:ss} - INFO - c.e.callcenter.Service.NotificationService - Calling contact-service for upcoming callbacks... 
 Feign: impossible d'obtenir le token Keycloak : 401 Unauthorized: [no body]
2026-04-15 16:16:57,853 {yyyy-MM-dd HH:mm:ss} - INFO - c.e.callcenter.Service.NotificationService - Received 0 upcoming callbacks 
 2026-04-15 16:16:57,853 {yyyy-MM-dd HH:mm:ss} - INFO - c.e.callcenter.Service.NotificationService - No upcoming callbacks found 
 2026-04-15 16:17:57,425 {yyyy-MM-dd HH:mm:ss} - INFO - c.e.callcenter.Service.NotificationService - === SCHEDULED METHOD RUNNING: checkUpcomingCallbacks === 
 2026-04-15 16:17:57,425 {yyyy-MM-dd HH:mm:ss} - INFO - c.e.callcenter.Service.NotificationService - Calling contact-service for upcoming callbacks... 
 Feign: impossible d'obtenir le token Keycloak : 401 Unauthorized: [no body]
2026-04-15 16:17:57,805 {yyyy-MM-dd HH:mm:ss} - INFO - c.e.callcenter.Service.NotificationService - Received 0 upcoming callbacks 
 2026-04-15 16:17:57,805 {yyyy-MM-dd HH:mm:ss} - INFO - c.e.callcenter.Service.NotificationService - No upcoming callbacks found 
 2026-04-15 16:18:56,729 {yyyy-MM-dd HH:mm:ss} - INFO - c.n.d.s.resolver.aws.ConfigClusterResolver - Resolving eureka endpoints via configuration 
 2026-04-15 16:18:57,415 {yyyy-MM-dd HH:mm:ss} - INFO - c.e.callcenter.Service.NotificationService - === SCHEDULED METHOD RUNNING: checkUpcomingCallbacks === 
 2026-04-15 16:18:57,415 {yyyy-MM-dd HH:mm:ss} - INFO - c.e.callcenter.Service.NotificationService - Calling contact-service for upcoming callbacks... 
 2026-04-15 16:18:57,439 {yyyy-MM-dd HH:mm:ss} - INFO - c.e.callcenter.Service.NotificationService - Checking for due callbacks... 
 Feign: impossible d'obtenir le token Keycloak : 401 Unauthorized: [no body]
Feign: impossible d'obtenir le token Keycloak : 401 Unauthorized: [no body]
2026-04-15 16:18:57,698 {yyyy-MM-dd HH:mm:ss} - INFO - c.e.callcenter.Service.NotificationService - Received 0 upcoming callbacks 
 2026-04-15 16:18:57,698 {yyyy-MM-dd HH:mm:ss} - INFO - c.e.callcenter.Service.NotificationService - No upcoming callbacks found 
 2026-04-15 16:19:57,414 {yyyy-MM-dd HH:mm:ss} - INFO - c.e.callcenter.Service.NotificationService - === SCHEDULED METHOD RUNNING: checkUpcomingCallbacks === 
 2026-04-15 16:19:57,414 {yyyy-MM-dd HH:mm:ss} - INFO - c.e.callcenter.Service.NotificationService - Calling contact-service for upcoming callbacks... 
 Feign: impossible d'obtenir le token Keycloak : 401 Unauthorized: [no body]
2026-04-15 16:19:57,758 {yyyy-MM-dd HH:mm:ss} - INFO - c.e.callcenter.Service.NotificationService - Received 0 upcoming callbacks 
 2026-04-15 16:19:57,758 {yyyy-MM-dd HH:mm:ss} - INFO - c.e.callcenter.Service.NotificationService - No upcoming callbacks found 
 2026-04-15 16:20:57,461 {yyyy-MM-dd HH:mm:ss} - INFO - c.e.callcenter.Service.NotificationService - === SCHEDULED METHOD RUNNING: checkUpcomingCallbacks === 
 2026-04-15 16:20:57,461 {yyyy-MM-dd HH:mm:ss} - INFO - c.e.callcenter.Service.NotificationService - Calling contact-service for upcoming callbacks... 
 Feign: impossible d'obtenir le token Keycloak : 401 Unauthorized: [no body]
2026-04-15 16:20:57,760 {yyyy-MM-dd HH:mm:ss} - INFO - c.e.callcenter.Service.NotificationService - Received 0 upcoming callbacks 
 2026-04-15 16:20:57,761 {yyyy-MM-dd HH:mm:ss} - INFO - c.e.callcenter.Service.NotificationService - No upcoming callbacks found 
 2026-04-15 16:21:58,441 {yyyy-MM-dd HH:mm:ss} - INFO - c.e.callcenter.Service.NotificationService - === SCHEDULED METHOD RUNNING: checkUpcomingCallbacks === 
 2026-04-15 16:21:58,442 {yyyy-MM-dd HH:mm:ss} - INFO - c.e.callcenter.Service.NotificationService - Calling contact-service for upcoming callbacks... 
 Feign: impossible d'obtenir le token Keycloak : 401 Unauthorized: [no body]
2026-04-15 16:22:02,598 {yyyy-MM-dd HH:mm:ss} - INFO - c.e.callcenter.Service.NotificationService - Received 0 upcoming callbacks 
 2026-04-15 16:22:02,598 {yyyy-MM-dd HH:mm:ss} - INFO - c.e.callcenter.Service.NotificationService - No upcoming callbacks found 
 2026-04-15 16:22:57,388 {yyyy-MM-dd HH:mm:ss} - INFO - c.e.callcenter.Service.NotificationService - === SCHEDULED METHOD RUNNING: checkUpcomingCallbacks === 
 2026-04-15 16:22:57,388 {yyyy-MM-dd HH:mm:ss} - INFO - c.e.callcenter.Service.NotificationService - Calling contact-service for upcoming callbacks... 
 Feign: impossible d'obtenir le token Keycloak : 401 Unauthorized: [no body]
2026-04-15 16:22:57,848 {yyyy-MM-dd HH:mm:ss} - INFO - c.e.callcenter.Service.NotificationService - Received 0 upcoming callbacks 
 2026-04-15 16:22:57,848 {yyyy-MM-dd HH:mm:ss} - INFO - c.e.callcenter.Service.NotificationService - No upcoming callbacks found 
 2026-04-15 16:23:56,733 {yyyy-MM-dd HH:mm:ss} - INFO - c.n.d.s.resolver.aws.ConfigClusterResolver - Resolving eureka endpoints via configuration 
 2026-04-15 16:23:57,468 {yyyy-MM-dd HH:mm:ss} - INFO - c.e.callcenter.Service.NotificationService - Checking for due callbacks... 
 2026-04-15 16:23:57,498 {yyyy-MM-dd HH:mm:ss} - INFO - c.e.callcenter.Service.NotificationService - === SCHEDULED METHOD RUNNING: checkUpcomingCallbacks === 
 2026-04-15 16:23:57,498 {yyyy-MM-dd HH:mm:ss} - INFO - c.e.callcenter.Service.NotificationService - Calling contact-service for upcoming callbacks... 
 Feign: impossible d'obtenir le token Keycloak : 401 Unauthorized: [no body]
Feign: impossible d'obtenir le token Keycloak : 401 Unauthorized: [no body]
2026-04-15 16:23:57,820 {yyyy-MM-dd HH:mm:ss} - INFO - c.e.callcenter.Service.NotificationService - Received 0 upcoming callbacks 
 2026-04-15 16:23:57,820 {yyyy-MM-dd HH:mm:ss} - INFO - c.e.callcenter.Service.NotificationService - No upcoming callbacks found 
 2026-04-15 16:24:57,431 {yyyy-MM-dd HH:mm:ss} - INFO - c.e.callcenter.Service.NotificationService - === SCHEDULED METHOD RUNNING: checkUpcomingCallbacks === 
 2026-04-15 16:24:57,431 {yyyy-MM-dd HH:mm:ss} - INFO - c.e.callcenter.Service.NotificationService - Calling contact-service for upcoming callbacks... 
 Feign: impossible d'obtenir le token Keycloak : 401 Unauthorized: [no body]
2026-04-15 16:24:58,135 {yyyy-MM-dd HH:mm:ss} - INFO - c.e.callcenter.Service.NotificationService - Received 0 upcoming callbacks 
 2026-04-15 16:24:58,135 {yyyy-MM-dd HH:mm:ss} - INFO - c.e.callcenter.Service.NotificationService - No upcoming callbacks found 
 2026-04-15 16:25:57,563 {yyyy-MM-dd HH:mm:ss} - INFO - c.e.callcenter.Service.NotificationService - === SCHEDULED METHOD RUNNING: checkUpcomingCallbacks === 
 2026-04-15 16:25:57,563 {yyyy-MM-dd HH:mm:ss} - INFO - c.e.callcenter.Service.NotificationService - Calling contact-service for upcoming callbacks... 
 Feign: impossible d'obtenir le token Keycloak : 401 Unauthorized: [no body]
2026-04-15 16:25:57,883 {yyyy-MM-dd HH:mm:ss} - INFO - c.e.callcenter.Service.NotificationService - Received 0 upcoming callbacks 
 2026-04-15 16:25:57,883 {yyyy-MM-dd HH:mm:ss} - INFO - c.e.callcenter.Service.NotificationService - No upcoming callbacks found 
 2026-04-15 16:26:57,501 {yyyy-MM-dd HH:mm:ss} - INFO - c.e.callcenter.Service.NotificationService - === SCHEDULED METHOD RUNNING: checkUpcomingCallbacks === 
 2026-04-15 16:26:57,501 {yyyy-MM-dd HH:mm:ss} - INFO - c.e.callcenter.Service.NotificationService - Calling contact-service for upcoming callbacks... 
 Feign: impossible d'obtenir le token Keycloak : 401 Unauthorized: [no body]
2026-04-15 16:26:58,455 {yyyy-MM-dd HH:mm:ss} - INFO - c.e.callcenter.Service.NotificationService - Received 0 upcoming callbacks 
 2026-04-15 16:26:58,455 {yyyy-MM-dd HH:mm:ss} - INFO - c.e.callcenter.Service.NotificationService - No upcoming callbacks found 
 [INFO] ------------------------------------------------------------------------
[INFO] BUILD FAILURE
[INFO] ------------------------------------------------------------------------
[INFO] Total time:  49:20 min
[INFO] Finished at: 2026-04-15T16:27:15+02:00
[INFO] ------------------------------------------------------------------------
[ERROR] Failed to execute goal org.springframework.boot:spring-boot-maven-plugin:3.2.3:run (default-cli) on project callcenter: Process terminated with exit code: -1 -> [Help 1]
[ERROR] 
[ERROR] To see the full stack trace of the errors, re-run Maven with the -e switch.
[ERROR] Re-run Maven using the -X switch to enable full debug logging.
[ERROR] 
[ERROR] For more information about the errors and possible solutions, please read the following articles:
[ERROR] [Help 1] http://cwiki.apache.org/confluence/display/MAVEN/MojoExecutionException
